{
    "accessToken": "AJIO_ACCESS_123",
    "cartCheckSum": "65f00f0ec88b0131b6352bad0d3c745d",
    "cartRequest": {
        "baseRequest": {
            "cartId": "FLA0000012021",
            "channelInfo": {
                "appType": "IOS",
                "appVersion": "6.7.6",
                "channelType": "APP",
                "deviceId": "E20D6A59-3254-4170-AB2A-56569B8AA7A5",
                "nthOrderOnChannel": "0",
                "osType": "IOS",
                "osVersion": "12.1",
                "sessionId": ""
            },
            "consumerType": "STOREFRONT",
            "pageType": "",
            "tenantId": "AJIO",
            "userInfo": {
                "email": "savitha.rudramuni@ril.com",
                "phoneNumber": "98877637374",
                "profileName": "savitha.rudramuni@ril.com",
                "userId": "fa578133-58ec-4e46-8197-fe273d54d87f"
            }
        },
        "cartId": "FLA0000012021",
        "cartItemRequests": [
            {
                "brand": "Women",
                "brick": "Shirts, Tops & Tshir",
                "catalogId": "rilfnlProductCatalog",
                "category": "Women",
                "name": "Gini & Jony - 01230",
                "price": 0.19949999999998907,
                "quantity": 5,
                "skuId": "440632159002",
                "subCategory": "Maternity",
                "thumbnailImgUrl": "https://assets-uat.ajio.ril.com/medias/sys_master/root/hf6/hce/8814749843486/-288Wx360H-440632159-brown-OUTFIT.jpg"
            }
        ],
        "orderType": "SALES_ORDER"
    },
    "cashOnDeliveryInformation": {
        "isEligible": true,
        "reason": ""
    },
    "customer": {
        "email": "savitha.rudramuni@ril.com",
        "firstName": "savitha.rudramuni@ril.com",
        "lastName": "savitha.rudramuni@ril.com",
        "mobile": "98877637374",
        "uuid": "fa578133-58ec-4e46-8197-fe273d54d87f"
    },
    "order": {
        "amount": "2.0",
        "orderId": "FLA0000012021"
    },
    "orderSummary": {
        "additionalTax": 0.0,
        "couponDiscount": 1994.0025,
        "discount": 1994.0,
        "giftWrapCharges": 0.0,
        "orderTotal": 2.0,
        "shippingCharges": 1.0
    },
    "paymentChannelInformation": {
        "appType": "IOS",
        "paymentChannel": "APP"
    },
    "requestChecksum": "532385882BC4B8EF16F0D86B2BA0C3C47F799481ACE995CE64AE4CED0AFBE3DD",
    "tenant": {
        "callbackUrl": "NA",
        "code": "AJIO",
        "tncUrl": "https://uat.services.ajio.com/help/termsAndCondition"
    },
    "tenantTransactionId": "PYA000010234",
    "transactionToken": "tx_tk_51ccd3f2-b1d1-11e9-806c-91f59c840158"
}
