{
    "order": {
        "orderId": "FL0000830001",
        "amount": "200"
    },
    "tenant": {
        "code": "AJIO"
    },
    "customer": {
        "uuid": "fa578133-58ec-4e46-8197-fe273d54d87f",
        "email": "savitha.rudramuni@ril.com",
        "mobile": "9620999047"
    },
    "paymentChannelInformation": {
        "paymentChannel": "WEB",
        "appType": null
    },
    "banner": {},
    "offers": {},
    "cartRequest": {
        "baseRequest": {
            "userInfo": {
                "userId": "fa578133-58ec-4e46-8197-fe273d54d87f",
                "email": "savitha.rudramuni@ril.com",
                "phoneNumber": "9620999047",
                "profileName": "Savitha"
            },
            "channelInfo": {
                "channelType": "APP",
                "appType": "IOS",
                "deviceId": null,
                "appVersion": null,
                "osVersion": null,
                "osType": "WINDOW",
                "sessionId": null,
                "nthOrderOnChannel": 0
            },
            "tenantId": "AJIO"
        },
        "cartItemRequests": [{
            "name": "LEVIS T-SHIRT",
            "skuId": "ITMLEVIS001",
            "catalogId": "CATALOG001",
            "category": "MEN",
            "subCategory": "MEN",
            "brick": "BRICK001",
            "brand": "Levis",
            "season": "WINTER",
            "price": 1531,
            "quantity": 2,
            "thumbnailImgUrl": "http://www.ajio.com/img/levis-itm-1.jpg"
        }],
        "isCodOrder": false,
        "orderType": "SALES_ORDER",
        "cartId": "ORD006278111111"
    }
}
