{
    "storedPaymentInstruments": {
        "SAVED_CARD": [
            {
                "type": "CARD",
                "paymentInstrumentId": "1",
                "tenant": null,
                "customer": null,
                "nameOnCard": "test test",
                "cardNumber": "xxxx-xxxx-xxxx-1111",
                "expiryYear": "2029",
                "expiryMonth": "12",
                "cvv": "",
                "iconUrl": "https://www.google.com/url?sa=i&source=images&cd=&ved=2ahUKEwi11qOMyK7iAhWCT30KHWehAmoQjRx6BAgBEAU&url=https%3A%2F%2Fwww.americanexpress.com%2Fin%2Fcredit-cards%2Fall-cards%2F&psig=AOvVaw3ZnW7TOXUoPpBD6Y-p_eGN&ust=1558594752999987",
                "cardType": null,
                "cardProvider": "visa",
                "saveCard": true
            }
        ],
        "SAVED_UPI": [
            {
                "type": "UPI",
                "paymentInstrumentId": "2",
                "tenant": null,
                "customer": null,
                "vpa": "abc@okicici",
                "iconURL": null,
                "saveUPI": "true"
            }
        ]
    },
    "notes": {},
    "error": null,
    "message": null
}
