{

"fingerprint":"NDM$0",

"resource": {
  "version":"43",
  
  "macros":[{
      "function":"__e",
      "instance_name":"Event Name"
    },{
      "function":"__md",
      "instance_name":"userId",
      "vtp_setDefaultValue":false,
      "vtp_eventType":"CUSTOM",
      "vtp_key":"userId"
    },{
      "function":"__md",
      "instance_name":"paymentType",
      "vtp_setDefaultValue":false,
      "vtp_eventType":"CUSTOM",
      "vtp_key":"paymentType"
    },{
      "function":"__gas",
      "instance_name":"TrackID",
      "vtp_collectAdid":false,
      "vtp_trackingId":"UA-68002030-5",
      "vtp_enableRecaptchaOption":false,
      "vtp_enableUaRlsa":false,
      "vtp_enableUseInternalVersion":false,
      "vtp_enableGA4Schema":false,
      "vtp_enableFirebaseEcommerce":false
    },{
      "function":"__md",
      "instance_name":"tvc_screenname_ep",
      "vtp_setDefaultValue":true,
      "vtp_defaultValue":"Not Applicable",
      "vtp_eventType":"CUSTOM",
      "vtp_key":"screenname"
    },{
      "function":"__md",
      "instance_name":"tvc_userId_ep",
      "vtp_setDefaultValue":false,
      "vtp_eventType":"CUSTOM",
      "vtp_key":"userId"
    },{
      "function":"__md",
      "instance_name":"tvc_Client_ID_ep",
      "vtp_setDefaultValue":true,
      "vtp_defaultValue":"Not Applicable",
      "vtp_eventType":"CUSTOM",
      "vtp_key":"Client_ID"
    },{
      "function":"__md",
      "instance_name":"tvc_Time_of_the_day_ep",
      "vtp_setDefaultValue":true,
      "vtp_defaultValue":"Not Applicable",
      "vtp_eventType":"CUSTOM",
      "vtp_key":"Time_of_the_day"
    },{
      "function":"__md",
      "instance_name":"tvc_User_Status_ep",
      "vtp_setDefaultValue":true,
      "vtp_defaultValue":"Not Applicable",
      "vtp_eventType":"CUSTOM",
      "vtp_key":"User_Status"
    },{
      "function":"__cid",
      "instance_name":"Container ID"
    },{
      "function":"__ctv",
      "instance_name":"Container Version"
    },{
      "function":"__gas",
      "instance_name":"tvc_iOS_GAS",
      "vtp_fieldsToSet":["list",["map","fieldName","screenName","value",["macro",4]]],
      "vtp_collectAdid":false,
      "vtp_dimension":["list",["map","index","5","dimension",["macro",5]],["map","index","15","dimension",["macro",6]],["map","index","16","dimension",["macro",7]],["map","index","17","dimension",["macro",8]],["map","index","30","dimension",["template",["macro",9]," -- ",["macro",10]]]],
      "vtp_trackingId":"UA-68002030-5",
      "vtp_enableRecaptchaOption":false,
      "vtp_enableUaRlsa":false,
      "vtp_enableUseInternalVersion":false,
      "vtp_enableGA4Schema":false,
      "vtp_enableFirebaseEcommerce":false
    },{
      "function":"__md",
      "instance_name":"tvc_event_action_ep",
      "vtp_setDefaultValue":true,
      "vtp_defaultValue":"Not Applicable",
      "vtp_eventType":"CUSTOM",
      "vtp_key":"event_action"
    },{
      "function":"__md",
      "instance_name":"tvc_event_label_ep",
      "vtp_setDefaultValue":true,
      "vtp_defaultValue":"Not Applicable",
      "vtp_eventType":"CUSTOM",
      "vtp_key":"event_label"
    },{
      "function":"__md",
      "instance_name":"tvc_statusCode_ep",
      "vtp_setDefaultValue":true,
      "vtp_defaultValue":"Not Applicable",
      "vtp_eventType":"CUSTOM",
      "vtp_key":"statusCode"
    },{
      "function":"__md",
      "instance_name":"tvc_BannerImpressionCount_CM_ep",
      "vtp_setDefaultValue":true,
      "vtp_defaultValue":"0",
      "vtp_eventType":"CUSTOM",
      "vtp_key":"BannerImpressionCount"
    },{
      "function":"__md",
      "instance_name":"tvc_Coupon_Available_CM_ep",
      "vtp_setDefaultValue":true,
      "vtp_defaultValue":"0",
      "vtp_eventType":"CUSTOM",
      "vtp_key":"Coupon_Available_CM"
    },{
      "function":"__md",
      "instance_name":"tvc_Coupon_Applicable_CM_ep",
      "vtp_setDefaultValue":true,
      "vtp_defaultValue":"0",
      "vtp_eventType":"CUSTOM",
      "vtp_key":"Coupon_Applicable_CM"
    },{
      "function":"__md",
      "instance_name":"tvc_BannerClicked_CM_ep",
      "vtp_setDefaultValue":true,
      "vtp_defaultValue":"0",
      "vtp_eventType":"CUSTOM",
      "vtp_key":"BannerClicked"
    },{
      "function":"__md",
      "instance_name":"tvc_Withdrawal_Money_ep",
      "vtp_setDefaultValue":false,
      "vtp_eventType":"CUSTOM",
      "vtp_key":"Withdrawal_Money"
    },{
      "function":"__md",
      "instance_name":"tvc_Logged_In_Status_ep",
      "vtp_setDefaultValue":true,
      "vtp_defaultValue":"Not Applicable",
      "vtp_eventType":"CUSTOM",
      "vtp_key":"Logged_In_Status"
    },{
      "function":"__md",
      "instance_name":"tvc_Product_Segment_ep",
      "vtp_setDefaultValue":true,
      "vtp_defaultValue":"Not Applicable",
      "vtp_eventType":"CUSTOM",
      "vtp_key":"Product_Segment"
    },{
      "function":"__md",
      "instance_name":"tvc_Product_Portfolio_ep",
      "vtp_setDefaultValue":true,
      "vtp_defaultValue":"Not Applicable",
      "vtp_eventType":"CUSTOM",
      "vtp_key":"Product_Portfolio"
    },{
      "function":"__md",
      "instance_name":"tvc_Product_Vertical_ep",
      "vtp_setDefaultValue":true,
      "vtp_defaultValue":"Not Applicable",
      "vtp_eventType":"CUSTOM",
      "vtp_key":"Product_Vertical"
    },{
      "function":"__md",
      "instance_name":"tvc_Product_Brick_ep",
      "vtp_setDefaultValue":true,
      "vtp_defaultValue":"Not Applicable",
      "vtp_eventType":"CUSTOM",
      "vtp_key":"Product_Brick"
    },{
      "function":"__md",
      "instance_name":"tvc_outofstock_ep",
      "vtp_setDefaultValue":true,
      "vtp_defaultValue":"Not Applicable",
      "vtp_eventType":"CUSTOM",
      "vtp_key":"outofstock"
    },{
      "function":"__md",
      "instance_name":"tvc_Coupon_Available_ep",
      "vtp_setDefaultValue":true,
      "vtp_defaultValue":"Not Applicable",
      "vtp_eventType":"CUSTOM",
      "vtp_key":"Coupon_Available"
    },{
      "function":"__md",
      "instance_name":"tvc_Coupon_Applicable_ep",
      "vtp_setDefaultValue":true,
      "vtp_defaultValue":"Not Applicable",
      "vtp_eventType":"CUSTOM",
      "vtp_key":"Coupon_Applicable"
    },{
      "function":"__md",
      "instance_name":"tvc_Coupon_Applied_ep",
      "vtp_setDefaultValue":true,
      "vtp_defaultValue":"Not Applicable",
      "vtp_eventType":"CUSTOM",
      "vtp_key":"Coupon_Applied"
    },{
      "function":"__md",
      "instance_name":"tvc_User_Ever_Purchased_ep",
      "vtp_setDefaultValue":true,
      "vtp_defaultValue":"Not Applicable",
      "vtp_eventType":"CUSTOM",
      "vtp_key":"User_Ever_Purchased"
    },{
      "function":"__md",
      "instance_name":"tvc_Discount_Received_ep",
      "vtp_setDefaultValue":true,
      "vtp_defaultValue":"Not Applicable",
      "vtp_eventType":"CUSTOM",
      "vtp_key":"Discount_Received"
    },{
      "function":"__md",
      "instance_name":"tvc_productName_ep",
      "vtp_setDefaultValue":true,
      "vtp_defaultValue":"Not Applicable",
      "vtp_eventType":"CUSTOM",
      "vtp_key":"productName"
    },{
      "function":"__md",
      "instance_name":"tvc_page_type_ep",
      "vtp_setDefaultValue":false,
      "vtp_eventType":"CUSTOM",
      "vtp_key":"page_type"
    },{
      "function":"__md",
      "instance_name":"tvc_store_type_ep",
      "vtp_setDefaultValue":false,
      "vtp_eventType":"CUSTOM",
      "vtp_key":"store_type"
    },{
      "function":"__md",
      "instance_name":"tvc_rone_ep",
      "vtp_setDefaultValue":false,
      "vtp_eventType":"CUSTOM",
      "vtp_key":"rone"
    },{
      "function":"__md",
      "instance_name":"tvc_ajio_wallet_ep",
      "vtp_setDefaultValue":false,
      "vtp_eventType":"CUSTOM",
      "vtp_key":"ajio_wallet"
    },{
      "function":"__md",
      "instance_name":"tvc_AJIO_Referral_ep",
      "vtp_setDefaultValue":false,
      "vtp_eventType":"CUSTOM",
      "vtp_key":"AJIO_Referral"
    },{
      "function":"__md",
      "instance_name":"tvc_Banner_PLP_Option_ep",
      "vtp_setDefaultValue":false,
      "vtp_eventType":"CUSTOM",
      "vtp_key":"Banner_PLP_Option"
    },{
      "function":"__md",
      "instance_name":"tvc_SearchTerm_CM_ep",
      "vtp_setDefaultValue":true,
      "vtp_defaultValue":"0",
      "vtp_eventType":"CUSTOM",
      "vtp_key":"SearchTerm_CM"
    },{
      "function":"__md",
      "instance_name":"tvc_Autosuggestion_CM_ep",
      "vtp_setDefaultValue":true,
      "vtp_defaultValue":"0",
      "vtp_eventType":"CUSTOM",
      "vtp_key":"Autosuggestion_CM"
    },{
      "function":"__md",
      "instance_name":"tvc_Zerosearchresult_ep",
      "vtp_setDefaultValue":true,
      "vtp_defaultValue":"Not Applicable",
      "vtp_eventType":"CUSTOM",
      "vtp_key":"Zerosearchresult"
    },{
      "function":"__md",
      "instance_name":"tvc_SearchTerm_ep",
      "vtp_setDefaultValue":true,
      "vtp_defaultValue":"Not Applicable",
      "vtp_eventType":"CUSTOM",
      "vtp_key":"SearchTerm"
    },{
      "function":"__md",
      "instance_name":"tvc_ajio_wallet_cm_ep",
      "vtp_setDefaultValue":false,
      "vtp_eventType":"CUSTOM",
      "vtp_key":"ajio_wallet_cm"
    },{
      "function":"__md",
      "instance_name":"tvc_Rone_cm_ep",
      "vtp_setDefaultValue":false,
      "vtp_eventType":"CUSTOM",
      "vtp_key":"Rone_cm"
    },{
      "function":"__md",
      "instance_name":"tvc_BannerImpression_ep",
      "vtp_setDefaultValue":true,
      "vtp_defaultValue":"Not Applicable",
      "vtp_eventType":"CUSTOM",
      "vtp_key":"BannerImpression"
    },{
      "function":"__md",
      "instance_name":"tvc_product_id_ep",
      "vtp_setDefaultValue":false,
      "vtp_eventType":"CUSTOM",
      "vtp_key":"product_id"
    },{
      "function":"__md",
      "instance_name":"tvc_out_of_stock_sizes_ep",
      "vtp_setDefaultValue":false,
      "vtp_eventType":"CUSTOM",
      "vtp_key":"out_of_stock_sizes"
    },{
      "function":"__md",
      "instance_name":"tvc_out_of_stock_colors_ep",
      "vtp_setDefaultValue":false,
      "vtp_eventType":"CUSTOM",
      "vtp_key":"out_of_stock_colors"
    },{
      "function":"__md",
      "instance_name":"tvc_Rone_ep",
      "vtp_setDefaultValue":false,
      "vtp_eventType":"CUSTOM",
      "vtp_key":"Rone"
    },{
      "function":"__md",
      "instance_name":"tvc_Item_Count_CM_ep",
      "vtp_setDefaultValue":true,
      "vtp_defaultValue":"0",
      "vtp_eventType":"CUSTOM",
      "vtp_key":"Item_Count"
    },{
      "function":"__md",
      "instance_name":"tvc_Discount_Bucket_CM_ep",
      "vtp_setDefaultValue":true,
      "vtp_defaultValue":"0",
      "vtp_eventType":"CUSTOM",
      "vtp_key":"Discount_Bucket_CM"
    },{
      "function":"__md",
      "instance_name":"tvc_Final_Amount_CM_ep",
      "vtp_setDefaultValue":false,
      "vtp_eventType":"CUSTOM",
      "vtp_key":"Final_Amount_CM"
    },{
      "function":"__md",
      "instance_name":"tvc_CouponAppliedstatus_ep",
      "vtp_setDefaultValue":true,
      "vtp_defaultValue":"Not Applicable",
      "vtp_eventType":"CUSTOM",
      "vtp_key":"CouponAppliedstatus"
    },{
      "function":"__md",
      "instance_name":"tvc_itemCount_ep",
      "vtp_setDefaultValue":true,
      "vtp_defaultValue":"Not Applicable",
      "vtp_eventType":"CUSTOM",
      "vtp_key":"ItemCount"
    },{
      "function":"__md",
      "instance_name":"tvc_event_value_ep",
      "vtp_setDefaultValue":true,
      "vtp_defaultValue":"0",
      "vtp_eventType":"CUSTOM",
      "vtp_key":"event_value"
    },{
      "function":"__md",
      "instance_name":"tvc_VideoPaused_CM_ep",
      "vtp_setDefaultValue":true,
      "vtp_defaultValue":"0",
      "vtp_eventType":"CUSTOM",
      "vtp_key":"VideoPaused"
    },{
      "function":"__md",
      "instance_name":"tvc_User_Type_ep",
      "vtp_setDefaultValue":false,
      "vtp_eventType":"CUSTOM",
      "vtp_key":"User_Type"
    },{
      "function":"__md",
      "instance_name":"tvc_UID_ep",
      "vtp_setDefaultValue":false,
      "vtp_eventType":"CUSTOM",
      "vtp_key":"UID"
    },{
      "function":"__md",
      "instance_name":"tvc_User_ID_ep",
      "vtp_setDefaultValue":false,
      "vtp_eventType":"CUSTOM",
      "vtp_key":"User_ID"
    },{
      "function":"__md",
      "instance_name":"tvc_firebase_experiment_ep",
      "vtp_setDefaultValue":false,
      "vtp_eventType":"CUSTOM",
      "vtp_key":"firebase_experiment"
    },{
      "function":"__md",
      "instance_name":"Firebase_experiment_ep_2",
      "vtp_setDefaultValue":false,
      "vtp_eventType":"CUSTOM",
      "vtp_key":"firebase_experiment_2"
    },{
      "function":"__md",
      "instance_name":"tvc_ROne_ep",
      "vtp_setDefaultValue":false,
      "vtp_eventType":"CUSTOM",
      "vtp_key":"ROne"
    },{
      "function":"__md",
      "instance_name":"tvc_Step_Number_ep",
      "vtp_setDefaultValue":false,
      "vtp_eventType":"CUSTOM",
      "vtp_key":"Step_Number"
    },{
      "function":"__md",
      "instance_name":"PDP standard_size_guide",
      "vtp_setDefaultValue":false,
      "vtp_eventType":"CUSTOM",
      "vtp_key":"standard_size_guide"
    },{
      "function":"__md",
      "instance_name":"Firebase_experiment_ep_3",
      "vtp_setDefaultValue":false,
      "vtp_eventType":"CUSTOM",
      "vtp_key":"firebase_experiment_3"
    },{
      "function":"__md",
      "instance_name":"Firebase_experiment_ep_4",
      "vtp_setDefaultValue":false,
      "vtp_eventType":"CUSTOM",
      "vtp_key":"firebase_experiment_4"
    },{
      "function":"__md",
      "instance_name":"Firebase_experiment_ep_5",
      "vtp_setDefaultValue":false,
      "vtp_eventType":"CUSTOM",
      "vtp_key":"firebase_experiment_5"
    },{
      "function":"__md",
      "instance_name":"tvc_promotions_EP",
      "vtp_setDefaultValue":true,
      "vtp_defaultValue":"undefined",
      "vtp_eventType":"CUSTOM",
      "vtp_key":"promotions"
    },{
      "function":"__md",
      "instance_name":"tvc_EEimpression_EE",
      "vtp_setDefaultValue":false,
      "vtp_checkEcommerceValue":true,
      "vtp_viewItemParam":"item_list",
      "vtp_suggestedEvent":"view_item",
      "vtp_eventType":"SUGGESTED"
    },{
      "function":"__md",
      "instance_name":"tvc_EE_checkout_step_EP",
      "vtp_setDefaultValue":false,
      "vtp_allEventParam":"checkout_step",
      "vtp_checkEcommerceValue":true,
      "vtp_suggestedEvent":"All Events",
      "vtp_eventType":"SUGGESTED"
    },{
      "function":"__md",
      "instance_name":"tvc_Method_of_Payment_ep",
      "vtp_setDefaultValue":false,
      "vtp_eventType":"CUSTOM",
      "vtp_key":"Method_of_Payment"
    },{
      "function":"__md",
      "instance_name":"tvc_Form_Variant_Type_ep",
      "vtp_setDefaultValue":false,
      "vtp_eventType":"CUSTOM",
      "vtp_key":"Form_Variant_Type"
    },{
      "function":"__md",
      "instance_name":"tvc_couponAvailable_ep",
      "vtp_setDefaultValue":true,
      "vtp_defaultValue":"Not Applicable",
      "vtp_eventType":"CUSTOM",
      "vtp_key":"couponAvailable"
    },{
      "function":"__md",
      "instance_name":"tvc_couponApplicable_ep",
      "vtp_setDefaultValue":true,
      "vtp_defaultValue":"Not Applicable",
      "vtp_eventType":"CUSTOM",
      "vtp_key":"couponApplicable"
    },{
      "function":"__e",
      "instance_name":"_event"
    },{
      "function":"__md",
      "instance_name":"Campaign Source",
      "vtp_eventType":"SUGGESTED",
      "vtp_suggestedEvent":"firebase_campaign",
      "vtp_firebaseCampaignParam":"source"
    },{
      "function":"__md",
      "instance_name":"Campaign Medium",
      "vtp_setDefaultValue":false,
      "vtp_eventType":"CUSTOM",
      "vtp_key":"medium"
    },{
      "function":"__md",
      "instance_name":"Campaign Name",
      "vtp_eventType":"SUGGESTED",
      "vtp_suggestedEvent":"firebase_campaign",
      "vtp_firebaseCampaignParam":"campaign"
    },{
      "function":"__md",
      "instance_name":"Campaign Search Term",
      "vtp_eventType":"SUGGESTED",
      "vtp_suggestedEvent":"firebase_campaign",
      "vtp_firebaseCampaignParam":"term"
    },{
      "function":"__md",
      "instance_name":"Campaign Content",
      "vtp_eventType":"SUGGESTED",
      "vtp_suggestedEvent":"firebase_campaign",
      "vtp_firebaseCampaignParam":"content"
    },{
      "function":"__md",
      "instance_name":"Google Click ID (gclid)",
      "vtp_eventType":"SUGGESTED",
      "vtp_suggestedEvent":"firebase_campaign",
      "vtp_firebaseCampaignParam":"gclid"
    },{
      "function":"__md",
      "instance_name":"Action",
      "vtp_setDefaultValue":true,
      "vtp_defaultValue":"Unknown",
      "vtp_eventType":"CUSTOM",
      "vtp_key":"action"
    },{
      "function":"__md",
      "instance_name":"Name",
      "vtp_setDefaultValue":true,
      "vtp_defaultValue":"Unknown",
      "vtp_eventType":"CUSTOM",
      "vtp_key":"name"
    },{
      "function":"__md",
      "instance_name":"Screen Name",
      "vtp_setDefaultValue":true,
      "vtp_defaultValue":"unknown screen",
      "vtp_eventType":"CUSTOM",
      "vtp_key":"screenName"
    },{
      "function":"__c",
      "instance_name":"Tracking ID",
      "vtp_value":"UA-68002030-5"
    },{
      "function":"__md",
      "instance_name":"serviceURL",
      "vtp_setDefaultValue":false,
      "vtp_eventType":"CUSTOM",
      "vtp_key":"serviceURL"
    },{
      "function":"__md",
      "instance_name":"error",
      "vtp_setDefaultValue":false,
      "vtp_eventType":"CUSTOM",
      "vtp_key":"error"
    },{
      "function":"__md",
      "instance_name":"statusCode",
      "vtp_setDefaultValue":false,
      "vtp_eventType":"CUSTOM",
      "vtp_key":"statusCode"
    },{
      "function":"__md",
      "instance_name":"tvc_Autosuggestion_ep",
      "vtp_setDefaultValue":true,
      "vtp_defaultValue":"Not Applicable",
      "vtp_eventType":"CUSTOM",
      "vtp_key":"Autosuggestion"
    },{
      "function":"__md",
      "instance_name":"tvc_product_ids_ep",
      "vtp_setDefaultValue":false,
      "vtp_eventType":"CUSTOM",
      "vtp_key":"product_ids"
    },{
      "function":"__md",
      "instance_name":"tvc_page_number_ep",
      "vtp_setDefaultValue":false,
      "vtp_eventType":"CUSTOM",
      "vtp_key":"page_number"
    },{
      "function":"__md",
      "instance_name":"tvc_number_of_products_CM_ep",
      "vtp_setDefaultValue":true,
      "vtp_defaultValue":"0",
      "vtp_eventType":"CUSTOM",
      "vtp_key":"number_of_products"
    },{
      "function":"__md",
      "instance_name":"tvc_scroll_number_ep",
      "vtp_setDefaultValue":false,
      "vtp_eventType":"CUSTOM",
      "vtp_key":"scroll_number"
    },{
      "function":"__md",
      "instance_name":"Event Category",
      "vtp_setDefaultValue":false,
      "vtp_eventType":"CUSTOM",
      "vtp_key":"event_category"
    },{
      "function":"__ai",
      "instance_name":"App ID"
    },{
      "function":"__an",
      "instance_name":"App Name"
    },{
      "function":"__av",
      "instance_name":"App Version Code"
    },{
      "function":"__md",
      "instance_name":"Click ID (aclid)",
      "vtp_eventType":"SUGGESTED",
      "vtp_suggestedEvent":"firebase_campaign",
      "vtp_firebaseCampaignParam":"aclid"
    }],
  "tags":[{
      "function":"__paused",
      "vtp_originalTagType":"ua",
      "tag_id":1
    },{
      "function":"__paused",
      "vtp_originalTagType":"ua",
      "tag_id":2
    },{
      "function":"__paused",
      "vtp_originalTagType":"ua",
      "tag_id":3
    },{
      "function":"__ua",
      "once_per_event":true,
      "vtp_overrideGaSettings":true,
      "vtp_fieldsToSet":["list",["map","fieldName","userId","value",["macro",1]],["map","fieldName","paymentType","value",["macro",2]]],
      "vtp_trackType":"TRACK_SCREENVIEW",
      "vtp_collectAdid":false,
      "vtp_gaSettings":["macro",3],
      "vtp_enableEcommerce":false,
      "vtp_trackingId":"UA-68002030-5",
      "vtp_enableRecaptchaOption":false,
      "vtp_enableUaRlsa":false,
      "vtp_enableUseInternalVersion":false,
      "vtp_enableFirebaseCampaignData":true,
      "vtp_enableGA4Schema":false,
      "vtp_enableFirebaseEcommerce":true,
      "tag_id":4
    },{
      "function":"__ua",
      "once_per_event":true,
      "vtp_nonInteraction":false,
      "vtp_overrideGaSettings":true,
      "vtp_eventCategory":["macro",0],
      "vtp_trackType":"TRACK_EVENT",
      "vtp_gaSettings":["macro",11],
      "vtp_sendFirebaseCampaignData":true,
      "vtp_eventAction":["macro",12],
      "vtp_eventLabel":["macro",13],
      "vtp_dimension":["list",["map","index","31","dimension",["macro",14]]],
      "vtp_enableRecaptchaOption":false,
      "vtp_enableUaRlsa":false,
      "vtp_enableUseInternalVersion":false,
      "vtp_enableFirebaseCampaignData":true,
      "vtp_trackTypeIsEvent":true,
      "vtp_enableGA4Schema":false,
      "vtp_enableFirebaseEcommerce":true,
      "tag_id":21
    },{
      "function":"__ua",
      "once_per_event":true,
      "vtp_nonInteraction":false,
      "vtp_overrideGaSettings":true,
      "vtp_eventCategory":["macro",0],
      "vtp_trackType":"TRACK_EVENT",
      "vtp_metric":["list",["map","index","7","metric",["macro",15]],["map","index","11","metric",["macro",16]],["map","index","12","metric",["macro",17]],["map","index","13","metric",["macro",18]],["map","index","17","metric",["macro",19]]],
      "vtp_gaSettings":["macro",11],
      "vtp_sendFirebaseCampaignData":true,
      "vtp_eventAction":["macro",12],
      "vtp_eventLabel":["macro",13],
      "vtp_dimension":["list",["map","index","6","dimension",["macro",20]],["map","index","11","dimension",["macro",21]],["map","index","12","dimension",["macro",22]],["map","index","13","dimension",["macro",23]],["map","index","14","dimension",["macro",24]],["map","index","2","dimension",["macro",25]],["map","index","23","dimension",["macro",26]],["map","index","24","dimension",["macro",27]],["map","index","25","dimension",["macro",28]],["map","index","18","dimension",["macro",29]],["map","index","21","dimension",["macro",30]],["map","index","28","dimension",["macro",31]],["map","index","41","dimension",["macro",32]],["map","index","42","dimension",["macro",33]],["map","index","50","dimension",["macro",34]],["map","index","51","dimension",["macro",35]],["map","index","52","dimension",["macro",36]]],
      "vtp_enableRecaptchaOption":false,
      "vtp_enableUaRlsa":false,
      "vtp_enableUseInternalVersion":false,
      "vtp_enableFirebaseCampaignData":true,
      "vtp_trackTypeIsEvent":true,
      "vtp_enableGA4Schema":false,
      "vtp_enableFirebaseEcommerce":true,
      "tag_id":49
    },{
      "function":"__ua",
      "once_per_event":true,
      "vtp_nonInteraction":false,
      "vtp_overrideGaSettings":true,
      "vtp_eventCategory":["macro",0],
      "vtp_trackType":"TRACK_EVENT",
      "vtp_gaSettings":["macro",11],
      "vtp_sendFirebaseCampaignData":true,
      "vtp_eventAction":["macro",12],
      "vtp_eventLabel":["macro",13],
      "vtp_dimension":["list",["map","index","6","dimension",["macro",20]],["map","index","8","dimension",["macro",37]]],
      "vtp_enableRecaptchaOption":false,
      "vtp_enableUaRlsa":false,
      "vtp_enableUseInternalVersion":false,
      "vtp_enableFirebaseCampaignData":true,
      "vtp_trackTypeIsEvent":true,
      "vtp_enableGA4Schema":false,
      "vtp_enableFirebaseEcommerce":true,
      "tag_id":51
    },{
      "function":"__ua",
      "once_per_event":true,
      "vtp_nonInteraction":false,
      "vtp_overrideGaSettings":true,
      "vtp_eventCategory":["macro",0],
      "vtp_trackType":"TRACK_EVENT",
      "vtp_metric":["list",["map","index","1","metric",["macro",38]],["map","index","4","metric",["macro",39]]],
      "vtp_gaSettings":["macro",11],
      "vtp_sendFirebaseCampaignData":true,
      "vtp_eventAction":["macro",12],
      "vtp_eventLabel":["macro",13],
      "vtp_dimension":["list",["map","index","3","dimension",["macro",40]],["map","index","1","dimension",["macro",41]]],
      "vtp_enableRecaptchaOption":false,
      "vtp_enableUaRlsa":false,
      "vtp_enableUseInternalVersion":false,
      "vtp_enableFirebaseCampaignData":true,
      "vtp_trackTypeIsEvent":true,
      "vtp_enableGA4Schema":false,
      "vtp_enableFirebaseEcommerce":true,
      "tag_id":55
    },{
      "function":"__paused",
      "vtp_originalTagType":"ua",
      "tag_id":57
    },{
      "function":"__ua",
      "once_per_event":true,
      "vtp_nonInteraction":false,
      "vtp_overrideGaSettings":true,
      "vtp_eventCategory":["macro",0],
      "vtp_trackType":"TRACK_EVENT",
      "vtp_metric":["list",["map","index","18","metric",["macro",42]],["map","index","19","metric",["macro",43]]],
      "vtp_gaSettings":["macro",11],
      "vtp_sendFirebaseCampaignData":true,
      "vtp_eventAction":["macro",12],
      "vtp_eventLabel":["macro",13],
      "vtp_dimension":["list",["map","index","7","dimension",["macro",44]],["map","index","6","dimension",["macro",20]],["map","index","11","dimension",["macro",21]],["map","index","12","dimension",["macro",22]],["map","index","13","dimension",["macro",23]],["map","index","14","dimension",["macro",24]],["map","index","28","dimension",["macro",31]],["map","index","2","dimension",["macro",25]],["map","index","34","dimension",["macro",45]],["map","index","36","dimension",["macro",46]],["map","index","37","dimension",["macro",47]],["map","index","41","dimension",["macro",32]],["map","index","42","dimension",["macro",33]],["map","index","50","dimension",["macro",48]],["map","index","51","dimension",["macro",35]],["map","index","52","dimension",["macro",36]]],
      "vtp_enableRecaptchaOption":false,
      "vtp_enableUaRlsa":false,
      "vtp_enableUseInternalVersion":false,
      "vtp_enableFirebaseCampaignData":true,
      "vtp_trackTypeIsEvent":true,
      "vtp_enableGA4Schema":false,
      "vtp_enableFirebaseEcommerce":true,
      "tag_id":59
    },{
      "function":"__ua",
      "once_per_event":true,
      "vtp_nonInteraction":true,
      "vtp_overrideGaSettings":true,
      "vtp_eventCategory":["macro",0],
      "vtp_trackType":"TRACK_EVENT",
      "vtp_metric":["list",["map","index","7","metric",["macro",15]]],
      "vtp_gaSettings":["macro",11],
      "vtp_sendFirebaseCampaignData":true,
      "vtp_eventAction":["macro",12],
      "vtp_eventLabel":["macro",13],
      "vtp_dimension":["list",["map","index","7","dimension",["macro",44]],["map","index","6","dimension",["macro",20]]],
      "vtp_enableRecaptchaOption":false,
      "vtp_enableUaRlsa":false,
      "vtp_enableUseInternalVersion":false,
      "vtp_enableFirebaseCampaignData":true,
      "vtp_trackTypeIsEvent":true,
      "vtp_enableGA4Schema":false,
      "vtp_enableFirebaseEcommerce":true,
      "tag_id":63
    },{
      "function":"__ua",
      "once_per_event":true,
      "vtp_nonInteraction":false,
      "vtp_overrideGaSettings":true,
      "vtp_eventCategory":["macro",0],
      "vtp_trackType":"TRACK_EVENT",
      "vtp_gaSettings":["macro",11],
      "vtp_sendFirebaseCampaignData":true,
      "vtp_eventAction":["macro",12],
      "vtp_eventLabel":["macro",13],
      "vtp_dimension":["list",["map","index","7","dimension",["macro",44]],["map","index","6","dimension",["macro",20]]],
      "vtp_enableRecaptchaOption":false,
      "vtp_enableUaRlsa":false,
      "vtp_enableUseInternalVersion":false,
      "vtp_enableFirebaseCampaignData":true,
      "vtp_trackTypeIsEvent":true,
      "vtp_enableGA4Schema":false,
      "vtp_enableFirebaseEcommerce":true,
      "tag_id":65
    },{
      "function":"__paused",
      "vtp_originalTagType":"ua",
      "tag_id":67
    },{
      "function":"__ua",
      "once_per_event":true,
      "vtp_nonInteraction":false,
      "vtp_overrideGaSettings":true,
      "vtp_eventCategory":["macro",0],
      "vtp_trackType":"TRACK_EVENT",
      "vtp_gaSettings":["macro",11],
      "vtp_sendFirebaseCampaignData":true,
      "vtp_eventAction":["macro",12],
      "vtp_eventLabel":["macro",13],
      "vtp_dimension":["list",["map","index","6","dimension",["macro",20]],["map","index","11","dimension",["macro",21]],["map","index","12","dimension",["macro",22]],["map","index","13","dimension",["macro",23]],["map","index","14","dimension",["macro",24]],["map","index","28","dimension",["macro",31]]],
      "vtp_enableRecaptchaOption":false,
      "vtp_enableUaRlsa":false,
      "vtp_enableUseInternalVersion":false,
      "vtp_enableFirebaseCampaignData":true,
      "vtp_trackTypeIsEvent":true,
      "vtp_enableGA4Schema":false,
      "vtp_enableFirebaseEcommerce":true,
      "tag_id":69
    },{
      "function":"__ua",
      "once_per_event":true,
      "vtp_nonInteraction":false,
      "vtp_overrideGaSettings":true,
      "vtp_eventCategory":["macro",0],
      "vtp_trackType":"TRACK_EVENT",
      "vtp_metric":["list",["map","index","8","metric",["macro",49]],["map","index","9","metric",["macro",50]],["map","index","10","metric",["macro",51]]],
      "vtp_gaSettings":["macro",11],
      "vtp_sendFirebaseCampaignData":true,
      "vtp_eventAction":["macro",12],
      "vtp_eventLabel":["macro",13],
      "vtp_dimension":["list",["map","index","10","dimension",["macro",52]],["map","index","9","dimension",["macro",53]]],
      "vtp_enableRecaptchaOption":false,
      "vtp_enableUaRlsa":false,
      "vtp_enableUseInternalVersion":false,
      "vtp_enableFirebaseCampaignData":true,
      "vtp_trackTypeIsEvent":true,
      "vtp_enableGA4Schema":false,
      "vtp_enableFirebaseEcommerce":true,
      "tag_id":72
    },{
      "function":"__ua",
      "once_per_event":true,
      "vtp_nonInteraction":false,
      "vtp_overrideGaSettings":true,
      "vtp_eventCategory":["macro",0],
      "vtp_trackType":"TRACK_EVENT",
      "vtp_gaSettings":["macro",11],
      "vtp_sendFirebaseCampaignData":true,
      "vtp_eventAction":["macro",12],
      "vtp_eventLabel":["macro",13],
      "vtp_dimension":["list",["map","index","6","dimension",["macro",20]]],
      "vtp_enableRecaptchaOption":false,
      "vtp_enableUaRlsa":false,
      "vtp_enableUseInternalVersion":false,
      "vtp_enableFirebaseCampaignData":true,
      "vtp_trackTypeIsEvent":true,
      "vtp_enableGA4Schema":false,
      "vtp_enableFirebaseEcommerce":true,
      "tag_id":74
    },{
      "function":"__ua",
      "once_per_event":true,
      "vtp_nonInteraction":false,
      "vtp_overrideGaSettings":true,
      "vtp_eventValue":["macro",54],
      "vtp_eventCategory":["macro",0],
      "vtp_trackType":"TRACK_EVENT",
      "vtp_gaSettings":["macro",11],
      "vtp_sendFirebaseCampaignData":true,
      "vtp_eventAction":["macro",12],
      "vtp_eventLabel":["macro",13],
      "vtp_dimension":["list",["map","index","6","dimension",["macro",20]]],
      "vtp_enableRecaptchaOption":false,
      "vtp_enableUaRlsa":false,
      "vtp_enableUseInternalVersion":false,
      "vtp_enableFirebaseCampaignData":true,
      "vtp_trackTypeIsEvent":true,
      "vtp_enableGA4Schema":false,
      "vtp_enableFirebaseEcommerce":true,
      "tag_id":76
    },{
      "function":"__ua",
      "once_per_event":true,
      "vtp_nonInteraction":false,
      "vtp_overrideGaSettings":true,
      "vtp_eventCategory":["macro",0],
      "vtp_trackType":"TRACK_EVENT",
      "vtp_gaSettings":["macro",11],
      "vtp_sendFirebaseCampaignData":true,
      "vtp_eventAction":["macro",12],
      "vtp_eventLabel":["macro",13],
      "vtp_dimension":["list",["map","index","6","dimension",["macro",20]],["map","index","7","dimension",["macro",44]]],
      "vtp_enableRecaptchaOption":false,
      "vtp_enableUaRlsa":false,
      "vtp_enableUseInternalVersion":false,
      "vtp_enableFirebaseCampaignData":true,
      "vtp_trackTypeIsEvent":true,
      "vtp_enableGA4Schema":false,
      "vtp_enableFirebaseEcommerce":true,
      "tag_id":78
    },{
      "function":"__ua",
      "once_per_event":true,
      "vtp_nonInteraction":false,
      "vtp_overrideGaSettings":false,
      "vtp_eventValue":["macro",54],
      "vtp_eventCategory":["macro",0],
      "vtp_trackType":"TRACK_EVENT",
      "vtp_gaSettings":["macro",11],
      "vtp_sendFirebaseCampaignData":true,
      "vtp_eventAction":["macro",12],
      "vtp_eventLabel":["macro",13],
      "vtp_enableRecaptchaOption":false,
      "vtp_enableUaRlsa":false,
      "vtp_enableUseInternalVersion":false,
      "vtp_enableFirebaseCampaignData":true,
      "vtp_trackTypeIsEvent":true,
      "vtp_enableGA4Schema":false,
      "vtp_enableFirebaseEcommerce":true,
      "tag_id":80
    },{
      "function":"__ua",
      "once_per_event":true,
      "vtp_nonInteraction":false,
      "vtp_overrideGaSettings":true,
      "vtp_eventCategory":["macro",0],
      "vtp_trackType":"TRACK_EVENT",
      "vtp_gaSettings":["macro",11],
      "vtp_sendFirebaseCampaignData":true,
      "vtp_eventAction":["macro",12],
      "vtp_eventLabel":["macro",13],
      "vtp_dimension":["list",["map","index","6","dimension",["macro",20]],["map","index","11","dimension",["macro",21]],["map","index","12","dimension",["macro",22]],["map","index","13","dimension",["macro",23]],["map","index","14","dimension",["macro",24]]],
      "vtp_enableRecaptchaOption":false,
      "vtp_enableUaRlsa":false,
      "vtp_enableUseInternalVersion":false,
      "vtp_enableFirebaseCampaignData":true,
      "vtp_trackTypeIsEvent":true,
      "vtp_enableGA4Schema":false,
      "vtp_enableFirebaseEcommerce":true,
      "tag_id":82
    },{
      "function":"__ua",
      "once_per_event":true,
      "vtp_nonInteraction":false,
      "vtp_overrideGaSettings":true,
      "vtp_eventValue":["macro",54],
      "vtp_eventCategory":["macro",0],
      "vtp_trackType":"TRACK_EVENT",
      "vtp_gaSettings":["macro",11],
      "vtp_sendFirebaseCampaignData":true,
      "vtp_eventAction":["macro",12],
      "vtp_eventLabel":["macro",13],
      "vtp_dimension":["list",["map","index","6","dimension",["macro",20]],["map","index","11","dimension",["macro",21]],["map","index","12","dimension",["macro",22]],["map","index","13","dimension",["macro",23]],["map","index","14","dimension",["macro",24]],["map","index","28","dimension",["macro",31]]],
      "vtp_enableRecaptchaOption":false,
      "vtp_enableUaRlsa":false,
      "vtp_enableUseInternalVersion":false,
      "vtp_enableFirebaseCampaignData":true,
      "vtp_trackTypeIsEvent":true,
      "vtp_enableGA4Schema":false,
      "vtp_enableFirebaseEcommerce":true,
      "tag_id":84
    },{
      "function":"__ua",
      "once_per_event":true,
      "vtp_nonInteraction":false,
      "vtp_overrideGaSettings":true,
      "vtp_eventCategory":["macro",0],
      "vtp_trackType":"TRACK_EVENT",
      "vtp_metric":["list",["map","index","14","metric",["macro",55]]],
      "vtp_gaSettings":["macro",11],
      "vtp_sendFirebaseCampaignData":true,
      "vtp_eventAction":["macro",12],
      "vtp_eventLabel":["macro",13],
      "vtp_dimension":["list",["map","index","6","dimension",["macro",20]],["map","index","11","dimension",["macro",21]],["map","index","12","dimension",["macro",22]],["map","index","13","dimension",["macro",23]],["map","index","14","dimension",["macro",24]],["map","index","28","dimension",["macro",31]],["map","index","2","dimension",["macro",25]],["map","index","34","dimension",["macro",45]],["map","index","36","dimension",["macro",46]],["map","index","37","dimension",["macro",47]]],
      "vtp_enableRecaptchaOption":false,
      "vtp_enableUaRlsa":false,
      "vtp_enableUseInternalVersion":false,
      "vtp_enableFirebaseCampaignData":true,
      "vtp_trackTypeIsEvent":true,
      "vtp_enableGA4Schema":false,
      "vtp_enableFirebaseEcommerce":true,
      "tag_id":87
    },{
      "function":"__ua",
      "once_per_event":true,
      "vtp_nonInteraction":false,
      "vtp_overrideGaSettings":false,
      "vtp_eventValue":["macro",54],
      "vtp_eventCategory":["macro",0],
      "vtp_trackType":"TRACK_EVENT",
      "vtp_gaSettings":["macro",11],
      "vtp_sendFirebaseCampaignData":true,
      "vtp_eventAction":["macro",12],
      "vtp_eventLabel":["macro",13],
      "vtp_enableRecaptchaOption":false,
      "vtp_enableUaRlsa":false,
      "vtp_enableUseInternalVersion":false,
      "vtp_enableFirebaseCampaignData":true,
      "vtp_trackTypeIsEvent":true,
      "vtp_enableGA4Schema":false,
      "vtp_enableFirebaseEcommerce":true,
      "tag_id":89
    },{
      "function":"__ua",
      "once_per_event":true,
      "vtp_nonInteraction":false,
      "vtp_overrideGaSettings":false,
      "vtp_eventValue":["macro",54],
      "vtp_eventCategory":["macro",0],
      "vtp_trackType":"TRACK_EVENT",
      "vtp_gaSettings":["macro",11],
      "vtp_sendFirebaseCampaignData":true,
      "vtp_eventAction":["macro",12],
      "vtp_eventLabel":["macro",13],
      "vtp_enableRecaptchaOption":false,
      "vtp_enableUaRlsa":false,
      "vtp_enableUseInternalVersion":false,
      "vtp_enableFirebaseCampaignData":true,
      "vtp_trackTypeIsEvent":true,
      "vtp_enableGA4Schema":false,
      "vtp_enableFirebaseEcommerce":true,
      "tag_id":91
    },{
      "function":"__ua",
      "once_per_event":true,
      "vtp_nonInteraction":false,
      "vtp_overrideGaSettings":true,
      "vtp_eventValue":["macro",54],
      "vtp_eventCategory":["macro",0],
      "vtp_trackType":"TRACK_EVENT",
      "vtp_gaSettings":["macro",11],
      "vtp_sendFirebaseCampaignData":true,
      "vtp_eventAction":["macro",12],
      "vtp_eventLabel":["macro",13],
      "vtp_dimension":["list",["map","index","6","dimension",["macro",20]],["map","index","23","dimension",["macro",26]],["map","index","24","dimension",["macro",27]],["map","index","25","dimension",["macro",28]],["map","index","18","dimension",["macro",29]],["map","index","21","dimension",["macro",30]]],
      "vtp_enableRecaptchaOption":false,
      "vtp_enableUaRlsa":false,
      "vtp_enableUseInternalVersion":false,
      "vtp_enableFirebaseCampaignData":true,
      "vtp_trackTypeIsEvent":true,
      "vtp_enableGA4Schema":false,
      "vtp_enableFirebaseEcommerce":true,
      "tag_id":93
    },{
      "function":"__ua",
      "consent":["list"],
      "once_per_event":true,
      "vtp_overrideGaSettings":true,
      "vtp_trackType":"TRACK_SCREENVIEW",
      "vtp_metric":["list",["map","index","18","metric",["macro",43]],["map","index","19","metric",["macro",42]]],
      "vtp_gaSettings":["macro",11],
      "vtp_dimension":["list",["map","index","27","dimension",["macro",56]],["map","index","22","dimension",["macro",57]],["map","index","26","dimension",["macro",58]],["map","index","39","dimension",["macro",59]],["map","index","41","dimension",["macro",32]],["map","index","42","dimension",["macro",33]],["map","index","43","dimension",["macro",60]],["map","index","50","dimension",["macro",61]],["map","index","51","dimension",["macro",35]],["map","index","52","dimension",["macro",36]],["map","index","53","dimension",["macro",62]],["map","index","54","dimension",["macro",63]],["map","index","46","dimension",["macro",64]],["map","index","47","dimension",["macro",65]],["map","index","48","dimension",["macro",66]]],
      "vtp_enableRecaptchaOption":false,
      "vtp_enableUaRlsa":false,
      "vtp_enableUseInternalVersion":false,
      "vtp_enableFirebaseCampaignData":true,
      "vtp_enableGA4Schema":false,
      "vtp_enableFirebaseEcommerce":true,
      "tag_id":98
    },{
      "function":"__ua",
      "once_per_event":true,
      "vtp_nonInteraction":true,
      "vtp_overrideGaSettings":true,
      "vtp_eventCategory":"Enhance E-commerce",
      "vtp_trackType":"TRACK_EVENT",
      "vtp_readDataFrom":"FIREBASE_EVENT_DATA",
      "vtp_gaSettings":["macro",11],
      "vtp_sendFirebaseCampaignData":false,
      "vtp_eventAction":"Promotion Impression",
      "vtp_enableEcommerce":true,
      "vtp_enableRecaptchaOption":false,
      "vtp_enableUaRlsa":false,
      "vtp_enableUseInternalVersion":false,
      "vtp_enableFirebaseCampaignData":true,
      "vtp_ecommerceIsEnabled":true,
      "vtp_trackTypeIsEvent":true,
      "vtp_enableGA4Schema":false,
      "vtp_enableFirebaseEcommerce":true,
      "tag_id":102
    },{
      "function":"__ua",
      "once_per_event":true,
      "vtp_nonInteraction":false,
      "vtp_overrideGaSettings":true,
      "vtp_eventCategory":"Enhance E-commerce",
      "vtp_trackType":"TRACK_EVENT",
      "vtp_readDataFrom":"FIREBASE_EVENT_DATA",
      "vtp_gaSettings":["macro",11],
      "vtp_sendFirebaseCampaignData":false,
      "vtp_eventAction":"Promotion Click",
      "vtp_enableEcommerce":true,
      "vtp_enableRecaptchaOption":false,
      "vtp_enableUaRlsa":false,
      "vtp_enableUseInternalVersion":false,
      "vtp_enableFirebaseCampaignData":true,
      "vtp_ecommerceIsEnabled":true,
      "vtp_trackTypeIsEvent":true,
      "vtp_enableGA4Schema":false,
      "vtp_enableFirebaseEcommerce":true,
      "tag_id":104
    },{
      "function":"__ua",
      "once_per_event":true,
      "vtp_nonInteraction":true,
      "vtp_overrideGaSettings":true,
      "vtp_fieldsToSet":["list",["map","fieldName","\u0026il1nm","value",["macro",68]]],
      "vtp_eventCategory":"Enhance E-commerce",
      "vtp_trackType":"TRACK_EVENT",
      "vtp_readDataFrom":"FIREBASE_EVENT_DATA",
      "vtp_gaSettings":["macro",11],
      "vtp_sendFirebaseCampaignData":false,
      "vtp_eventAction":"Product Impression",
      "vtp_eventLabel":["macro",13],
      "vtp_enableEcommerce":true,
      "vtp_enableRecaptchaOption":false,
      "vtp_enableUaRlsa":false,
      "vtp_enableUseInternalVersion":false,
      "vtp_enableFirebaseCampaignData":true,
      "vtp_ecommerceIsEnabled":true,
      "vtp_trackTypeIsEvent":true,
      "vtp_enableGA4Schema":false,
      "vtp_enableFirebaseEcommerce":true,
      "tag_id":106
    },{
      "function":"__ua",
      "once_per_event":true,
      "vtp_nonInteraction":false,
      "vtp_overrideGaSettings":true,
      "vtp_eventCategory":"Enhance E-commerce",
      "vtp_trackType":"TRACK_EVENT",
      "vtp_readDataFrom":"FIREBASE_EVENT_DATA",
      "vtp_gaSettings":["macro",11],
      "vtp_sendFirebaseCampaignData":false,
      "vtp_eventAction":"Product Click",
      "vtp_enableEcommerce":true,
      "vtp_enableRecaptchaOption":false,
      "vtp_enableUaRlsa":false,
      "vtp_enableUseInternalVersion":false,
      "vtp_enableFirebaseCampaignData":true,
      "vtp_ecommerceIsEnabled":true,
      "vtp_trackTypeIsEvent":true,
      "vtp_enableGA4Schema":false,
      "vtp_enableFirebaseEcommerce":true,
      "tag_id":108
    },{
      "function":"__ua",
      "once_per_event":true,
      "vtp_nonInteraction":false,
      "vtp_overrideGaSettings":true,
      "vtp_eventCategory":"Enhance E-commerce",
      "vtp_trackType":"TRACK_EVENT",
      "vtp_readDataFrom":"FIREBASE_EVENT_DATA",
      "vtp_gaSettings":["macro",11],
      "vtp_sendFirebaseCampaignData":false,
      "vtp_eventAction":"Product Detail",
      "vtp_enableEcommerce":true,
      "vtp_enableRecaptchaOption":false,
      "vtp_enableUaRlsa":false,
      "vtp_enableUseInternalVersion":false,
      "vtp_enableFirebaseCampaignData":true,
      "vtp_ecommerceIsEnabled":true,
      "vtp_trackTypeIsEvent":true,
      "vtp_enableGA4Schema":false,
      "vtp_enableFirebaseEcommerce":true,
      "tag_id":110
    },{
      "function":"__ua",
      "once_per_event":true,
      "vtp_nonInteraction":false,
      "vtp_overrideGaSettings":true,
      "vtp_eventCategory":"Enhance E-commerce",
      "vtp_trackType":"TRACK_EVENT",
      "vtp_readDataFrom":"FIREBASE_EVENT_DATA",
      "vtp_gaSettings":["macro",11],
      "vtp_sendFirebaseCampaignData":false,
      "vtp_eventAction":"Add To Cart",
      "vtp_enableEcommerce":true,
      "vtp_enableRecaptchaOption":false,
      "vtp_enableUaRlsa":false,
      "vtp_enableUseInternalVersion":false,
      "vtp_enableFirebaseCampaignData":true,
      "vtp_ecommerceIsEnabled":true,
      "vtp_trackTypeIsEvent":true,
      "vtp_enableGA4Schema":false,
      "vtp_enableFirebaseEcommerce":true,
      "tag_id":112
    },{
      "function":"__ua",
      "once_per_event":true,
      "vtp_nonInteraction":false,
      "vtp_overrideGaSettings":true,
      "vtp_eventCategory":"Enhance E-commerce",
      "vtp_trackType":"TRACK_EVENT",
      "vtp_readDataFrom":"FIREBASE_EVENT_DATA",
      "vtp_gaSettings":["macro",11],
      "vtp_sendFirebaseCampaignData":false,
      "vtp_eventAction":"Remove From Cart",
      "vtp_enableEcommerce":true,
      "vtp_enableRecaptchaOption":false,
      "vtp_enableUaRlsa":false,
      "vtp_enableUseInternalVersion":false,
      "vtp_enableFirebaseCampaignData":true,
      "vtp_ecommerceIsEnabled":true,
      "vtp_trackTypeIsEvent":true,
      "vtp_enableGA4Schema":false,
      "vtp_enableFirebaseEcommerce":true,
      "tag_id":114
    },{
      "function":"__ua",
      "once_per_event":true,
      "vtp_nonInteraction":false,
      "vtp_overrideGaSettings":true,
      "vtp_eventCategory":"Enhance E-commerce",
      "vtp_trackType":"TRACK_EVENT",
      "vtp_readDataFrom":"FIREBASE_EVENT_DATA",
      "vtp_gaSettings":["macro",11],
      "vtp_sendFirebaseCampaignData":false,
      "vtp_eventAction":"Checkout",
      "vtp_eventLabel":"Proceed to Checkout",
      "vtp_enableEcommerce":true,
      "vtp_enableRecaptchaOption":false,
      "vtp_enableUaRlsa":false,
      "vtp_enableUseInternalVersion":false,
      "vtp_enableFirebaseCampaignData":true,
      "vtp_ecommerceIsEnabled":true,
      "vtp_trackTypeIsEvent":true,
      "vtp_enableGA4Schema":false,
      "vtp_enableFirebaseEcommerce":true,
      "tag_id":116
    },{
      "function":"__ua",
      "once_per_event":true,
      "vtp_nonInteraction":false,
      "vtp_overrideGaSettings":true,
      "vtp_eventCategory":"Enhance E-commerce",
      "vtp_trackType":"TRACK_EVENT",
      "vtp_readDataFrom":"FIREBASE_EVENT_DATA",
      "vtp_gaSettings":["macro",11],
      "vtp_sendFirebaseCampaignData":false,
      "vtp_eventAction":"Checkout",
      "vtp_eventLabel":"Proceed to Payment",
      "vtp_enableEcommerce":true,
      "vtp_enableRecaptchaOption":false,
      "vtp_enableUaRlsa":false,
      "vtp_enableUseInternalVersion":false,
      "vtp_enableFirebaseCampaignData":true,
      "vtp_ecommerceIsEnabled":true,
      "vtp_trackTypeIsEvent":true,
      "vtp_enableGA4Schema":false,
      "vtp_enableFirebaseEcommerce":true,
      "tag_id":119
    },{
      "function":"__ua",
      "once_per_event":true,
      "vtp_nonInteraction":false,
      "vtp_overrideGaSettings":true,
      "vtp_eventCategory":"Enhance E-commerce",
      "vtp_trackType":"TRACK_EVENT",
      "vtp_readDataFrom":"FIREBASE_EVENT_DATA",
      "vtp_gaSettings":["macro",11],
      "vtp_sendFirebaseCampaignData":false,
      "vtp_eventAction":"Purchase",
      "vtp_enableEcommerce":true,
      "vtp_enableRecaptchaOption":false,
      "vtp_enableUaRlsa":false,
      "vtp_enableUseInternalVersion":false,
      "vtp_enableFirebaseCampaignData":true,
      "vtp_ecommerceIsEnabled":true,
      "vtp_trackTypeIsEvent":true,
      "vtp_enableGA4Schema":false,
      "vtp_enableFirebaseEcommerce":true,
      "tag_id":121
    },{
      "function":"__ua",
      "once_per_event":true,
      "vtp_nonInteraction":false,
      "vtp_overrideGaSettings":true,
      "vtp_eventCategory":"Enhance E-commerce",
      "vtp_trackType":"TRACK_EVENT",
      "vtp_readDataFrom":"FIREBASE_EVENT_DATA",
      "vtp_gaSettings":["macro",11],
      "vtp_sendFirebaseCampaignData":false,
      "vtp_eventAction":"Refund Purchase",
      "vtp_eventLabel":"ecommerce_purchase",
      "vtp_dimension":["list",["map","index","44","dimension",["macro",70]],["map","index","45","dimension",["macro",71]]],
      "vtp_enableEcommerce":true,
      "vtp_enableRecaptchaOption":false,
      "vtp_enableUaRlsa":false,
      "vtp_enableUseInternalVersion":false,
      "vtp_enableFirebaseCampaignData":true,
      "vtp_ecommerceIsEnabled":true,
      "vtp_trackTypeIsEvent":true,
      "vtp_enableGA4Schema":false,
      "vtp_enableFirebaseEcommerce":true,
      "tag_id":123
    },{
      "function":"__ua",
      "once_per_event":true,
      "vtp_nonInteraction":false,
      "vtp_overrideGaSettings":true,
      "vtp_eventCategory":["macro",0],
      "vtp_trackType":"TRACK_EVENT",
      "vtp_gaSettings":["macro",11],
      "vtp_sendFirebaseCampaignData":true,
      "vtp_eventAction":["macro",12],
      "vtp_eventLabel":["macro",13],
      "vtp_dimension":["list",["map","index","23","dimension",["macro",72]],["map","index","24","dimension",["macro",73]]],
      "vtp_enableRecaptchaOption":false,
      "vtp_enableUaRlsa":false,
      "vtp_enableUseInternalVersion":false,
      "vtp_enableFirebaseCampaignData":true,
      "vtp_trackTypeIsEvent":true,
      "vtp_enableGA4Schema":false,
      "vtp_enableFirebaseEcommerce":true,
      "tag_id":132
    },{
      "function":"__paused",
      "vtp_originalTagType":"ua",
      "tag_id":139
    },{
      "function":"__paused",
      "vtp_originalTagType":"ua",
      "tag_id":141
    },{
      "function":"__ua",
      "once_per_event":true,
      "vtp_nonInteraction":false,
      "vtp_overrideGaSettings":true,
      "vtp_fieldsToSet":["list",["map","fieldName","\u0026cs","value",["macro",75]],["map","fieldName","\u0026cm","value",["macro",76]],["map","fieldName","\u0026cn","value",["macro",77]],["map","fieldName","\u0026ck","value",["macro",78]],["map","fieldName","\u0026cc","value",["macro",79]],["map","fieldName","\u0026gclid","value",["macro",80]]],
      "vtp_eventCategory":"campaign tracking",
      "vtp_trackType":"TRACK_EVENT",
      "vtp_gaSettings":["macro",11],
      "vtp_sendFirebaseCampaignData":true,
      "vtp_eventAction":["template",["macro",75]," \/ ",["macro",76]],
      "vtp_enableRecaptchaOption":false,
      "vtp_enableUaRlsa":false,
      "vtp_enableUseInternalVersion":false,
      "vtp_enableFirebaseCampaignData":true,
      "vtp_trackTypeIsEvent":true,
      "vtp_enableGA4Schema":false,
      "vtp_enableFirebaseEcommerce":true,
      "tag_id":151
    },{
      "function":"__ua",
      "once_per_event":true,
      "vtp_nonInteraction":false,
      "vtp_overrideGaSettings":false,
      "vtp_eventCategory":["macro",0],
      "vtp_trackType":"TRACK_EVENT",
      "vtp_gaSettings":["macro",11],
      "vtp_sendFirebaseCampaignData":true,
      "vtp_eventAction":["macro",12],
      "vtp_eventLabel":["macro",13],
      "vtp_enableRecaptchaOption":false,
      "vtp_enableUaRlsa":false,
      "vtp_enableUseInternalVersion":false,
      "vtp_enableFirebaseCampaignData":true,
      "vtp_trackTypeIsEvent":true,
      "vtp_enableGA4Schema":false,
      "vtp_enableFirebaseEcommerce":true,
      "tag_id":157
    },{
      "function":"__fm",
      "once_per_event":true,
      "vtp_mergeEventParameters":false,
      "vtp_action":"measure",
      "vtp_eventName":"similarstyleviewed",
      "tag_id":162
    },{
      "function":"__ua",
      "consent":["list"],
      "once_per_event":true,
      "vtp_nonInteraction":false,
      "vtp_overrideGaSettings":false,
      "vtp_eventCategory":["macro",0],
      "vtp_trackType":"TRACK_EVENT",
      "vtp_gaSettings":["macro",11],
      "vtp_sendFirebaseCampaignData":true,
      "vtp_eventAction":["macro",12],
      "vtp_eventLabel":["macro",13],
      "vtp_enableRecaptchaOption":false,
      "vtp_enableUaRlsa":false,
      "vtp_enableUseInternalVersion":false,
      "vtp_enableFirebaseCampaignData":true,
      "vtp_trackTypeIsEvent":true,
      "vtp_enableGA4Schema":false,
      "vtp_enableFirebaseEcommerce":true,
      "tag_id":178
    }],
  "predicates":[{
      "function":"_eq",
      "arg0":["macro",0],
      "arg1":"bannerSwipe"
    },{
      "function":"_eq",
      "arg0":["macro",0],
      "arg1":"buttonTap"
    },{
      "function":"_eq",
      "arg0":["macro",0],
      "arg1":"bannerTap"
    },{
      "function":"_eq",
      "arg0":["macro",0],
      "arg1":"Experiment"
    },{
      "function":"_eq",
      "arg0":["macro",0],
      "arg1":"navigationTap"
    },{
      "function":"_eq",
      "arg0":["macro",0],
      "arg1":"screenInteraction"
    },{
      "function":"_eq",
      "arg0":["macro",0],
      "arg1":"openScreen"
    },{
      "function":"_eq",
      "arg0":["macro",0],
      "arg1":"serviceErrorEvent"
    },{
      "function":"_eq",
      "arg0":["macro",0],
      "arg1":"transaction"
    },{
      "function":"_re",
      "arg0":["macro",12],
      "arg1":"^Show PDP$|^Screen load$",
      "ignore_case":true
    },{
      "function":"_eq",
      "arg0":["macro",0],
      "arg1":"optioncount"
    },{
      "function":"_eq",
      "arg0":["macro",0],
      "arg1":"discovery"
    },{
      "function":"_eq",
      "arg0":["macro",0],
      "arg1":"LoggedInStatus"
    },{
      "function":"_re",
      "arg0":["macro",12],
      "arg1":"Scroll Percent|Scroll_Percent|Recently Viewed_impression|Recently_Viewed_impression|recentlyViewed_Impression|PDP Viewed|PDPs with Best Price|load more",
      "ignore_case":true
    },{
      "function":"_eq",
      "arg0":["macro",13],
      "arg1":"PDP Viewed"
    },{
      "function":"_eq",
      "arg0":["macro",0],
      "arg1":"bannerImpressions"
    },{
      "function":"_eq",
      "arg0":["macro",0],
      "arg1":"Item count"
    },{
      "function":"_eq",
      "arg0":["macro",0],
      "arg1":"Item_count"
    },{
      "function":"_eq",
      "arg0":["macro",0],
      "arg1":"Added to Cart"
    },{
      "function":"_eq",
      "arg0":["macro",0],
      "arg1":"pageInteraction"
    },{
      "function":"_eq",
      "arg0":["macro",0],
      "arg1":"App Launch"
    },{
      "function":"_eq",
      "arg0":["macro",0],
      "arg1":"App_Launch"
    },{
      "function":"_eq",
      "arg0":["macro",0],
      "arg1":"Enhanced-Ecommerce"
    },{
      "function":"_eq",
      "arg0":["macro",0],
      "arg1":"Product Viewed"
    },{
      "function":"_eq",
      "arg0":["macro",0],
      "arg1":"Product_Viewed"
    },{
      "function":"_eq",
      "arg0":["macro",0],
      "arg1":"inventory"
    },{
      "function":"_eq",
      "arg0":["macro",0],
      "arg1":"Product Search"
    },{
      "function":"_eq",
      "arg0":["macro",0],
      "arg1":"Product_Search"
    },{
      "function":"_eq",
      "arg0":["macro",0],
      "arg1":"WEB_VIEW_LOAD"
    },{
      "function":"_eq",
      "arg0":["macro",0],
      "arg1":"Product Purchase"
    },{
      "function":"_re",
      "arg0":["macro",0],
      "arg1":"openscreen",
      "ignore_case":true
    },{
      "function":"_eq",
      "arg0":["macro",0],
      "arg1":"view_item"
    },{
      "function":"_eq",
      "arg0":["macro",67],
      "arg1":"undefined"
    },{
      "function":"_eq",
      "arg0":["macro",0],
      "arg1":"select_content"
    },{
      "function":"_re",
      "arg0":["macro",0],
      "arg1":"view_search_results|view_item_list",
      "ignore_case":true
    },{
      "function":"_eq",
      "arg0":["macro",0],
      "arg1":"add_to_cart"
    },{
      "function":"_eq",
      "arg0":["macro",0],
      "arg1":"remove_from_cart"
    },{
      "function":"_eq",
      "arg0":["macro",0],
      "arg1":"begin_checkout"
    },{
      "function":"_eq",
      "arg0":["macro",0],
      "arg1":"checkout_progress"
    },{
      "function":"_eq",
      "arg0":["macro",69],
      "arg1":"2"
    },{
      "function":"_eq",
      "arg0":["macro",0],
      "arg1":"ecommerce_purchase"
    },{
      "function":"_eq",
      "arg0":["macro",0],
      "arg1":"purchase_refund"
    },{
      "function":"_eq",
      "arg0":["macro",0],
      "arg1":"Coupon_typecount"
    },{
      "function":"_eq",
      "arg0":["macro",0],
      "arg1":"service_request"
    },{
      "function":"_eq",
      "arg0":["macro",0],
      "arg1":"view_point_tag"
    },{
      "function":"_eq",
      "arg0":["macro",74],
      "arg1":"firebase_campaign"
    },{
      "function":"_eq",
      "arg0":["macro",0],
      "arg1":"formErrorEvent"
    },{
      "function":"_eq",
      "arg0":["macro",0],
      "arg1":"pageinteraction"
    },{
      "function":"_eq",
      "arg0":["macro",81],
      "arg1":"similar style viewed"
    },{
      "function":"_eq",
      "arg0":["macro",0],
      "arg1":"ifsc_api_request"
    }],
  "rules":[
    [["if",0],["add",0]],
    [["if",1],["add",0]],
    [["if",2],["add",0]],
    [["if",3],["add",0]],
    [["if",4],["add",0]],
    [["if",5],["add",0]],
    [["if",6],["add",1]],
    [["if",7],["add",2]],
    [["if",8],["add",3]],
    [["if",7],["add",4]],
    [["if",1],["unless",9],["add",5]],
    [["if",10],["add",6]],
    [["if",11],["add",7]],
    [["if",12],["add",8]],
    [["if",5],["unless",13,14],["add",9]],
    [["if",15],["add",10]],
    [["if",2],["add",11]],
    [["if",0],["add",12]],
    [["if",3],["add",13]],
    [["if",16],["add",14]],
    [["if",17],["add",14]],
    [["if",4],["add",15]],
    [["if",18],["add",16]],
    [["if",19],["add",17]],
    [["if",20],["add",18]],
    [["if",21],["add",18]],
    [["if",22],["add",19]],
    [["if",23],["add",20]],
    [["if",24],["add",20]],
    [["if",25],["add",21]],
    [["if",26],["add",22]],
    [["if",27],["add",22]],
    [["if",28],["add",23]],
    [["if",29],["add",24]],
    [["if",30],["add",25]],
    [["if",31],["unless",32],["add",26]],
    [["if",33],["unless",32],["add",27]],
    [["if",34],["add",28]],
    [["if",33,32],["add",29]],
    [["if",31],["add",30]],
    [["if",35],["add",31]],
    [["if",36],["add",32]],
    [["if",37],["add",33]],
    [["if",38,39],["add",34]],
    [["if",40],["add",35]],
    [["if",41],["add",36]],
    [["if",42],["add",37]],
    [["if",43],["add",38]],
    [["if",44],["add",39]],
    [["if",45],["add",40]],
    [["if",46],["add",41]],
    [["if",47,48],["add",42]],
    [["if",49],["add",43]]]
},
"runtime":
[
[50,"__ai_main",[46],[36,[2,[17,[15,"gtmUtils"],"mobile"],"applicationId",[7]]]],[50,"__ai",[46,"data"],[36,["__ai_main",[15,"data"]]]],[50,"__paused_main",[46]],[50,"__paused",[46,"data"],[36,["__paused_main",[15,"data"]]]],[50,"__md_main",[46,"a"],[41,"b","c","d","e","f","g","h","i","j","k","l"],[22,[12,[17,[15,"a"],"eventType"],"CUSTOM"],[46,[3,"b",[16,[15,"a"],"key"]]],[46,[22,[12,[17,[15,"a"],"eventType"],"SUGGESTED"],[46,[47,"c",[15,"a"],[46,[3,"d",[2,[15,"c"],"lastIndexOf",[7,"Param"]]],[22,[1,[29,[15,"d"],[27,1]],[12,[15,"d"],[37,[17,[15,"c"],"length"],5]]],[46,[22,[20,[15,"b"],[44]],[46,[3,"b",[16,[15,"a"],[15,"c"]]]],[46,[2,[17,[15,"gtmUtils"],"common"],"log",[7,"e",[0,[0,[0,"Ignoring unexpected additional parameter ","key in the data (key \u003d \""],[15,"c"]],"\")."]]]]]]]]]],[46,[22,[20,[17,[15,"a"],"eventType"],[44]],[46,[2,[17,[15,"gtmUtils"],"common"],"log",[7,"w","Missing expected eventType param"]],[3,"b",[16,[15,"a"],"key"]]],[46,[2,[17,[15,"gtmUtils"],"common"],"log",[7,"e",[0,"Unexpected eventType param value: ",[17,[15,"a"],"eventType"]]]],[36]]]]]]],[22,[20,[15,"b"],[44]],[46,[2,[17,[15,"gtmUtils"],"common"],"log",[7,"e","No parameter key specified in the data."]],[36]]],[3,"e",[30,[2,[17,[15,"gtmUtils"],"mobile"],"eventParameters",[7]],[8]]],[22,[12,[2,[15,"b"],"indexOf",[7,"."]],[27,1]],[46,[3,"f",[16,[15,"e"],[15,"b"]]],[22,[1,[1,[20,[15,"f"],[44]],[12,[17,[15,"a"],"eventType"],"SUGGESTED"]],[17,[15,"a"],"checkEcommerceValue"]],[46,[3,"g",[7,"items","promotions"]],[47,"h",[15,"g"],[46,[3,"i",[16,[15,"g"],[15,"h"]]],[22,[21,[16,[15,"e"],[15,"i"]],[44]],[46,[3,"j",[16,[15,"e"],[15,"i"]]],[22,[2,[17,[15,"gtmUtils"],"common"],"isArray",[7,[15,"j"]]],[46,[22,[21,[16,[16,[15,"j"],0],[15,"b"]],[44]],[46,[36,[16,[16,[15,"j"],0],[15,"b"]]]]]],[46,[22,[21,[16,[15,"j"],[15,"b"]],[44]],[46,[36,[16,[15,"j"],[15,"b"]]]]]]]]]]]]]],[46,[3,"k",[2,[17,[15,"gtmUtils"],"common"],"split",[7,[15,"b"],"."]]],[3,"f",[15,"e"]],[47,"l",[15,"k"],[46,[3,"f",[16,[15,"f"],[16,[15,"k"],[15,"l"]]]],[22,[20,[15,"f"],[44]],[46,[4]]]]]]],[22,[21,[15,"f"],[44]],[46,[36,[15,"f"]]],[46,[22,[21,[17,[15,"a"],"defaultValue"],[44]],[46,[36,[17,[15,"a"],"defaultValue"]]],[46,[2,[17,[15,"gtmUtils"],"common"],"log",[7,"w",[0,[0,"Event does not have parameter \"",[15,"b"]],"\" and no default value was defined. Returning \"undefined\"."]]]]]]]],[50,"__md",[46,"data"],[36,["__md_main",[15,"data"]]]],[50,"__fm_main",[46,"a"],[41,"b","c"],[38,[17,[15,"a"],"action"],[46,"measure","filter","block"],[46,[5,[46,[3,"b",[39,[17,[15,"a"],"mergeEventParameters"],[17,[15,"a"],"dropParamTable"],[7]]],["__fm_sendFirebaseEvent",[17,[15,"a"],"eventName"],[17,[15,"a"],"editParamTable"],[15,"b"],[17,[15,"a"],"mergeEventParameters"]],[4]]],[5,[46,[3,"c",[30,[17,[15,"a"],"overrideEventName"],[2,[17,[15,"gtmUtils"],"mobile"],"event",[7]]]],["__fm_sendFirebaseEvent",[15,"c"],[17,[15,"a"],"editParamTable"],[17,[15,"a"],"dropParamTable"],true],[2,[17,[15,"gtmUtils"],"mobile"],"suppressPassthrough",[7]],[4]]],[5,[46,[2,[17,[15,"gtmUtils"],"mobile"],"suppressPassthrough",[7]],[4]]],[9,[46,[36]]]]]],[50,"__fm_sendFirebaseEvent",[46,"a","b","c","d"],[41,"e","f","g","h","i","j","k"],[3,"e",[30,[2,[17,[15,"gtmUtils"],"common"],"tableToMap",[7,[15,"b"],"editParamKey","editParamValue"]],[8]]],[22,[28,["__fm_validateEventData",[15,"a"],[15,"e"]]],[46,[36]]],[3,"f",[7]],[47,"g",[15,"c"],[46,[2,[15,"f"],"push",[7,[16,[16,[15,"c"],[15,"g"]],"dropParamKey"]]]]],[3,"h",[30,[2,[17,[15,"gtmUtils"],"mobile"],"eventParameters",[7]],[8]]],[3,"i",[39,[15,"d"],[15,"h"],[8]]],[47,"j",[15,"e"],[46,[22,[12,[2,[15,"f"],"indexOf",[7,[15,"j"]]],[27,1]],[46,[43,[15,"i"],[15,"j"],[16,[15,"e"],[15,"j"]]]],[46,[2,[17,[15,"gtmUtils"],"common"],"log",[7,"w",[0,[0,"Dropped param ",[15,"j"]]," is also specified in param override table"]]]]]]],[3,"k",[8]],[47,"j",[15,"i"],[46,[22,[12,[2,[15,"f"],"indexOf",[7,[15,"j"]]],[27,1]],[46,[43,[15,"k"],[15,"j"],[16,[15,"i"],[15,"j"]]]]]]],[2,[17,[15,"gtmUtils"],"mobile"],"sendMeasurement",[7,[15,"a"],[15,"k"]]]],[50,"__fm_validateEventData",[46,"a","b"],[41,"c"],[22,[30,[12,[2,[15,"a"],"charAt",[7,0]],"_"],[28,[2,[15,"a"],"match",[7,"^[A-Za-z0-9_]*$"]]]],[46,[2,[17,[15,"gtmUtils"],"common"],"log",[7,"w",[0,[0,[0,"Invalid Event name: ",[15,"a"]]," (Must not start with an underscore and must consist of letters,"]," digits and/or underscores)"]]],[36,false]]],[47,"c",[15,"b"],[46,[22,[30,[12,[2,[15,"c"],"charAt",[7,0]],"_"],[28,[2,[15,"c"],"match",[7,"^[A-Za-z0-9_]*$"]]]],[46,[2,[17,[15,"gtmUtils"],"common"],"log",[7,"w",[0,[0,[0,"Invalid parameter name: ",[15,"c"]]," (Must not start with an underscore and must consist of"]," letters, digits and/or underscores)"]]],[36,false]]]]],[36,true]],[50,"__fm",[46,"data"],[36,["__fm_main",[15,"data"]]]],[50,"__cid_main",[46],[36,[2,[17,[15,"gtmUtils"],"mobile"],"containerId",[7]]]],[50,"__cid",[46,"data"],[36,["__cid_main",[15,"data"]]]],[50,"__ctv_main",[46],[36,[2,[17,[15,"gtmUtils"],"mobile"],"containerVersion",[7]]]],[50,"__ctv",[46,"data"],[36,["__ctv_main",[15,"data"]]]],[50,"__e_main",[46],[41,"a","b"],[3,"a",[2,[17,[15,"gtmUtils"],"mobile"],"event",[7]]],[22,[1,[1,[15,"a"],[18,[17,[15,"a"],"length"],0]],[12,[16,[15,"a"],0],"_"]],[46,[3,"b",[8,"_f","first_open","_v","first_visit","_iap","in_app_purchase","_e","user_engagement","_s","session_start","_ssr","session_start_with_rollout","_au","app_update","_ui","app_remove","_ab","app_background","_ou","os_update","_cd","app_clear_data","_ae","app_exception","_nf","notification_foreground","_nr","notification_receive","_no","notification_open","_nd","notification_dismiss","_cmp","firebase_campaign","_cmpx","invalid_campaign","_vs","screen_view","_ar","ad_reward","_asr","app_store_refund","_assc","app_store_subscription_convert","_assr","app_store_subscription_renew","_asse","app_store_subscription_cancel"]],[3,"a",[30,[16,[15,"b"],[15,"a"]],[15,"a"]]]]],[36,[15,"a"]]],[50,"__e",[46,"data"],[36,["__e_main",[15,"data"]]]],[50,"__an_main",[46],[36,[2,[17,[15,"gtmUtils"],"mobile"],"applicationName",[7]]]],[50,"__an",[46,"data"],[36,["__an_main",[15,"data"]]]],[50,"__av_main",[46],[36,[2,[17,[15,"gtmUtils"],"mobile"],"applicationVersion",[7]]]],[50,"__av",[46,"data"],[36,["__av_main",[15,"data"]]]],[50,"__c_main",[46,"a"],[36,[17,[15,"a"],"value"]]],[50,"__c",[46,"data"],[36,["__c_main",[15,"data"]]]],[50,"__ua_main",[46,"a"],[41,"b","c","d","e","f"],[43,[15,"a"],"fieldsToSet",["__ua_convertFieldsToSet",[17,[15,"a"],"fieldsToSet"]]],["__ua_convertIndexedField",[17,[15,"a"],"fieldsToSet"],[17,[15,"a"],"dimension"],"\u0026cd","index","dimension"],["__ua_convertIndexedField",[17,[15,"a"],"fieldsToSet"],[17,[15,"a"],"metric"],"\u0026cm","index","metric"],["__ua_convertIndexedField",[17,[15,"a"],"fieldsToSet"],[17,[15,"a"],"contentGroup"],"\u0026cg","index","group"],[22,[17,[15,"a"],"gaSettings"],[46,[3,"b",[17,[15,"a"],"gaSettings"]],[43,[15,"b"],"fieldsToSet",["__ua_convertFieldsToSet",[17,[15,"b"],"fieldsToSet"]]],["__ua_convertIndexedField",[17,[15,"b"],"fieldsToSet"],[17,[15,"b"],"dimension"],"\u0026cd","index","dimension"],["__ua_convertIndexedField",[17,[15,"b"],"fieldsToSet"],[17,[15,"b"],"metric"],"\u0026cm","index","metric"],["__ua_convertIndexedField",[17,[15,"b"],"fieldsToSet"],[17,[15,"b"],"contentGroup"],"\u0026cg","index","group"],[43,[15,"a"],"gaSettings",[45]],[3,"c",[2,[17,[15,"gtmUtils"],"common"],"copy",[7,[15,"b"],[44]]]],[3,"a",[2,[17,[15,"gtmUtils"],"common"],"copy",[7,[15,"a"],[15,"c"]]]]]],[3,"d",[17,[15,"a"],"fieldsToSet"]],[43,[15,"d"],"\u0026tid",[17,[15,"a"],"trackingId"]],[3,"e","screenview"],[3,"f",true],[38,[17,[15,"a"],"trackType"],[46,"TRACK_EVENT","TRACK_EXCEPTION","TRACK_SOCIAL","TRACK_TIMING","TRACK_TRANSACTION"],[46,[5,[46,[3,"e","event"],[22,[21,[17,[15,"a"],"eventCategory"],[44]],[46,[43,[15,"d"],"\u0026ec",[17,[15,"a"],"eventCategory"]]]],[22,[21,[17,[15,"a"],"eventAction"],[44]],[46,[43,[15,"d"],"\u0026ea",[17,[15,"a"],"eventAction"]]]],[22,[21,[17,[15,"a"],"eventLabel"],[44]],[46,[43,[15,"d"],"\u0026el",[17,[15,"a"],"eventLabel"]]]],[22,[21,[17,[15,"a"],"eventValue"],[44]],[46,[43,[15,"d"],"\u0026ev",[17,[15,"a"],"eventValue"]]]],[22,[21,[17,[15,"a"],"nonInteraction"],[44]],[46,[43,[15,"d"],"\u0026ni",[17,[15,"a"],"nonInteraction"]]]],[22,[17,[15,"a"],"enableFirebaseCampaignData"],[46,["__ua_convertCampaignParams",[15,"d"],[17,[15,"a"],"sendFirebaseCampaignData"]]]],[4]]],[5,[46,[3,"e","exception"],[22,[21,[17,[15,"a"],"exceptionDescription"],[44]],[46,[43,[15,"d"],"\u0026exd",[17,[15,"a"],"exceptionDescription"]]]],[22,[21,[17,[15,"a"],"exceptionFatal"],[44]],[46,[43,[15,"d"],"\u0026exf",[17,[15,"a"],"exceptionFatal"]]]],[4]]],[5,[46,[3,"e","social"],[22,[21,[17,[15,"a"],"socialNetwork"],[44]],[46,[43,[15,"d"],"\u0026sn",[17,[15,"a"],"socialNetwork"]]]],[22,[21,[17,[15,"a"],"socialAction"],[44]],[46,[43,[15,"d"],"\u0026sa",[17,[15,"a"],"socialAction"]]]],[22,[21,[17,[15,"a"],"socialActionTarget"],[44]],[46,[43,[15,"d"],"\u0026st",[17,[15,"a"],"socialActionTarget"]]]],[4]]],[5,[46,[3,"e","timing"],[22,[21,[17,[15,"a"],"timingVar"],[44]],[46,[43,[15,"d"],"\u0026utv",[17,[15,"a"],"timingVar"]]]],[22,[21,[17,[15,"a"],"timingCategory"],[44]],[46,[43,[15,"d"],"\u0026utc",[17,[15,"a"],"timingCategory"]]]],[22,[21,[17,[15,"a"],"timingValue"],[44]],[46,[43,[15,"d"],"\u0026utt",[17,[15,"a"],"timingValue"]]]],[22,[21,[17,[15,"a"],"timingLabel"],[44]],[46,[43,[15,"d"],"\u0026utl",[17,[15,"a"],"timingLabel"]]]],[4]]],[5,[46,[3,"e","transaction"],[3,"f",false],[4]]]]],[43,[15,"d"],"\u0026t",[15,"e"]],[22,[1,[17,[15,"a"],"enableEcommerce"],[12,[17,[15,"a"],"readDataFrom"],"FIREBASE_EVENT_DATA"]],[46,[22,[28,["__ua_sendEnhancedEcommerce",[15,"d"],[15,"a"]]],[46,[2,[17,[15,"gtmUtils"],"mobile"],"universalAnalytics",[7,[15,"d"],[15,"f"],[12,[15,"e"],"transaction"],[44],[44],false,false,[17,[15,"a"],"ecommerceVariableData"],[17,[15,"a"],"collectAdid"]]]]]],[46,[2,[17,[15,"gtmUtils"],"mobile"],"universalAnalytics",[7,[15,"d"],[15,"f"],[12,[15,"e"],"transaction"],[44],[44],[17,[15,"a"],"enableEcommerce"],false,[17,[15,"a"],"ecommerceVariableData"],[17,[15,"a"],"collectAdid"]]]]]],[50,"__ua_sendEnhancedEcommerce",[46,"a","b"],[41,"c","d","e","f","g","h","i","j","k","l","m","n","o","p","q"],[3,"c",[8,"select_content","click","view_item","detail","add_to_cart","add","remove_from_cart","remove","begin_checkout","checkout","checkout_progress","checkout","set_checkout_option","checkout_option","ecommerce_purchase","purchase","purchase_refund","refund"]],[3,"d",[8,"view_item_list","","view_search_results",""]],[3,"e",[8,"select_content",""]],[3,"f",[8,"view_item","","view_item_list","","view_search_results",""]],[3,"g",[8,"item_id","id","item_name","name","item_brand","brand","item_category","category","item_variant","variant","coupon","coupon","index","position","price","price","quantity","quantity"]],[3,"h",[8,"transaction_id","id","affiliation","affiliation","coupon","coupon","item_list","list","checkout_option","option","value","revenue","tax","tax","shipping","shipping","checkout_step","step"]],[3,"i",[8,"item_id","id","item_name","name","creative_name","creative","creative_slot","position"]],[3,"j",[2,[17,[15,"gtmUtils"],"mobile"],"event",[7]]],[3,"k",[30,[2,[17,[15,"gtmUtils"],"mobile"],"eventParameters",[7]],[8]]],[3,"l",[8]],[3,"m",false],[43,[15,"l"],"currencyCode",[16,[15,"k"],"currency"]],[22,[2,[15,"k"],"hasOwnProperty",[7,"promotions"]],[46,[22,[2,[15,"e"],"hasOwnProperty",[7,[15,"j"]]],[46,[43,[15,"a"],"\u0026t","event"],[43,[15,"a"],"\u0026ea","click"],[22,[2,[15,"k"],"hasOwnProperty",[7,"content_type"]],[46,[43,[15,"a"],"\u0026ec",[16,[15,"k"],"content_type"]]]],[22,[2,[15,"k"],"hasOwnProperty",[7,"item_id"]],[46,[43,[15,"a"],"\u0026el",[16,[15,"k"],"item_id"]]]],[43,[15,"l"],"promoClick",["__ua_convertPromotions",[15,"k"],[15,"i"]]],[3,"m",true]],[46,[22,[2,[15,"f"],"hasOwnProperty",[7,[15,"j"]]],[46,[43,[15,"l"],"promoView",["__ua_convertPromotions",[15,"k"],[15,"i"]]],[3,"m",true]]]]]],[46,[22,[2,[15,"c"],"hasOwnProperty",[7,[15,"j"]]],[46,[22,[12,[15,"j"],"set_checkout_option"],[46,[43,[15,"a"],"\u0026t","event"],[43,[15,"a"],"\u0026ea","Option"],[43,[15,"a"],"\u0026ec","Checkout"]]],[3,"n",[8]],[22,[2,[15,"k"],"hasOwnProperty",[7,"items"]],[46,[43,[15,"n"],"products",["__ua_convertProductList",[15,"k"],[15,"g"],false]]]],[3,"o",[8]],[3,"p",false],[47,"q",[15,"h"],[46,[22,[2,[15,"k"],"hasOwnProperty",[7,[15,"q"]]],[46,[43,[15,"o"],[16,[15,"h"],[15,"q"]],[16,[15,"k"],[15,"q"]]],[3,"p",true]]]]],[22,[15,"p"],[46,[43,[15,"n"],"actionField",[15,"o"]]]],[43,[15,"l"],[16,[15,"c"],[15,"j"]],[15,"n"]],[3,"m",true]],[46,[22,[2,[15,"d"],"hasOwnProperty",[7,[15,"j"]]],[46,[43,[15,"l"],"impressions",["__ua_convertProductList",[15,"k"],[15,"g"],true]],[3,"m",true]]]]]]],[22,[15,"m"],[46,[2,[17,[15,"gtmUtils"],"mobile"],"universalAnalytics",[7,[15,"a"],false,false,[44],[44],[17,[15,"b"],"enableEcommerce"],false,[15,"l"],[17,[15,"b"],"collectAdid"]]]]],[36,[15,"m"]]],[50,"__ua_convertScionFields",[46,"a","b"],[41,"c","d","e"],[22,[30,[12,[15,"b"],[44]],[12,[15,"b"],[45]]],[46,[36,[8]]]],[3,"c",[8]],[47,"d",[15,"b"],[46,[22,[30,[12,[2,[15,"d"],"indexOf",[7,"dimension"]],0],[12,[2,[15,"d"],"indexOf",[7,"metric"]],0]],[46,[43,[15,"c"],[15,"d"],[16,[15,"b"],[15,"d"]]]]]]],[47,"e",[15,"a"],[46,[22,[2,[15,"b"],"hasOwnProperty",[7,[15,"e"]]],[46,[43,[15,"c"],[16,[15,"a"],[15,"e"]],[16,[15,"b"],[15,"e"]]]]]]],[36,[15,"c"]]],[50,"__ua_convertPromotions",[46,"a","b"],[41,"c","d","e"],[3,"c",[7]],[3,"d",[16,[15,"a"],"promotions"]],[3,"e",0],[42,[23,[15,"e"],[17,[15,"d"],"length"]],[33,[15,"e"],[3,"e",[0,[15,"e"],1]]],false,[46,[2,[15,"c"],"push",[7,["__ua_convertScionFields",[15,"b"],[16,[15,"d"],[15,"e"]]]]]]],[36,[8,"promotions",[15,"c"]]]],[50,"__ua_convertProductList",[46,"a","b","c"],[41,"d","e","f","g"],[3,"d",[16,[15,"a"],"items"]],[3,"e",[7]],[22,[28,[2,[17,[15,"gtmUtils"],"common"],"isArray",[7,[15,"d"]]]],[46,[2,[15,"e"],"push",[7,["__ua_convertScionFields",[15,"b"],[15,"d"]]]]],[46,[3,"f",0],[42,[23,[15,"f"],[17,[15,"d"],"length"]],[33,[15,"f"],[3,"f",[0,[15,"f"],1]]],false,[46,[3,"g",["__ua_convertScionFields",[15,"b"],[16,[15,"d"],[15,"f"]]]],[22,[1,[15,"c"],[2,[15,"a"],"hasOwnProperty",[7,"item_list"]]],[46,[43,[15,"g"],"list",[16,[15,"a"],"item_list"]]]],[2,[15,"e"],"push",[7,[15,"g"]]]]]]],[36,[15,"e"]]],[50,"__ua_convertFieldsToSet",[46,"a"],[41,"b","c","d","e","f","g"],[22,[28,[15,"a"]],[46,[36,[8]]]],[3,"b",[8,"account","\u0026tid","anonymizeIp","\u0026aip","appName","\u0026an","appVersion","\u0026av","contentDescription","\u0026cd","contentGroup","\u0026cg","dimension","\u0026cd","eventAction","\u0026ea","eventCategory","\u0026ec","eventLabel","\u0026el","eventValue","\u0026ev","exceptionDescription","\u0026exd","exceptionFatal","\u0026exf","firebaseCampaignAdNetworkClickId","\u0026aclid","firebaseCampaignAdNetworkId","\u0026anid","firebaseCampaignContent","\u0026cc","firebaseCampaignGoogleClickId","\u0026gclid","firebaseCampaignMedium","\u0026cm","firebaseCampaignName","\u0026cn","firebaseCampaignSource","\u0026cs","firebaseCampaignTerm","\u0026ck","metric","\u0026cm","noninteraction","\u0026ni","page","\u0026dp","referrer","\u0026dr","sampleRate","\u0026sf","screenName","\u0026cd","sessionControl","\u0026sc","socialAction","\u0026sa","socialActionTarget","\u0026st","socialNetwork","\u0026sn","timingCategory","\u0026utc","timingLabel","\u0026utl","timingValue","\u0026utt","timingVar","\u0026utv","title","\u0026dt","userId","\u0026uid"]],[3,"c",[8]],[3,"d",0],[42,[23,[15,"d"],[17,[15,"a"],"length"]],[33,[15,"d"],[3,"d",[0,[15,"d"],1]]],false,[46,[3,"e",[16,[16,[15,"a"],[15,"d"]],"fieldName"]],[3,"f",[16,[16,[15,"a"],[15,"d"]],"value"]],[22,[1,[21,[15,"f"],[44]],[21,[15,"f"],[45]]],[46,[22,[12,[2,[15,"e"],"charAt",[7,0]],"\u0026"],[46,[43,[15,"c"],[15,"e"],[15,"f"]]],[46,[3,"g",[16,[15,"b"],[15,"e"]]],[22,[21,[15,"g"],[44]],[46,[43,[15,"c"],[15,"g"],[15,"f"]]],[46,[2,[17,[15,"gtmUtils"],"common"],"log",[7,"w",[0,"Dropping the invalid UA tag field name ",[15,"e"]]]]]]]]]]]],[36,[15,"c"]]],[50,"__ua_convertIndexedField",[46,"a","b","c","d","e"],[41,"f","g"],[22,[15,"b"],[46,[3,"f",0],[42,[23,[15,"f"],[17,[15,"b"],"length"]],[33,[15,"f"],[3,"f",[0,[15,"f"],1]]],false,[46,[3,"g",[16,[15,"b"],[15,"f"]]],[22,[1,[1,[15,"g"],[21,[16,[15,"g"],[15,"e"]],[44]]],[21,[16,[15,"g"],[15,"e"]],[45]]],[46,[43,[15,"a"],[0,[15,"c"],[16,[15,"g"],[15,"d"]]],[16,[15,"g"],[15,"e"]]]]]]]]]],[50,"__ua_convertCampaignParams",[46,"a","b"],[41,"c","d","e"],[22,[21,[2,[17,[15,"gtmUtils"],"mobile"],"event",[7]],"_cmp"],[46,[36]]],[3,"c",[30,[2,[17,[15,"gtmUtils"],"mobile"],"eventParameters",[7]],[8]]],[22,[15,"b"],[46,[3,"d",[8,"content","\u0026cc","anid","\u0026anid","medium","\u0026cm","campaign","\u0026cn","source","\u0026cs","term","\u0026ck","gclid","\u0026gclid","aclid","\u0026aclid"]]],[46,[3,"d",[8,"anid","\u0026anid","gclid","\u0026gclid","aclid","\u0026aclid"]]]],[47,"e",[15,"d"],[46,[22,[1,[16,[15,"c"],[15,"e"]],[28,[2,[15,"a"],"hasOwnProperty",[7,[16,[15,"d"],[15,"e"]]]]]],[46,[43,[15,"a"],[16,[15,"d"],[15,"e"]],[16,[15,"c"],[15,"e"]]]]]]]],[50,"__ua",[46,"data"],[36,["__ua_main",[15,"data"]]]],[50,"__gas_main",[46,"a"],[36,[15,"a"]]],[50,"__gas",[46,"data"],[36,["__gas_main",[15,"data"]]]],
[50,"main",[46,"a"],[43,[17,[15,"a"],"common"],"tableToMap",[15,"tableToMap"]],[43,[17,[15,"a"],"common"],"stringify",[15,"stringify"]],[43,[17,[15,"a"],"common"],"copy",[15,"copy"]],[43,[17,[15,"a"],"common"],"split",[15,"split"]]],[50,"tableToMap",[46,"a","b","c"],[41,"d","e","f"],[3,"d",[8]],[3,"e",false],[3,"f",0],[42,[1,[15,"a"],[23,[15,"f"],[17,[15,"a"],"length"]]],[33,[15,"f"],[3,"f",[0,[15,"f"],1]]],false,[46,[22,[1,[1,[16,[15,"a"],[15,"f"]],[2,[16,[15,"a"],[15,"f"]],"hasOwnProperty",[7,[15,"b"]]]],[2,[16,[15,"a"],[15,"f"]],"hasOwnProperty",[7,[15,"c"]]]],[46,[43,[15,"d"],[16,[16,[15,"a"],[15,"f"]],[15,"b"]],[16,[16,[15,"a"],[15,"f"]],[15,"c"]]],[3,"e",true]]]]],[36,[39,[15,"e"],[15,"d"],[45]]]],[50,"stringify",[46,"a"],[41,"b","c","d","e"],[22,[20,[15,"a"],[45]],[46,[36,"null"]]],[22,[20,[15,"a"],[44]],[46,[36,[44]]]],[22,[30,[12,[40,[15,"a"]],"number"],[12,[40,[15,"a"]],"boolean"]],[46,[36,[2,[15,"a"],"toString",[7]]]]],[22,[12,[40,[15,"a"]],"string"],[46,[36,[0,[0,"\"",[2,["split",[15,"a"],"\""],"join",[7,"\\\""]]],"\""]]]],[22,[2,[17,[15,"gtmUtils"],"common"],"isArray",[7,[15,"a"]]],[46,[3,"b",[7]],[3,"c",0],[42,[23,[15,"c"],[17,[15,"a"],"length"]],[33,[15,"c"],[3,"c",[0,[15,"c"],1]]],false,[46,[3,"d",["stringify",[16,[15,"a"],[15,"c"]]]],[22,[12,[15,"d"],[44]],[46,[2,[15,"b"],"push",[7,"null"]]],[46,[2,[15,"b"],"push",[7,[15,"d"]]]]]]],[36,[0,[0,"[",[2,[15,"b"],"join",[7,","]]],"]"]]]],[22,[12,[40,[15,"a"]],"object"],[46,[3,"b",[7]],[47,"e",[15,"a"],[46,[3,"d",["stringify",[16,[15,"a"],[15,"e"]]]],[22,[29,[15,"d"],[44]],[46,[2,[15,"b"],"push",[7,[0,[0,[0,"\"",[15,"e"]],"\":"],[15,"d"]]]]]]]],[36,[0,[0,"{",[2,[15,"b"],"join",[7,","]]],"}"]]]],[2,[17,[15,"gtmUtils"],"common"],"log",[7,"e","Attempting to stringify unknown type!"]],[36,[44]]],[50,"split",[46,"a","b"],[41,"c","d","e","f"],[3,"c",[7]],[22,[20,[15,"b"],""],[46,[3,"d",[17,[15,"a"],"length"]],[3,"e",0],[42,[23,[15,"e"],[15,"d"]],[33,[15,"e"],[3,"e",[0,[15,"e"],1]]],false,[46,[2,[15,"c"],"push",[7,[16,[15,"a"],[15,"e"]]]]]],[36,[15,"c"]]]],[42,[1,[15,"a"],[19,[2,[15,"a"],"indexOf",[7,[15,"b"]]],0]],[46],false,[46,[3,"f",[2,[15,"a"],"indexOf",[7,[15,"b"]]]],[22,[12,[15,"f"],0],[46,[2,[15,"c"],"push",[7,""]]],[46,[2,[15,"c"],"push",[7,[2,[15,"a"],"substring",[7,0,[15,"f"]]]]]]],[3,"a",[2,[15,"a"],"substring",[7,[0,[15,"f"],[17,[15,"b"],"length"]]]]]]],[2,[15,"c"],"push",[7,[15,"a"]]],[36,[15,"c"]]],[50,"copy",[46,"a","b"],[41,"c","d"],[3,"b",[30,[15,"b"],[39,[2,[17,[15,"gtmUtils"],"common"],"isArray",[7,[15,"a"]]],[7],[8]]]],[47,"c",[15,"a"],[46,[3,"d",[16,[15,"a"],[15,"c"]]],[22,[2,[17,[15,"gtmUtils"],"common"],"isArray",[7,[15,"d"]]],[46,[22,[28,[2,[17,[15,"gtmUtils"],"common"],"isArray",[7,[16,[15,"b"],[15,"c"]]]]],[46,[43,[15,"b"],[15,"c"],[7]]]],[43,[15,"b"],[15,"c"],["copy",[15,"d"],[16,[15,"b"],[15,"c"]]]]],[46,[22,[1,[29,[15,"d"],[45]],[12,[40,[15,"d"]],"object"]],[46,[22,[29,[40,[16,[15,"b"],[15,"c"]]],"object"],[46,[43,[15,"b"],[15,"c"],[8]]]],[43,[15,"b"],[15,"c"],["copy",[15,"d"],[16,[15,"b"],[15,"c"]]]]],[46,[43,[15,"b"],[15,"c"],[15,"d"]]]]]]]],[36,[15,"b"]]]
]
}
