{"v":"5.5.9","fr":25,"ip":0,"op":96,"w":50,"h":50,"nm":"Comp 1","ddd":0,"assets":[],"layers":[{"ddd":0,"ind":1,"ty":4,"nm":"A","sr":1,"ks":{"o":{"a":1,"k":[{"i":{"x":[0.833],"y":[1]},"o":{"x":[0.167],"y":[0]},"t":8,"s":[0]},{"i":{"x":[0.667],"y":[1]},"o":{"x":[0.167],"y":[0]},"t":13,"s":[100]},{"i":{"x":[0.667],"y":[1]},"o":{"x":[0.333],"y":[0]},"t":20,"s":[100]},{"t":25,"s":[0]}],"ix":11},"r":{"a":0,"k":0,"ix":10},"p":{"a":0,"k":[25,25,0],"ix":2},"a":{"a":0,"k":[20.05,20.25,0],"ix":1},"s":{"a":1,"k":[{"i":{"x":[0.338,0.338,0.833],"y":[0.99,0.99,1]},"o":{"x":[0.05,0.05,0.167],"y":[0.754,0.754,0]},"t":8,"s":[0,0,100]},{"i":{"x":[0.667,0.667,0.667],"y":[1,1,1]},"o":{"x":[0.327,0.327,0.167],"y":[3.648,3.648,0]},"t":13,"s":[100,100,100]},{"i":{"x":[0.667,0.667,0.667],"y":[1,1,1]},"o":{"x":[0.333,0.333,0.333],"y":[0,0,0]},"t":20,"s":[100,100,100]},{"t":25,"s":[0,0,100]}],"ix":6}},"ao":0,"shapes":[{"ty":"gr","it":[{"ind":0,"ty":"sh","ix":1,"ks":{"a":0,"k":{"i":[[0,0]],"o":[[0,0]],"v":[[16.8,42.812]],"c":false},"ix":2},"nm":"Path 1","mn":"ADBE Vector Shape - Group","hd":false},{"ty":"st","c":{"a":0,"k":[0.875337009804,0.856206497492,0.82316272212,1],"ix":3},"o":{"a":0,"k":100,"ix":4},"w":{"a":0,"k":1,"ix":5},"lc":1,"lj":1,"ml":4,"bm":0,"nm":"Stroke 1","mn":"ADBE Vector Graphic - Stroke","hd":false},{"ty":"fl","c":{"a":0,"k":[1,1,1,1],"ix":4},"o":{"a":0,"k":100,"ix":5},"r":1,"bm":0,"nm":"Fill 1","mn":"ADBE Vector Graphic - Fill","hd":false},{"ty":"tr","p":{"a":0,"k":[0,0],"ix":2},"a":{"a":0,"k":[0,0],"ix":1},"s":{"a":0,"k":[100,100],"ix":3},"r":{"a":0,"k":0,"ix":6},"o":{"a":0,"k":100,"ix":7},"sk":{"a":0,"k":0,"ix":4},"sa":{"a":0,"k":0,"ix":5},"nm":"Transform"}],"nm":"Shape 1","np":3,"cix":2,"bm":0,"ix":1,"mn":"ADBE Vector Group","hd":false},{"ty":"gr","it":[{"ind":0,"ty":"sh","ix":1,"ks":{"a":0,"k":{"i":[[2,-4.001],[0,0],[2,4.2]],"o":[[0,0],[-2,-4.001],[-2.2,4]],"v":[[-5.8,6.601],[6.2,6.601],[0.2,-5.399]],"c":true},"ix":2},"nm":"Path 1","mn":"ADBE Vector Shape - Group","hd":false},{"ind":1,"ty":"sh","ix":2,"ks":{"a":0,"k":{"i":[[0.115,-0.085],[-5.299,10.758],[-5.315,-10.734],[1.122,-1.111],[0,0],[0.421,0.947],[0.4,0],[0,0],[0.2,-0.401],[0.8,-1.8]],"o":[[5.299,-10.603],[5.316,10.631],[0.004,-0.012],[-1.427,1.413],[-0.503,-0.999],[-0.2,-0.401],[0,0],[-0.399,0],[-1,1.8],[-0.2,0.4]],"v":[[-15.708,11.552],[0,-20],[15.606,10.418],[13.49,13.364],[10.625,15.937],[9.6,13.801],[8.8,13.201],[-8.6,13.201],[-9.4,13.801],[-10.7,16.025]],"c":true},"ix":2},"nm":"Path 2","mn":"ADBE Vector Shape - Group","hd":false},{"ty":"mm","mm":1,"nm":"Merge Paths 1","mn":"ADBE Vector Filter - Merge","hd":false},{"ty":"fl","c":{"a":0,"k":[1,1,1,1],"ix":4},"o":{"a":0,"k":100,"ix":5},"r":1,"bm":0,"nm":"Fill 1","mn":"ADBE Vector Graphic - Fill","hd":false},{"ty":"tr","p":{"a":0,"k":[20.05,20.25],"ix":2},"a":{"a":0,"k":[0,0],"ix":1},"s":{"a":0,"k":[100,100],"ix":3},"r":{"a":0,"k":0,"ix":6},"o":{"a":0,"k":100,"ix":7},"sk":{"a":0,"k":0,"ix":4},"sa":{"a":0,"k":0,"ix":5},"nm":"Transform"}],"nm":"Group 1","np":4,"cix":2,"bm":0,"ix":2,"mn":"ADBE Vector Group","hd":false}],"ip":0,"op":121,"st":0,"bm":0},{"ddd":0,"ind":2,"ty":4,"nm":"Circle","sr":1,"ks":{"o":{"a":0,"k":100,"ix":11},"r":{"a":0,"k":0,"ix":10},"p":{"a":0,"k":[25,25,0],"ix":2},"a":{"a":0,"k":[20.25,20.25,0],"ix":1},"s":{"a":0,"k":[100,100,100],"ix":6}},"ao":0,"shapes":[{"ty":"gr","it":[{"ind":0,"ty":"sh","ix":1,"ks":{"a":1,"k":[{"i":{"x":0.667,"y":1},"o":{"x":0.333,"y":0},"t":20,"s":[{"i":[[0,-2.761],[0.661,-1.987],[1.213,-1.655],[1.655,-1.213],[1.987,-0.661],[2.209,0],[2.393,1.012],[1.81,1.81],[1.012,2.393],[0,2.761],[-1.012,2.393],[-1.81,1.81],[-2.393,1.012],[-2.761,0],[-2.393,-1.012],[-1.81,-1.81],[-1.012,-2.393]],"o":[[0,2.209],[-0.661,1.987],[-1.213,1.655],[-1.655,1.213],[-1.987,0.661],[-2.761,0],[-2.393,-1.012],[-1.81,-1.81],[-1.012,-2.393],[0,-2.761],[1.012,-2.393],[1.81,-1.81],[2.393,-1.012],[2.761,0],[2.393,1.012],[1.81,1.81],[1.012,2.393]],"v":[[20,0],[18.98,6.322],[16.141,11.812],[11.812,16.141],[6.322,18.98],[0,20],[-7.785,18.428],[-14.142,14.142],[-18.428,7.785],[-20,0],[-18.428,-7.785],[-14.142,-14.142],[-7.785,-18.428],[0,-20],[7.785,-18.428],[14.142,-14.142],[18.428,-7.785]],"c":true}]},{"i":{"x":0.667,"y":1},"o":{"x":0.333,"y":0},"t":30,"s":[{"i":[[-1.139,2.405],[-1.202,-1.379],[-0.679,-1.877],[0,0],[0,0],[0,0],[0,0],[0,0],[0,0],[0,0],[0,0],[0,0],[0,0],[0,0],[0,0],[0,0],[-3.442,1.437]],"o":[[1.721,0.719],[1.202,1.379],[0,0],[0,0],[0,0],[0,0],[0,0],[0,0],[0,0],[0,0],[0,0],[0,0],[0,0],[0,0],[0,0],[1.357,-3.754],[1.139,2.405]],"v":[[-16.11,-31.779],[-11.724,-28.592],[-8.901,-23.667],[-11.164,-22.523],[-13.427,-21.378],[-13.733,-21.743],[-14.04,-22.108],[-14.047,-15.415],[-14.054,-8.721],[-20.25,-8.721],[-26.446,-8.721],[-26.453,-15.415],[-26.46,-22.108],[-26.767,-21.743],[-27.073,-21.378],[-31.599,-23.667],[-24.391,-31.779]],"c":true}]},{"i":{"x":0.667,"y":1},"o":{"x":0.333,"y":0},"t":35,"s":[{"i":[[-1.139,2.405],[-1.202,-1.379],[-0.679,-1.877],[0,0],[0,0],[0,0],[0,0],[0,0],[0,0],[0,0],[0,0],[0,0],[0,0],[0,0],[0,0],[0,0],[-3.442,1.437]],"o":[[1.721,0.719],[1.202,1.379],[0,0],[0,0],[0,0],[0,0],[0,0],[0,0],[0,0],[0,0],[0,0],[0,0],[0,0],[0,0],[0,0],[1.357,-3.754],[1.139,2.405]],"v":[[-16.11,-31.779],[-11.724,-28.592],[-8.901,-23.667],[-11.164,-22.523],[-13.427,-21.378],[-13.733,-21.743],[-14.04,-22.108],[-14.047,-15.415],[-14.054,-8.721],[-20.25,-8.721],[-26.446,-8.721],[-26.453,-15.415],[-26.46,-22.108],[-26.767,-21.743],[-27.073,-21.378],[-31.599,-23.667],[-24.391,-31.779]],"c":true}]},{"i":{"x":0.667,"y":1},"o":{"x":0.333,"y":0},"t":45,"s":[{"i":[[-0.449,-2.314],[0.135,-4.854],[0,0],[1.169,-0.178],[0.368,0.024],[0,0],[1.168,0.181],[0,0],[0.135,4.854],[-0.45,2.313],[0,0],[0,0],[0,0],[-0.946,0.095],[-0.134,4.045],[-0.675,-2.45],[0.518,-0.157]],"o":[[0.448,2.313],[-0.134,4.853],[0,0],[-0.722,0.112],[0,0],[0,0],[-1.17,-0.179],[0,0],[-0.135,-4.853],[0.449,-2.315],[-0.517,-0.156],[0.674,-2.449],[0.109,3.274],[0,0],[0,0],[0,0],[0.003,0]],"v":[[-16.452,-23.608],[-14.767,-13.857],[-15.711,-5.903],[-18.363,-5.455],[-20.07,-5.375],[-20.07,-5.34],[-22.136,-5.387],[-24.788,-5.836],[-25.732,-13.79],[-24.046,-23.541],[-24.878,-30.619],[-27.507,-32.416],[-23.979,-35.224],[-20.43,-31.981],[-16.52,-35.293],[-12.992,-32.484],[-15.623,-30.687]],"c":true}]},{"i":{"x":0.667,"y":1},"o":{"x":0.333,"y":0},"t":50,"s":[{"i":[[-0.449,-2.314],[0.135,-4.854],[0,0],[1.169,-0.178],[0.368,0.024],[0,0],[1.168,0.181],[0,0],[0.135,4.854],[-0.45,2.313],[0,0],[0,0],[0,0],[-0.946,0.095],[-0.134,4.045],[-0.675,-2.45],[0.518,-0.157]],"o":[[0.448,2.313],[-0.134,4.853],[0,0],[-0.722,0.112],[0,0],[0,0],[-1.17,-0.179],[0,0],[-0.135,-4.853],[0.449,-2.315],[-0.517,-0.156],[0.674,-2.449],[0.109,3.274],[0,0],[0,0],[0,0],[0.003,0]],"v":[[-16.452,-23.608],[-14.767,-13.857],[-15.711,-5.903],[-18.363,-5.455],[-20.07,-5.375],[-20.07,-5.34],[-22.136,-5.387],[-24.788,-5.836],[-25.732,-13.79],[-24.046,-23.541],[-24.878,-30.619],[-27.507,-32.416],[-23.979,-35.224],[-20.43,-31.981],[-16.52,-35.293],[-12.992,-32.484],[-15.623,-30.687]],"c":true}]},{"i":{"x":0.667,"y":1},"o":{"x":0.333,"y":0},"t":60,"s":[{"i":[[0,0],[0,0],[0,0],[0,0],[0,0],[0,0],[0,0],[0.416,-0.169],[0.45,0],[0.417,0.169],[0.339,0.335],[0,0],[0,0.88],[-0.67,0.67],[0,0],[0,0.08],[0,0]],"o":[[0,0],[0,0],[0,0],[0,0],[0,0],[0,0],[-0.335,0.335],[-0.417,0.169],[-0.44,0],[-0.417,-0.169],[0,0],[-0.67,-0.67],[0,-0.89],[0,0],[0.07,-0.07],[0,0],[0,0]],"v":[[-7.88,-20],[-7.88,-12.605],[-7.88,-5.21],[-9.195,-3.9],[-10.51,-2.59],[-12.3,-0.8],[-14.089,0.99],[-15.228,1.746],[-16.54,2],[-17.84,1.746],[-18.989,0.99],[-19,0.97],[-20,-1.46],[-18.989,-3.92],[-14.92,-7.98],[-14.81,-8.23],[-14.81,-20]],"c":true}]},{"i":{"x":0.667,"y":1},"o":{"x":0.333,"y":0},"t":65,"s":[{"i":[[0,0],[0,0],[0,0],[0,0],[0,0],[0,0],[0,0],[0.416,-0.169],[0.45,0],[0.417,0.169],[0.339,0.335],[0,0],[0,0.88],[-0.67,0.67],[0,0],[0,0.08],[0,0]],"o":[[0,0],[0,0],[0,0],[0,0],[0,0],[0,0],[-0.335,0.335],[-0.417,0.169],[-0.44,0],[-0.417,-0.169],[0,0],[-0.67,-0.67],[0,-0.89],[0,0],[0.07,-0.07],[0,0],[0,0]],"v":[[-7.88,-20],[-7.88,-12.605],[-7.88,-5.21],[-9.195,-3.9],[-10.51,-2.59],[-12.3,-0.8],[-14.089,0.99],[-15.228,1.746],[-16.54,2],[-17.84,1.746],[-18.989,0.99],[-19,0.97],[-20,-1.46],[-18.989,-3.92],[-14.92,-7.98],[-14.81,-8.23],[-14.81,-20]],"c":true}]},{"i":{"x":0.667,"y":1},"o":{"x":0.333,"y":0},"t":75,"s":[{"i":[[-8.222,2.271],[-0.035,0.166],[-0.444,0.037],[-0.144,-0.116],[0,-0.218],[-2.19,-1.017],[-0.152,-4.313],[-1.352,-0.993],[-0.038,-0.265],[0.577,-0.047],[0.453,-0.378],[1.561,-0.52],[1.325,0.264],[1.012,0.943],[0,0],[1.211,-0.007],[0.655,0.228]],"o":[[0,0],[0.035,-0.166],[0.444,-0.039],[0.144,0.116],[0,0],[2.19,1.017],[0,0],[1.352,0.993],[0.038,0.264],[-0.577,0.047],[-0.455,0.378],[-1.561,0.52],[-1.324,-0.264],[-1.012,-0.943],[0,0],[-1.211,0.007],[0,0]],"v":[[-11.778,-19.223],[-11.818,-19.545],[-11.192,-19.923],[-10.348,-19.793],[-10.171,-19.279],[-5.829,-18.324],[-1.259,-10.899],[1.436,-8.979],[4.189,-6.661],[3.196,-6.331],[1.465,-5.83],[-1.893,-4.251],[-6.557,-3.635],[-10.236,-5.851],[-11.929,-7.671],[-14.186,-7.601],[-17.427,-7.872]],"c":true}]},{"i":{"x":0.667,"y":1},"o":{"x":0.333,"y":0},"t":80,"s":[{"i":[[-8.222,2.271],[-0.035,0.166],[-0.444,0.037],[-0.144,-0.116],[0,-0.218],[-2.19,-1.017],[-0.152,-4.313],[-1.352,-0.993],[-0.038,-0.265],[0.577,-0.047],[0.453,-0.378],[1.561,-0.52],[1.325,0.264],[1.012,0.943],[0,0],[1.211,-0.007],[0.655,0.228]],"o":[[0,0],[0.035,-0.166],[0.444,-0.039],[0.144,0.116],[0,0],[2.19,1.017],[0,0],[1.352,0.993],[0.038,0.264],[-0.577,0.047],[-0.455,0.378],[-1.561,0.52],[-1.324,-0.264],[-1.012,-0.943],[0,0],[-1.211,0.007],[0,0]],"v":[[-11.778,-19.223],[-11.818,-19.545],[-11.192,-19.923],[-10.348,-19.793],[-10.171,-19.279],[-5.829,-18.324],[-1.259,-10.899],[1.436,-8.979],[4.189,-6.661],[3.196,-6.331],[1.465,-5.83],[-1.893,-4.251],[-6.557,-3.635],[-10.236,-5.851],[-11.929,-7.671],[-14.186,-7.601],[-17.427,-7.872]],"c":true}]},{"t":90,"s":[{"i":[[0,-2.761],[0.661,-1.987],[1.213,-1.655],[1.655,-1.213],[1.987,-0.661],[2.209,0],[2.393,1.012],[1.81,1.81],[1.012,2.393],[0,2.761],[-1.012,2.393],[-1.81,1.81],[-2.393,1.012],[-2.761,0],[-2.393,-1.012],[-1.81,-1.81],[-1.012,-2.393]],"o":[[0,2.209],[-0.661,1.987],[-1.213,1.655],[-1.655,1.213],[-1.987,0.661],[-2.761,0],[-2.393,-1.012],[-1.81,-1.81],[-1.012,-2.393],[0,-2.761],[1.012,-2.393],[1.81,-1.81],[2.393,-1.012],[2.761,0],[2.393,1.012],[1.81,1.81],[1.012,2.393]],"v":[[20,0],[18.98,6.322],[16.141,11.812],[11.812,16.141],[6.322,18.98],[0,20],[-7.785,18.428],[-14.142,14.142],[-18.428,7.785],[-20,0],[-18.428,-7.785],[-14.142,-14.142],[-7.785,-18.428],[0,-20],[7.785,-18.428],[14.142,-14.142],[18.428,-7.785]],"c":true}]}],"ix":2},"nm":"Path 1","mn":"ADBE Vector Shape - Group","hd":false},{"ty":"fl","c":{"a":0,"k":[0.125490196078,0.125490196078,0.125490196078,1],"ix":4},"o":{"a":0,"k":100,"ix":5},"r":1,"bm":0,"nm":"Fill 1","mn":"ADBE Vector Graphic - Fill","hd":false},{"ty":"tr","p":{"a":1,"k":[{"i":{"x":0.667,"y":1},"o":{"x":0.333,"y":0},"t":20,"s":[20.25,20.25],"to":[3.419,3.359],"ti":[-3.419,-3.359]},{"i":{"x":0.667,"y":0.667},"o":{"x":0.333,"y":0.333},"t":30,"s":[40.762,40.406],"to":[0,0],"ti":[0,0]},{"i":{"x":0.667,"y":1},"o":{"x":0.333,"y":0},"t":35,"s":[40.762,40.406],"to":[-0.038,0.031],"ti":[0.038,-0.031]},{"i":{"x":0.667,"y":0.667},"o":{"x":0.333,"y":0.333},"t":45,"s":[40.531,40.595],"to":[0,0],"ti":[0,0]},{"i":{"x":0.667,"y":1},"o":{"x":0.333,"y":0},"t":50,"s":[40.531,40.595],"to":[-1.081,-1.863],"ti":[1.081,1.863]},{"i":{"x":0.667,"y":0.667},"o":{"x":0.333,"y":0.333},"t":60,"s":[34.048,29.417],"to":[0,0],"ti":[0,0]},{"i":{"x":0.667,"y":1},"o":{"x":0.333,"y":0},"t":65,"s":[34.048,29.417],"to":[-1.146,0.446],"ti":[1.146,-0.446]},{"i":{"x":0.667,"y":0.667},"o":{"x":0.333,"y":0.333},"t":75,"s":[27.175,32.091],"to":[0,0],"ti":[0,0]},{"i":{"x":0.667,"y":1},"o":{"x":0.333,"y":0},"t":80,"s":[27.175,32.091],"to":[-1.211,-1.934],"ti":[1.211,1.934]},{"t":90,"s":[19.911,20.485]}],"ix":2},"a":{"a":0,"k":[0,0],"ix":1},"s":{"a":1,"k":[{"i":{"x":[0.667,0.667],"y":[1,1]},"o":{"x":[0.333,0.333],"y":[0,0]},"t":0,"s":[0,0]},{"i":{"x":[0.667,0.667],"y":[1,1]},"o":{"x":[0.167,0.167],"y":[0,0]},"t":10,"s":[100,100]},{"i":{"x":[0.833,0.833],"y":[1,1]},"o":{"x":[0.167,0.167],"y":[0,0]},"t":88,"s":[100,100]},{"t":95,"s":[0,0]}],"ix":3},"r":{"a":0,"k":0,"ix":6},"o":{"a":0,"k":100,"ix":7},"sk":{"a":0,"k":0,"ix":4},"sa":{"a":0,"k":0,"ix":5},"nm":"Transform"}],"nm":"Group 1","np":2,"cix":2,"bm":0,"ix":1,"mn":"ADBE Vector Group","hd":false}],"ip":0,"op":121,"st":0,"bm":0}],"markers":[]}
