{
    "ajioStoryData":[
        {
            "bannerImageDetails": [{
                "componentPosition": 26,
                "title": "Animal Print",
                "imageUrl": "https://assets.ajio.com/media/appimages/Thumbnail/ANIMAL%20PRINTS.jpg",
                "bannerImageDetails": [{
                    "componentPosition": 26,
                    "imageUrl": "https://assets.ajio.com/media/appimages/Day1/ANIMAL%20PRINT%201.jpg",
                    "bannerUrlLink": "",
                    "page": "productListPage",
                    "query": "",
                    "uId": "",
                    "urlLink": "animal-pattern-3467-00461",
                    "title": "Animal Print"
                },
                {
                    "componentPosition": 26,
                    "imageUrl": "https://assets.ajio.com/media/appimages/Day1/ANIMAL%20PRINT%202.jpg",
                    "bannerUrlLink": "",
                    "page": "productListPage",
                    "query": "",
                    "uId": "",
                    "urlLink": "animal-pattern-3467-00461",
                    "title": "Animal Print"
                },
                {
                    "componentPosition": 26,
                    "imageUrl": "https://assets.ajio.com/media/appimages/Day1/ANIMAL%20PRINT%203.jpg",
                    "bannerUrlLink": "",
                    "page": "productListPage",
                    "query": "",
                    "uId": "",
                    "urlLink": "animal-pattern-3467-00461",
                    "title": "Animal Print"
                }
                ]
                
            },
            
            {
                "componentPosition": 26,
                "title": "Design Insider",
                "imageUrl": "https://assets.ajio.com/media/appimages/Thumbnail/womens%20design%20insider.jpg",
                "bannerImageDetails": [{
                    "componentPosition": 26,
                    "imageUrl": "https://assets.ajio.com/media/appimages/Day1/ETHNIC%20INSIDER%20-%201.jpg",
                    "bannerUrlLink": "",
                    "page": "productListPage",
                    "query": "",
                    "uId": "",
                    "urlLink": "design-insider-3467-00462",
                    "title": "Design Insider"
                },
                {
                    "componentPosition": 26,
                    "imageUrl": "https://assets.ajio.com/media/appimages/Day1/ETHNIC%20INSIDER%20-%203.jpg",
                    "bannerUrlLink": "",
                    "page": "productListPage",
                    "query": "",
                    "uId": "",
                    "urlLink": "design-insider-3467-00462",
                    "title": "Design Insider"
                },
                {
                    "componentPosition": 26,
                    "imageUrl": "https://assets.ajio.com/media/appimages/Day1/WOMENS%20DESIGN%20INSIDER%20-%203.jpg",
                    "bannerUrlLink": "",
                    "page": "productListPage",
                    "query": "",
                    "uId": "",
                    "urlLink": "design-insider-3467-00462",
                    "title": "Design Insider"
                }
                ]
                
            },{
                "componentPosition": 26,
                "title": "Botanical Brights",
                "imageUrl": "https://assets.ajio.com/media/appimages/Thumbnail/BOTANICAL%20BRIGHTS.jpg",
                "bannerImageDetails": [{
                    "componentPosition": 26,
                    "imageUrl": "https://assets.ajio.com/media/appimages/Day1/BOTANICAL%20BRIGHTS%20-%201.jpg",
                    "bannerUrlLink": "",
                    "page": "productListPage",
                    "query": "",
                    "uId": "",
                    "urlLink": "botanical-brights-3467-00461",
                    "title": "Botanical Brights"
                },
                {
                    "componentPosition": 26,
                    "imageUrl": "https://assets.ajio.com/media/appimages/Day1/BOTANICAL%20BRIGHTS%202.jpg",
                    "bannerUrlLink": "",
                    "page": "productListPage",
                    "query": "",
                    "uId": "",
                    "urlLink": "botanical-brights-3467-00461",
                    "title": "Botanical Brights"
                },
                {
                    "componentPosition": 26,
                    "imageUrl": "https://assets.ajio.com/media/appimages/Day1/BOTANICAL%20BRIGHTS%203.jpg",
                    "bannerUrlLink": "",
                    "page": "productListPage",
                    "query": "",
                    "uId": "",
                    "urlLink": "botanical-brights-3467-00461",
                    "title": "Botanical Brights"
                }
                ]
                
            },{
                "componentPosition": 26,
                "title": "Monday Blues",
                "imageUrl": "https://assets.ajio.com/media/appimages/Thumbnail/MONDAY%20BLUES.jpg",
                "bannerImageDetails": [{
                    "componentPosition": 26,
                    "imageUrl": "https://assets.ajio.com/media/appimages/Day1/mondayblues-01.jpg",
                    "bannerUrlLink": "",
                    "page": "productListPage",
                    "query": "",
                    "uId": "",
                    "urlLink": "monday-blues-3467-00461",
                    "title": "Monday Blues"
                },
                {
                    "componentPosition": 26,
                    "imageUrl": "https://assets.ajio.com/media/appimages/Day1/mondayblues-02.jpg",
                    "bannerUrlLink": "",
                    "page": "productListPage",
                    "query": "",
                    "uId": "",
                    "urlLink": "monday-blues-3467-00461",
                    "title": "Monday Blues"
                },
                {
                    "componentPosition": 26,
                    "imageUrl": "https://assets.ajio.com/media/appimages/Day1/mondayblues-03.jpg",
                    "bannerUrlLink": "",
                    "page": "productListPage",
                    "query": "",
                    "uId": "",
                    "urlLink": "monday-blues-3467-00461",
                    "title": "Monday Blues"
                }
                ]
                
            }
            ]
        },{
            "bannerImageDetails": [{
                "componentPosition": 26,
                "title": "Stripe Right",
                "imageUrl": "https://assets.ajio.com/media/appimages/Thumbnail/STRIPE%20RIGHT.jpg",
                "bannerImageDetails": [{
                    "componentPosition": 26,
                    "imageUrl": "https://assets.ajio.com/media/appimages/Day2/STRIPE%20RIGHT%201.jpg",
                    "bannerUrlLink": "",
                    "page": "productListPage",
                    "query": "",
                    "uId": "",
                    "urlLink": "stripe-right-3467-38891",
                    "title": "Stripe Right"
                },
                {
                    "componentPosition": 26,
                    "imageUrl": "https://assets.ajio.com/media/appimages/Day2/STRIPE%20RIGHT%202.jpg",
                    "bannerUrlLink": "",
                    "page": "productListPage",
                    "query": "",
                    "uId": "",
                    "urlLink": "stripe-right-3467-38891",
                    "title": "Stripe Right"
                },
                {
                    "componentPosition": 26,
                    "imageUrl": "https://assets.ajio.com/media/appimages/Day2/STRIPE%20RIGHT%203.jpg",
                    "bannerUrlLink": "",
                    "page": "productListPage",
                    "query": "",
                    "uId": "",
                    "urlLink": "stripe-right-3467-38891",
                    "title": "Stripe Right"
                }
                ]
                
            },
            
            {
                "componentPosition": 26,
                "title": "Pants Please",
                "imageUrl": "https://assets.ajio.com/media/appimages/Thumbnail/PANTS%20PLEASE.jpg",
                "bannerImageDetails": [{
                    "componentPosition": 26,
                    "imageUrl": "https://assets.ajio.com/media/appimages/Day2/PANTS%20PLEASE%201.jpg",
                    "bannerUrlLink": "",
                    "page": "productListPage",
                    "query": "",
                    "uId": "",
                    "urlLink": "pants-please-3467-38891",
                    "title": "Pants Please"
                },
                {
                    "componentPosition": 26,
                    "imageUrl": "https://assets.ajio.com/media/appimages/Day2/PANTS%20PLEASE%202.jpg",
                    "bannerUrlLink": "",
                    "page": "productListPage",
                    "query": "",
                    "uId": "",
                    "urlLink": "pants-please-3467-38891",
                    "title": "Pants Please"
                },
                {
                    "componentPosition": 26,
                    "imageUrl": "https://assets.ajio.com/media/appimages/Day2/PANTS%20PLEASE%203.jpg",
                    "bannerUrlLink": "",
                    "page": "productListPage",
                    "query": "",
                    "uId": "",
                    "urlLink": "pants-please-3467-38891",
                    "title": "Pants Please"
                }
                ]
                
            },{
                "componentPosition": 26,
                "title": "All About Mettalic",
                "imageUrl": "https://assets.ajio.com/media/appimages/Thumbnail/ALL%20ABOUT%20METALLIC%201.jpg",
                "bannerImageDetails": [{
                    "componentPosition": 26,
                    "imageUrl": "https://assets.ajio.com/media/appimages/Day2/ALL%20ABOUT%20METALLIC%201.jpg",
                    "bannerUrlLink": "",
                    "page": "productListPage",
                    "query": "",
                    "uId": "",
                    "urlLink": "all-about-metallic-3467-38891",
                    "title": "All About Mettalic"
                },
                {
                    "componentPosition": 26,
                    "imageUrl": "https://assets.ajio.com/media/appimages/Day2/ALL%20ABOUT%20METTALIC%202.jpg",
                    "bannerUrlLink": "",
                    "page": "productListPage",
                    "query": "",
                    "uId": "",
                    "urlLink": "all-about-metallic-3467-38891",
                    "title": "All About Mettalic"
                },
                {
                    "componentPosition": 26,
                    "imageUrl": "https://assets.ajio.com/media/appimages/Day2/ALL%20ABOUT%20METALLIC%203.jpg",
                    "bannerUrlLink": "",
                    "page": "productListPage",
                    "query": "",
                    "uId": "",
                    "urlLink": "all-about-metallic-3467-38891",
                    "title": "All About Mettalic"
                }
                ]
                
            },{
                "componentPosition": 26,
                "title": "Soft Romance",
                "imageUrl": "https://assets.ajio.com/media/appimages/Thumbnail/SOFT%20ROMANCE.jpg",
                "bannerImageDetails": [{
                    "componentPosition": 26,
                    "imageUrl": "https://assets.ajio.com/media/appimages/Day2/Soft%20Romance-01.jpg",
                    "bannerUrlLink": "",
                    "page": "productListPage",
                    "query": "",
                    "uId": "",
                    "urlLink": "soft-romance-3467-38891",
                    "title": "Soft Romance"
                },
                {
                    "componentPosition": 26,
                    "imageUrl": "https://assets.ajio.com/media/appimages/Day2/Soft%20Romance-02.jpg",
                    "bannerUrlLink": "",
                    "page": "productListPage",
                    "query": "",
                    "uId": "",
                    "urlLink": "soft-romance-3467-38891",
                    "title": "Soft Romance"
                },
                {
                    "componentPosition": 26,
                    "imageUrl": "https://assets.ajio.com/media/appimages/Day2/Soft%20Romance-03.jpg",
                    "bannerUrlLink": "",
                    "page": "productListPage",
                    "query": "",
                    "uId": "",
                    "urlLink": "soft-romance-3467-38891",
                    "title": "Soft Romance"
                }
                ]
                
            }
            ]
        },{
            "bannerImageDetails": [{
                "componentPosition": 26,
                "title": "Girl Boss",
                "imageUrl": "https://assets.ajio.com/media/appimages/Thumbnail/creative%20canvas.jpg",
                "bannerImageDetails": [{
                    "componentPosition": 26,
                    "imageUrl": "https://assets.ajio.com/media/appimages/Day3/GIRL%20BOSS%201.jpg",
                    "bannerUrlLink": "",
                    "page": "productListPage",
                    "query": "",
                    "uId": "",
                    "urlLink": "graphic-canvas-3467-94441",
                    "title": "Girl Boss"
                },
                {
                    "componentPosition": 26,
                    "imageUrl": "https://assets.ajio.com/media/appimages/Day3/GIRL%20BOSS%202.jpg",
                    "bannerUrlLink": "",
                    "page": "productListPage",
                    "query": "",
                    "uId": "",
                    "urlLink": "graphic-canvas-3467-94441",
                    "title": "Girl Boss"
                }
                ]
                
            },
            
            {
                "componentPosition": 26,
                "title": "Monday Manic",
                "imageUrl": "https://assets.ajio.com/media/appimages/Thumbnail/MONDAY%20MANIC.jpg",
                "bannerImageDetails": [{
                    "componentPosition": 26,
                    "imageUrl": "https://assets.ajio.com/media/appimages/Day3/MONDAY%20MANIC%201.jpg",
                    "bannerUrlLink": "",
                    "page": "productListPage",
                    "query": "",
                    "uId": "",
                    "urlLink": "monday-manic-3467-94441",
                    "title": "Monday Manic"
                },
                {
                    "componentPosition": 26,
                    "imageUrl": "https://assets.ajio.com/media/appimages/Day3/MONDAY%20MANIC%202.jpg",
                    "bannerUrlLink": "",
                    "page": "productListPage",
                    "query": "",
                    "uId": "",
                    "urlLink": "monday-manic-3467-94441",
                    "title": "Monday Manic"
                },
                {
                    "componentPosition": 26,
                    "imageUrl": "https://assets.ajio.com/media/appimages/Day3/MONDAY%20MANIC%203.jpg",
                    "bannerUrlLink": "",
                    "page": "productListPage",
                    "query": "",
                    "uId": "",
                    "urlLink": "monday-manic-3467-94441",
                    "title": "Monday Manic"
                }
                ]
                
            },{
                "componentPosition": 26,
                "title": "Cutoff Pants",
                "imageUrl": "https://assets.ajio.com/media/appimages/Thumbnail/CUT%20OFF%20PANTS.jpg",
                "bannerImageDetails": [{
                    "componentPosition": 26,
                    "imageUrl": "https://assets.ajio.com/media/appimages/Day3/cut%20off-01.jpg",
                    "bannerUrlLink": "",
                    "page": "productListPage",
                    "query": "",
                    "uId": "",
                    "urlLink": "cut-off-pants-3467-94441",
                    "title": "Cutoff Pants"
                },
                {
                    "componentPosition": 26,
                    "imageUrl": "https://assets.ajio.com/media/appimages/Day3/cut%20off-02.jpg",
                    "bannerUrlLink": "",
                    "page": "productListPage",
                    "query": "",
                    "uId": "",
                    "urlLink": "cut-off-pants-3467-94441",
                    "title": "Cutoff Pants"
                }
                ]
                
            },{
                "componentPosition": 26,
                "title": "Street Casuals",
                "imageUrl": "https://assets.ajio.com/media/appimages/Thumbnail/STREET%20CASUALS.jpg",
                "bannerImageDetails": [{
                    "componentPosition": 26,
                    "imageUrl": "https://assets.ajio.com/media/appimages/Day3/street%20casual%201.jpg",
                    "bannerUrlLink": "",
                    "page": "productListPage",
                    "query": "",
                    "uId": "",
                    "urlLink": "street-casuals-3467-94441",
                    "title": "Street Casuals"
                },
                {
                    "componentPosition": 26,
                    "imageUrl": "https://assets.ajio.com/media/appimages/Day3/street%20casual%202.jpg",
                    "bannerUrlLink": "",
                    "page": "productListPage",
                    "query": "",
                    "uId": "",
                    "urlLink": "street-casuals-3467-94441",
                    "title": "Street Casuals"
                },
                {
                    "componentPosition": 26,
                    "imageUrl": "https://assets.ajio.com/media/appimages/Day3/street%20casual%203.jpg",
                    "bannerUrlLink": "",
                    "page": "productListPage",
                    "query": "",
                    "uId": "",
                    "urlLink": "street-casuals-3467-94441",
                    "title": "Street Casuals"
                }
                ]
                
            }
            ]
        },{
            "bannerImageDetails": [{
                "componentPosition": 26,
                "title": "Hyperbloom",
                "imageUrl": "https://assets.ajio.com/media/appimages/Thumbnail/HYPER%20BLOOM.jpg",
                "bannerImageDetails": [{
                    "componentPosition": 26,
                    "imageUrl": "https://assets.ajio.com/media/appimages/Day4/hyperbloom-%201.jpg",
                    "bannerUrlLink": "",
                    "page": "productListPage",
                    "query": "",
                    "uId": "",
                    "urlLink": "hyper-bloom-3467-75461",
                    "title": "Hyperbloom"
                },
                {
                    "componentPosition": 26,
                    "imageUrl": "https://assets.ajio.com/media/appimages/Day4/hyperbloom-%202.jpg",
                    "bannerUrlLink": "",
                    "page": "productListPage",
                    "query": "",
                    "uId": "",
                    "urlLink": "hyper-bloom-3467-75461",
                    "title": "Hyperbloom"
                }
                ]
                
            },
            
            {
                "componentPosition": 26,
                "title": "Millenial Pink",
                "imageUrl": "https://assets.ajio.com/media/appimages/Thumbnail/MILLENIAL%20PINK.jpg",
                "bannerImageDetails": [{
                    "componentPosition": 26,
                    "imageUrl": "https://assets.ajio.com/media/appimages/Day4/MILLENIAL%20PINK-1.jpg",
                    "bannerUrlLink": "",
                    "page": "productListPage",
                    "query": "",
                    "uId": "",
                    "urlLink": "millenial-pink-3467-75461",
                    "title": "Millenial Pink"
                },
                {
                    "componentPosition": 26,
                    "imageUrl": "https://assets.ajio.com/media/appimages/Day4/MILLENIAL%20PINK%20-%202.jpg",
                    "bannerUrlLink": "",
                    "page": "productListPage",
                    "query": "",
                    "uId": "",
                    "urlLink": "millenial-pink-3467-75461",
                    "title": "Millenial Pink"
                }
                ]
                
            },{
                "componentPosition": 26,
                "title": "True Fusion",
                "imageUrl": "https://assets.ajio.com/media/appimages/Thumbnail/TRUE%20FUSION.jpg",
                "bannerImageDetails": [{
                    "componentPosition": 26,
                    "imageUrl": "https://assets.ajio.com/media/appimages/Day4/True%20Fusion-01.jpg",
                    "bannerUrlLink": "",
                    "page": "productListPage",
                    "query": "",
                    "uId": "",
                    "urlLink": "true-fusion-3467-75461",
                    "title": "True Fusion"
                },
                {
                    "componentPosition": 26,
                    "imageUrl": "https://assets.ajio.com/media/appimages/Day4/True%20Fusion-02.jpg",
                    "bannerUrlLink": "",
                    "page": "productListPage",
                    "query": "",
                    "uId": "",
                    "urlLink": "true-fusion-3467-75461",
                    "title": "True Fusion"
                },
                {
                    "componentPosition": 26,
                    "imageUrl": "https://assets.ajio.com/media/appimages/Day4/True%20Fusion-03.jpg",
                    "bannerUrlLink": "",
                    "page": "productListPage",
                    "query": "",
                    "uId": "",
                    "urlLink": "true-fusion-3467-75461",
                    "title": "True Fusion"
                }
                ]
                
            },{
                "componentPosition": 26,
                "title": "Night Owl",
                "imageUrl": "https://assets.ajio.com/media/appimages/Thumbnail/NIGHT%20OWL.jpg",
                "bannerImageDetails": [{
                    "componentPosition": 26,
                    "imageUrl": "https://assets.ajio.com/media/appimages/Day4/night%20owl%201.jpg",
                    "bannerUrlLink": "",
                    "page": "productListPage",
                    "query": "",
                    "uId": "",
                    "urlLink": "night-owl-3467-75461",
                    "title": "Night Owl"
                },
                {
                    "componentPosition": 26,
                    "imageUrl": "https://assets.ajio.com/media/appimages/Day4/night%20owl%202.jpg",
                    "bannerUrlLink": "",
                    "page": "productListPage",
                    "query": "",
                    "uId": "",
                    "urlLink": "night-owl-3467-75461",
                    "title": "Night Owl"
                }
                ]
                
            }
            ]
        },{
            "bannerImageDetails": [{
                "componentPosition": 26,
                "title": "The Jacket Shop",
                "imageUrl": "https://assets.ajio.com/media/appimages/Thumbnail/THE%20JACKET%20SHOP.jpg",
                "bannerImageDetails": [{
                    "componentPosition": 26,
                    "imageUrl": "https://assets.ajio.com/media/appimages/Day5/THE%20JACKET%20SHOP%201.jpg",
                    "bannerUrlLink": "",
                    "page": "productListPage",
                    "query": "",
                    "uId": "",
                    "urlLink": "the-jacket-shop-3467-95831",
                    "title": "The Jacket Shop"
                },
                {
                    "componentPosition": 26,
                    "imageUrl": "https://assets.ajio.com/media/appimages/Day5/THE%20JACKET%20SHOP%202.jpg",
                    "bannerUrlLink": "",
                    "page": "productListPage",
                    "query": "",
                    "uId": "",
                    "urlLink": "the-jacket-shop-3467-95831",
                    "title": "The Jacket Shop"
                }
                ]
                
            },
            
            {
                "componentPosition": 26,
                "title": "Black and White",
                "imageUrl": "https://assets.ajio.com/media/appimages/Thumbnail/BLACK%20AND%20WHITE.jpg",
                "bannerImageDetails": [{
                    "componentPosition": 26,
                    "imageUrl": "https://assets.ajio.com/media/appimages/Day5/BLACK%20AND%20WHITE%201.jpg",
                    "bannerUrlLink": "",
                    "page": "productListPage",
                    "query": "",
                    "uId": "",
                    "urlLink": "black-and-white-3467-95831",
                    "title": "Black and White"
                },
                {
                    "componentPosition": 26,
                    "imageUrl": "https://assets.ajio.com/media/appimages/Day5/BLACK%20AND%20WHITE%202.jpg",
                    "bannerUrlLink": "",
                    "page": "productListPage",
                    "query": "",
                    "uId": "",
                    "urlLink": "black-and-white-3467-95831",
                    "title": "Black and White"
                }
                ]
                
            },{
                "componentPosition": 26,
                "title": "Ripped and Restored",
                "imageUrl": "https://assets.ajio.com/media/appimages/Thumbnail/RIPPED%20AND%20RESTORED.jpg",
                "bannerImageDetails": [{
                    "componentPosition": 26,
                    "imageUrl": "https://assets.ajio.com/media/appimages/Day5/RIPPED%20AND%20RESTORED%201.jpg",
                    "bannerUrlLink": "",
                    "page": "productListPage",
                    "query": "",
                    "uId": "",
                    "urlLink": "ripped-and-repaired-3467-95831",
                    "title": "Ripped and Restored"
                },
                {
                    "componentPosition": 26,
                    "imageUrl": "https://assets.ajio.com/media/appimages/Day5/RIPPED%20AND%20RESTORED%202.jpg",
                    "bannerUrlLink": "",
                    "page": "productListPage",
                    "query": "",
                    "uId": "",
                    "urlLink": "ripped-and-repaired-3467-95831",
                    "title": "Ripped and Restored"
                }
                ]
                
            },{
                "componentPosition": 26,
                "title": "New Neutral",
                "imageUrl": "https://assets.ajio.com/media/appimages/Thumbnail/WINTER%20NATURALS.jpg",
                "bannerImageDetails": [{
                    "componentPosition": 26,
                    "imageUrl": "https://assets.ajio.com/media/appimages/Day5/NEW%20NATURAL%201.jpg",
                    "bannerUrlLink": "",
                    "page": "productListPage",
                    "query": "",
                    "uId": "",
                    "urlLink": "winter-naturals-3467-95831",
                    "title": "New Neutral"
                },
                {
                    "componentPosition": 26,
                    "imageUrl": "https://assets.ajio.com/media/appimages/Day5/NEW%20NATURAL%202.jpg",
                    "bannerUrlLink": "",
                    "page": "productListPage",
                    "query": "",
                    "uId": "",
                    "urlLink": "winter-naturals-3467-95831",
                    "title": "New Neutral"
                }
                ]
                
            }
            ]
        }
    ]
    ,
    "typeCode": "newajiostory"
}
