{
    "ajioStoryData":[
        {
            "bannerImageDetails": [
                {
                    "componentPosition": 26,
                    "title": "Autumn Layers",
                    "imageUrl": "https://assets.ajio.com/media/appimages/Thumbnail/AUTUMN%20LAYERS.jpg",
                    "bannerImageDetails": [
                        {
                            "componentPosition": 26,
                            "imageUrl": "https://assets.ajio.com/media/appimages/Day1/AUTUMN%20LAYERS%201.jpg",
                            "bannerUrlLink": "",
                            "page": "productListPage",
                            "query": "",
                            "uId": "",
                            "urlLink": "autumn-layers-3467-00461",
                            "title": "Autumn Layers"
                            
                        },
                        {
                            "componentPosition": 26,
                            "imageUrl": "https://assets.ajio.com/media/appimages/Day1/AUTUMN%20LAYERS%202.jpg",
                            "bannerUrlLink": "",
                            "page": "productListPage",
                            "query": "",
                            "uId": "",
                            "urlLink": "autumn-layers-3467-00461",
                            "title": "Autumn Layers"
                        },
                        {
                            "componentPosition": 26,
                            "imageUrl": "https://assets.ajio.com/media/appimages/Day1/AUTUMN%20LAYERS%203.jpg",
                            "bannerUrlLink": "",
                            "page": "productListPage",
                            "query": "",
                            "uId": "",
                            "urlLink": "autumn-layers-3467-00461",
                            "title": "Autumn Layers"
                        }
                        
                    ]
                },
                {
                    "componentPosition": 26,
                    "title": "Distressed Denim",
                    "imageUrl": "https://assets.ajio.com/media/appimages/Thumbnail/DISTRESSED%20DENIMS.jpg",
                    "bannerImageDetails": [
                        {
                            "componentPosition": 26,
                            "imageUrl": "https://assets.ajio.com/media/appimages/Day1/DISTRESSED%20DENIM%201.jpg",
                            "bannerUrlLink": "",
                            "page": "productListPage",
                            "query": "",
                            "uId": "",
                            "urlLink": "distressed-denim-3467-00461",
                            "title": "Distressed Denim"
                        },
                        {
                            "componentPosition": 26,
                            "imageUrl": "https://assets.ajio.com/media/appimages/Day1/DISTRESSED%20DENIM%202.jpg",
                            "bannerUrlLink": "",
                            "page": "productListPage",
                            "query": "",
                            "uId": "",
                            "urlLink": "distressed-denim-3467-00461",
                            "title": "Distressed Denim"
                        },
                        {
                            "componentPosition": 26,
                            "imageUrl": "https://assets.ajio.com/media/appimages/Day1/DISTRESSED%20DENIM%203.jpg",
                            "bannerUrlLink": "",
                            "page": "productListPage",
                            "query": "",
                            "uId": "",
                            "urlLink": "distressed-denim-3467-00461",
                            "title": "Distressed Denim"
                        }
                    ]
                },
                {
                    "componentPosition": 26,
                    "title": "Design Insider",
                    "imageUrl": "https://assets.ajio.com/media/appimages/Thumbnail/MEN%20DESIGN%20INSIDER.jpg",
                    "bannerImageDetails": [
                        {
                            "componentPosition": 26,
                            "imageUrl": "https://assets.ajio.com/media/appimages/Day1/MENS%20INSIDER%201.jpg",
                            "bannerUrlLink": "",
                            "page": "productListPage",
                            "query": "",
                            "uId": "",
                            "urlLink": "design-insider-3467-00461"
                            ,"title": "Design Insider"
                        },
                        {
                            "componentPosition": 26,
                            "imageUrl": "https://assets.ajio.com/media/appimages/Day1/MENS%20INSIDER%202.jpg",
                            "bannerUrlLink": "",
                            "page": "productListPage",
                            "query": "",
                            "uId": "",
                            "urlLink": "design-insider-3467-00461"
                            ,"title": "Design Insider"
                        },
                        {
                            "componentPosition": 26,
                            "imageUrl": "https://assets.ajio.com/media/appimages/Day1/MENS%20INSIDER%203.jpg",
                            "bannerUrlLink": "",
                            "page": "productListPage",
                            "query": "",
                            "uId": "",
                            "urlLink": "design-insider-3467-00461"
                            ,
                            "title": "Design Insider"
                        }
                    ]
                },
                {
                    "componentPosition": 26,
                    "title": "Run The City",
                    "imageUrl": "https://assets.ajio.com/media/appimages/Thumbnail/RUN%20THE%20CITY.jpg",
                    "bannerImageDetails": [
                        {
                            "componentPosition": 26,
                            "imageUrl": "https://assets.ajio.com/media/appimages/Day1/RUN%20THE%20CITY%201.jpg",
                            "bannerUrlLink": "",
                            "page": "productListPage",
                            "query": "",
                            "uId": "",
                            "urlLink": "run-the-city-3467-00461"
                            ,
                            "title": "Run The City"
                        },
                        {
                            "componentPosition": 26,
                            "imageUrl": "https://assets.ajio.com/media/appimages/Day1/RUN%20THE%20CITY%202.jpg",
                            "bannerUrlLink": "",
                            "page": "productListPage",
                            "query": "",
                            "uId": "",
                            "urlLink": "run-the-city-3467-00461"
                            ,
                            "title": "Run The City"
                        }
                    ]
                }
            ]
        },
        {
            "bannerImageDetails": [
                {
                    "componentPosition": 26,
                    "title": "Crafted Knits",
                    "imageUrl": "https://assets.ajio.com/media/appimages/Thumbnail/CRAFTED%20KNITS.jpg",
                    "bannerImageDetails": [
                        {
                            "componentPosition": 26,
                            "imageUrl": "https://assets.ajio.com/media/appimages/Day2/crafted%20knits%20mens%201.jpg",
                            "bannerUrlLink": "",
                            "page": "productListPage",
                            "query": "",
                            "uId": "",
                            "urlLink": "crafted-knits-3467-38891",
                            "title": "Crafted Knits"
                        },
                        {
                            "componentPosition": 26,
                            "imageUrl": "https://assets.ajio.com/media/appimages/Day2/crafted%20knits%20mens%202.jpg",
                            "bannerUrlLink": "",
                            "page": "productListPage",
                            "query": "",
                            "uId": "",
                            "urlLink": "crafted-knits-3467-38891,
                            "title": "Crafted Knits"
                        }
                    ]
                },
                {
                    "componentPosition": 26,
                    "title": "Simple Statements",
                    "imageUrl": "https://assets.ajio.com/media/appimages/Thumbnail/SIMPLE%20STATEMENTS.jpg",
                    "bannerImageDetails": [
                        {
                            "componentPosition": 26,
                            "imageUrl": "https://assets.ajio.com/media/appimages/Day2/simple%20statements%201.jpg",
                            "bannerUrlLink": "",
                            "page": "productListPage",
                            "query": "",
                            "uId": "",
                            "urlLink": "simple-statements-3467-38891"
                            ,
                            "title": "Simple Statements"
                        },
                        {
                            "componentPosition": 26,
                            "imageUrl": "https://assets.ajio.com/media/appimages/Day2/simple%20statements%202.jpg",
                            "bannerUrlLink": "",
                            "page": "productListPage",
                            "query": "",
                            "uId": "",
                            "urlLink": "simple-statements-3467-38891"
                            ,
                            "title": "Simple Statements"
                        }
                    ]
                },
                {
                    "componentPosition": 26,
                    "title": "The Rogues",
                    "imageUrl": "https://assets.ajio.com/media/appimages/Thumbnail/THE%20ROUGUES.jpg",
                    "bannerImageDetails": [
                        {
                            "componentPosition": 26,
                            "imageUrl": "https://assets.ajio.com/media/appimages/Day2/the%20rougues%201.jpg",
                            "bannerUrlLink": "",
                            "page": "productListPage",
                            "query": "",
                            "uId": "",
                            "urlLink": "the-rogues-3467-38891",
                            
                            "title": "The Rogues"
                        },
                        {
                            "componentPosition": 26,
                            "imageUrl": "https://assets.ajio.com/media/appimages/Day2/the%20rougues%202.jpg",
                            "bannerUrlLink": "",
                            "page": "productListPage",
                            "query": "",
                            "uId": "",
                            "urlLink": "the-rogues-3467-38891",
                            
                            "title": "The Rogues"
                        }
                    ]
                },
                {
                    "componentPosition": 26,
                    "title": "Winter Prints",
                    "imageUrl": "https://assets.ajio.com/media/appimages/Thumbnail/WINTER%20PRINTS.jpg",
                    "bannerImageDetails": [
                        {
                            "componentPosition": 26,
                            "imageUrl": "https://assets.ajio.com/media/appimages/Day2/WINTER%20PRINTS%201.jpg",
                            "bannerUrlLink": "",
                            "page": "productListPage",
                            "query": "",
                            "uId": "",
                            "urlLink": "winter-prints-3467-38891",
                            "title": "Winter Prints"
                        },
                        {
                            "componentPosition": 26,
                            "imageUrl": "https://assets.ajio.com/media/appimages/Day2/WINTER%20PRINTS%202.jpg",
                            "bannerUrlLink": "",
                            "page": "productListPage",
                            "query": "",
                            "uId": "",
                            "urlLink": "winter-prints-3467-38891",
                            "title": "Winter Prints"
                        }
                    ]
                }
            ]
        },
        {
            "bannerImageDetails": [
                {
                    "componentPosition": 26,
                    "title": "Type Hype",
                    "imageUrl": "https://assets.ajio.com/media/appimages/Thumbnail/TYPE%20HYPE.jpg",
                    "bannerImageDetails": [
                        {
                            "componentPosition": 26,
                            "imageUrl": "https://assets.ajio.com/media/appimages/Day3/type%20hype%201.jpg",
                            "bannerUrlLink": "",
                            "page": "productListPage",
                            "query": "",
                            "uId": "",
                            "urlLink": "type-hype-3467-94441",
                            "title": "Type Hype"
                        },
                        {
                            "componentPosition": 26,
                            "imageUrl": "https://assets.ajio.com/media/appimages/Day3/type%20hype%202.jpg",
                            "bannerUrlLink": "",
                            "page": "productListPage",
                            "query": "",
                            "uId": "",
                            "urlLink": "type-hype-3467-94441",
                            "title": "Type Hype"
                        }
                    ]
                },
                {
                    "componentPosition": 26,
                    "title": "Go Explore",
                    "imageUrl": "https://assets.ajio.com/media/appimages/Thumbnail/GO%20EXPLORE.jpg",
                    "bannerImageDetails": [
                        {
                            "componentPosition": 26,
                            "imageUrl": "https://assets.ajio.com/media/appimages/Day3/GO%20EXPLORE%201.jpg",
                            "bannerUrlLink": "",
                            "page": "productListPage",
                            "query": "",
                            "uId": "",
                            "urlLink": "go-exlore-3467-94441",
                            "title": "Go Explore"
                        },
                        {
                            "componentPosition": 26,
                            "imageUrl": "https://assets.ajio.com/media/appimages/Day3/GO%20EXPLORE%202.jpg",
                            "bannerUrlLink": "",
                            "page": "productListPage",
                            "query": "",
                            "uId": "",
                            "urlLink": "go-exlore-3467-94441",
                            "title": "Go Explore"
                        }
                    ]
                },
                {
                    "componentPosition": 26,
                    "title": "Athliesure Sweats",
                    "imageUrl": "https://assets.ajio.com/media/appimages/Thumbnail/ATH-LIESURE%20SWEATS.jpg",
                    "bannerImageDetails": [
                        {
                            "componentPosition": 26,
                            "imageUrl": "https://assets.ajio.com/media/appimages/Day3/ATHLIESURE%20SWEATS%201.jpg",
                            "bannerUrlLink": "",
                            "page": "productListPage",
                            "query": "",
                            "uId": "",
                            "urlLink": "ath-liesure-sweats-3467-94441",
                            "title": "Athliesure Sweats"
                        },
                        {
                            "componentPosition": 26,
                            "imageUrl": "https://assets.ajio.com/media/appimages/Day3/ATHLIESURE%20SWEAT%202.jpg",
                            "bannerUrlLink": "",
                            "page": "productListPage",
                            "query": "",
                            "uId": "",
                            "urlLink": "ath-liesure-sweats-3467-94441",
                            "title": "Athliesure Sweats"
                        }
                    ]
                },
                {
                    "componentPosition": 26,
                    "title": "You-Niform",
                    "imageUrl": "https://assets.ajio.com/media/appimages/Thumbnail/YOU-NIFORM.jpg",
                    "bannerImageDetails": [
                        {
                            "componentPosition": 26,
                            "imageUrl": "https://assets.ajio.com/media/appimages/Day3/you-niforn%201.jpg",
                            "bannerUrlLink": "",
                            "page": "productListPage",
                            "query": "",
                            "uId": "",
                            "urlLink": "you-niform-3467-94441",
                            "title": "You-Niform"
                        },
                        {
                            "componentPosition": 26,
                            "imageUrl": "https://assets.ajio.com/media/appimages/Day3/you-niforn%202.jpg",
                            "bannerUrlLink": "",
                            "page": "productListPage",
                            "query": "",
                            "uId": "",
                            "urlLink": "you-niform-3467-94441",
                            "title": "You-Niform"
                        }
                    ]
                }
            ]
        },
        {
            "bannerImageDetails": [
                {
                    "componentPosition": 26,
                    "title": "Camo Disguise",
                    "imageUrl": "https://assets.ajio.com/media/appimages/Thumbnail/CAMO%20DISGUISE.jpg",
                    "bannerImageDetails": [
                        {
                            "componentPosition": 26,
                            "imageUrl": "https://assets.ajio.com/media/appimages/Day4/camo%20disguise%201.jpg",
                            "bannerUrlLink": "",
                            "page": "productListPage",
                            "query": "",
                            "uId": "",
                            "urlLink": "camo-disguise-3467-75461",
                            "title": "Camo Disguise"
                        },
                        {
                            "componentPosition": 26,
                            "imageUrl": "https://assets.ajio.com/media/appimages/Day4/camo%20disguise%202.jpg",
                            "bannerUrlLink": "",
                            "page": "productListPage",
                            "query": "",
                            "uId": "",
                            "urlLink": "camo-disguise-3467-75461",
                            "title": "Camo Disguise"
                        }
                    ]
                },
                {
                    "componentPosition": 26,
                    "title": "Clash of the Tartans",
                    "imageUrl": "https://assets.ajio.com/media/appimages/Thumbnail/CLASH%20OF%20THE%20TARTANS.jpg",
                    "bannerImageDetails": [
                        {
                            "componentPosition": 26,
                            "imageUrl": "https://assets.ajio.com/media/appimages/Day4/clash%20of%20the%20tartans%201.jpg",
                            "bannerUrlLink": "",
                            "page": "productListPage",
                            "query": "",
                            "uId": "",
                            "urlLink": "clash-of-the-tartans-3467-75461",
                            "title": "Clash of the Tartans"
                        },
                        {
                            "componentPosition": 26,
                            "imageUrl": "https://assets.ajio.com/media/appimages/Day4/CLASH%20OF%20THE%20TARTANS%202.jpg",
                            "bannerUrlLink": "",
                            "page": "productListPage",
                            "query": "",
                            "uId": "",
                            "urlLink": "clash-of-the-tartans-3467-75461",
                            "title": "Clash of the Tartans"
                        }
                    ]
                },
                {
                    "componentPosition": 26,
                    "title": "Artist Unknown",
                    "imageUrl": "https://assets.ajio.com/media/appimages/Thumbnail/ARTIST%20UNKNOWN.jpg",
                    "bannerImageDetails": [
                        {
                            "componentPosition": 26,
                            "imageUrl": "https://assets.ajio.com/media/appimages/Day4/artist%20unknown%201.jpg",
                            "bannerUrlLink": "",
                            "page": "productListPage",
                            "query": "",
                            "uId": "",
                            "urlLink": "artist-unknown-3467-75461",
                            "title": "Artist Unknown"
                        },
                        {
                            "componentPosition": 26,
                            "imageUrl": "https://assets.ajio.com/media/appimages/Day4/artist%20unknown%202.jpg",
                            "bannerUrlLink": "",
                            "page": "productListPage",
                            "query": "",
                            "uId": "",
                            "urlLink": "artist-unknown-3467-75461",
                            "title": "Artist Unknown"
                        }
                    ]
                },
                {
                    "componentPosition": 26,
                    "title": "Modern Elegance",
                    "imageUrl": "https://assets.ajio.com/media/appimages/Thumbnail/modern%20elegance.jpg",
                    "bannerImageDetails": [
                        {
                            "componentPosition": 26,
                            "imageUrl": "https://assets.ajio.com/media/appimages/Day4/modern%20elegance%201.jpg",
                            "bannerUrlLink": "",
                            "page": "productListPage",
                            "query": "",
                            "uId": "",
                            "urlLink": "modern-elegance-3467-75461",
                            "title": "Modern Elegance"
                        },
                        {
                            "componentPosition": 26,
                            "imageUrl": "https://assets.ajio.com/media/appimages/Day4/modern%20elegance%202.jpg",
                            "bannerUrlLink": "",
                            "page": "productListPage",
                            "query": "",
                            "uId": "",
                            "urlLink": "modern-elegance-3467-75461",
                            "title": "Modern Elegance"
                        }
                    ]
                }
            ]
        },
        {
            "bannerImageDetails": [
                {
                    "componentPosition": 26,
                    "title": "Stripe Update",
                    "imageUrl": "https://assets.ajio.com/media/appimages/Thumbnail/STRIPE%20UPDATE.jpg",
                    "bannerImageDetails": [
                        {
                            "componentPosition": 26,
                            "imageUrl": "https://assets.ajio.com/media/appimages/Day5/stripe%20update%201.jpg",
                            "bannerUrlLink": "",
                            "page": "productListPage",
                            "query": "",
                            "uId": "",
                            "urlLink": "stripe-update-3467-95831",
                            "title": "Stripe Update"
                        },
                        {
                            "componentPosition": 26,
                            "imageUrl": "https://assets.ajio.com/media/appimages/Day5/stripe%20update%202.jpg",
                            "bannerUrlLink": "",
                            "page": "productListPage",
                            "query": "",
                            "uId": "",
                            "urlLink": "stripe-update-3467-95831",
                            "title": "Stripe Update"
                        }
                    ]
                },
                {
                    "componentPosition": 26,
                    "title": "Reclaimed Vintage",
                    "imageUrl": "https://assets.ajio.com/media/appimages/Thumbnail/RECLAIMED%20VINTAGE.jpg",
                    "bannerImageDetails": [
                        {
                            "componentPosition": 26,
                            "imageUrl": "hhttps://assets.ajio.com/media/appimages/Day5/reclaimed%20vintage%201.jpg",
                            "bannerUrlLink": "",
                            "page": "productListPage",
                            "query": "",
                            "uId": "",
                            "urlLink": "reclaimed-vintage-3467-95831",
                            "title": "Reclaimed Vintage"
                        },
                        {
                            "componentPosition": 26,
                            "imageUrl": "https://assets.ajio.com/media/appimages/Day5/reclaimed%20vintage%202.jpg",
                            "bannerUrlLink": "",
                            "page": "productListPage",
                            "query": "",
                            "uId": "",
                            "urlLink": "reclaimed-vintage-3467-95831",
                            "title": "Reclaimed Vintage"
                        }
                    ]
                },
                {
                    "componentPosition": 26,
                    "title": "Downtown Culture",
                    "imageUrl": "https://assets.ajio.com/media/appimages/Thumbnail/DOWNTOWN%20CULTURE.jpg",
                    "bannerImageDetails": [
                        {
                            "componentPosition": 26,
                            "imageUrl": "https://assets.ajio.com/media/appimages/Day5/DOWNTOWN%20CULTURE%201.jpg",
                            "bannerUrlLink": "",
                            "page": "productListPage",
                            "query": "",
                            "uId": "",
                            "urlLink": "downtown-culture-3467-95831",
                            "title": "Downtown Culture"
                        },
                        {
                            "componentPosition": 26,
                            "imageUrl": "https://assets.ajio.com/media/appimages/Day5/DOWNTOWN%20CULTURE%202.jpg",
                            "bannerUrlLink": "",
                            "page": "productListPage",
                            "query": "",
                            "uId": "",
                            "urlLink": "downtown-culture-3467-95831",
                            "title": "Downtown Culture"
                        }
                    ]
                },
                {
                    "componentPosition": 26,
                    "title": "Commuter Jacket",
                    "imageUrl": "https://assets.ajio.com/media/appimages/Thumbnail/COMMUTER%20JACKET.jpg",
                    "bannerImageDetails": [
                        {
                            "componentPosition": 26,
                            "imageUrl": "https://assets.ajio.com/media/appimages/Day5/COMMUTER%20JACKET%201.jpg",
                            "bannerUrlLink": "",
                            "page": "productListPage",
                            "query": "",
                            "uId": "",
                            "urlLink": "commuter-jacket-3467-95831",
                            "title": "Commuter Jacket"
                        },
                        {
                            "componentPosition": 26,
                            "imageUrl": "https://assets.ajio.com/media/appimages/Day5/COMMUTER%20JACKET%202.jpg",
                            "bannerUrlLink": "",
                            "page": "productListPage",
                            "query": "",
                            "uId": "",
                            "urlLink": "commuter-jacket-3467-95831",
                            "title": "Commuter Jacket"
                        }
                    ]
                }
            ]
        }
    ]
    ,
    "typeCode": "newajiostory"
}
