{
  "type": "categoryHierarchyWsDTO",
  "id": "brands",
  "subcategories": [
    {
      "id": "DNM X",
      "name": "DNM X",
      "page": "landingpage",
      "picture": "/medias/?context=bWFzdGVyfGltYWdlc3wxNjI1MTl8aW1hZ2UvanBlZ3xpbWFnZXMvaDY0L2gyMi84Nzk2MTQ4MjAzNTUwLmpwZ3xjOWYzZDhlMzU1YmQ3NDhmZDdhOWVhYzhjNmE2MzRhY2VmNzMyM2RkZmZhNTc5MTI4NzVjMjdlYzY1NDY5YTlj",
      "urlLink": "DNMX"
    },
    {
      "id": "SIYAHI",
      "name": "SIYAHI"
    },
    {
      "id": "AVAASA SET",
      "name": "AVAASA SET"
    },
    {
      "id": "RIO",
      "name": "RIO",
      "page": "productGridPage",
      "picture": "/medias/?context=bWFzdGVyfGltYWdlc3wxMjEzNjB8aW1hZ2UvanBlZ3xpbWFnZXMvaDMwL2hkYi84Nzk2MTQ5MTg2NTkwLmpwZ3w4NDA3OTdkYTkwNGQyZmY5M2UwMmI4MDIxMTllMDBhODcxNjcyODllZDc0NTdjOWM2MWZhMzkyMDY1ZmE1Zjk5",
      "urlLink": "RIO"
    },
    {
      "id": "AVAASA MIX N' MATCH",
      "name": "ajio"
    },
    {
      "id": "Addons",
      "name": "Addons"
    },
    {
      "id": "Fayon",
      "name": "Fayon",
      "page": "productGridPage",
      "picture": "/medias/?context=bWFzdGVyfGltYWdlc3wxNTQzMDV8aW1hZ2UvanBlZ3xpbWFnZXMvaGMxL2gwOS84Nzk2MTQ5MzE3NjYyLmpwZ3xjNWFlMzhkODMyZGI1MTU4MTg0NDM4MWI3YzVhMWEyZjAyMWZiNDFhZDQ1ZDM2MzQxMWQ5MTMxNGNkZmFhMTVj",
      "urlLink": "Fayon"
    },
    {
      "id": "JOVE",
      "name": "JOVE"
    },
    {
      "id": "TEAM SPIRIT",
      "name": "TEAM SPIRIT"
    },
    {
      "id": "FIG",
      "name": "FIG"
    },
    {
      "id": "RIO GIRLS",
      "name": "RIO GIRLS"
    },
    {
      "id": "LOVABLE",
      "name": "LOVABLE"
    },
    {
      "id": "RECAP",
      "name": "RECAP"
    },
    {
      "id": "Floret",
      "name": "Floret"
    },
    {
      "id": "FLORENCE",
      "name": "FLORENCE"
    },
    {
      "id": "STOL'N",
      "name": "STOL'N"
    },
    {
      "id": "Diva Fashion",
      "name": "Diva Fashion"
    },
    {
      "id": "ChhipaPrints",
      "name": "ChhipaPrints"
    },
    {
      "id": "Ridress",
      "name": "Ridress"
    },
    {
      "id": "GO COLORS",
      "name": "GO COLORS"
    },
    {
      "id": "KRAUS",
      "name": "KRAUS"
    },
    {
      "id": "PERFORMAX",
      "name": "PERFORMAX"
    },
    {
      "id": "W",
      "name": "W"
    },
    {
      "id": "AURELIA",
      "name": "AURELIA"
    },
    {
      "id": "Heart 2 Heart",
      "name": "Heart 2 Heart"
    },
    {
      "id": "Get Glamr",
      "name": "Get Glamr"
    },
    {
      "id": "KANVAS KATHA",
      "name": "KANVAS KATHA"
    },
    {
      "id": "Majestic Silk",
      "name": "Majestic Silk"
    },
    {
      "id": "FUSION",
      "name": "FUSION"
    },
    {
      "id": "Ssoul",
      "name": "Ssoul"
    }
  ]
}
