{
   "code": "FL00285000",

   "entries": [

      {

         "basePrice": {

            "currencyIso": "INR",

            "displayformattedValue": "Rs.100",

            "formattedValue": "Rs.100.00",

            "priceType": "BUY",

            "value": 100.0

         },

         "dealEnabled": true,

  "actualDealStartTime": "2020-04-16T00:00:00+0530",

   "dealEndTime": "1590727920000",

         "dealType": "DEAL_OF_THE_DAY",

  "premiumDealStartTime": "2020-04-15T00:00:00+0530",

  

         "entryNumber": 0,

         "isBundleOfferApplicable": false,

         "product": {

            "baseOptions": [

               {

                  "selected": {

                     "code": "440611785001",

                     "url": "/rio-printed-t-shirt/p/440611785001",

                     "variantOptionQualifiers": [

                        {

                           "name": "Capsule ID",

                           "qualifier": "capsuleID",

                           "value": ""

                        },

                        {

                           "name": "Color",

                           "qualifier": "color",

                           "value": "GREEN"

                        },

                        {

                           "name": "Color Description",

                           "qualifier": "colordescription",

                           "value": "ColorDescription"

                        },

                        {

                           "qualifier": "standardSize",

                           "value": ""

                        },

                        {

                           "name": "Size*",

                           "qualifier": "size",

                           "value": "XS"

                        },

                        {

                           "name": "Exclusive Till",

                           "qualifier": "exclusiveTill",

                           "value": ""

                        }

                     ]

                  },

                  "variantType": "FnlSizeVariant"

               },

               {

                  "selected": {

                     "code": "440611785_green",

                     "url": "/rio-printed-t-shirt/p/440611785_green",

                     "variantOptionQualifiers": [

                        {

                           "name": "Capsule ID",

                           "qualifier": "capsuleID",

                           "value": ""

                        },

                        {

                           "name": "Color Description",

                           "qualifier": "colordescription",

                           "value": "ColorDescription"

                        },

                        {

                           "name": "Exclusive Till",

                           "qualifier": "exclusiveTill",

                           "value": ""

                        },

                        {

                           "name": "Color",

                           "qualifier": "color",

                           "value": "GREEN"

                        }

                     ]

                  },

                  "variantType": "FnlColorVariant"

               }

            ],

            "baseProduct": "440611785_green",

            "brandName": "RIO",

            "brickCategory": "Women",

            "brickName": "Tshirts",

            "brickSubCategory": "Western Wear",

            "code": "440611785001",

            "couponStatus": "Coupon Applicable",

            "price": {

               "currencyIso": "INR",

               "displayformattedValue": "Rs.299",

               "formattedValue": "Rs.299.00",

               "priceType": "BUY",

               "value": 299.0

            },

            "purchasable": true,

            "url": "/rio-printed-t-shirt/p/440611785001",

            "verticalColor": "Green",

            "wasPriceData": {

               "currencyIso": "INR",

               "displayformattedValue": "Rs.299",

               "formattedValue": "Rs.299.00",

               "priceType": "BUY",

               "value": 299.0

            }

         },

         "quantity": 1,

         "totalPrice": {

            "currencyIso": "INR",

            "displayformattedValue": "Rs.299",

            "formattedValue": "Rs.299.00",

            "priceType": "BUY",

            "value": 299.0

         }

      },{

             "basePrice": {

                "currencyIso": "INR",

                "displayformattedValue": "Rs.100",

                "formattedValue": "Rs.100.00",

                "priceType": "BUY",

                "value": 100.0

             },

             "dealEnabled": true,

      "actualDealStartTime": "2020-04-16T00:00:00+0530",

       "dealEndTime": "1590727920000",

             "dealType": "DEAL_OF_THE_DAY",

      "premiumDealStartTime": "2020-04-15T00:00:00+0530",

      

             "entryNumber": 0,

             "isBundleOfferApplicable": false,

             "product": {

                "baseOptions": [

                   {

                      "selected": {

                         "code": "440611785001",

                         "url": "/rio-printed-t-shirt/p/440611785001",

                         "variantOptionQualifiers": [

                            {

                               "name": "Capsule ID",

                               "qualifier": "capsuleID",

                               "value": ""

                            },

                            {

                               "name": "Color",

                               "qualifier": "color",

                               "value": "GREEN"

                            },

                            {

                               "name": "Color Description",

                               "qualifier": "colordescription",

                               "value": "ColorDescription"

                            },

                            {

                               "qualifier": "standardSize",

                               "value": ""

                            },

                            {

                               "name": "Size*",

                               "qualifier": "size",

                               "value": "XS"

                            },

                            {

                               "name": "Exclusive Till",

                               "qualifier": "exclusiveTill",

                               "value": ""

                            }

                         ]

                      },

                      "variantType": "FnlSizeVariant"

                   },

                   {

                      "selected": {

                         "code": "440611785_green",

                         "url": "/rio-printed-t-shirt/p/440611785_green",

                         "variantOptionQualifiers": [

                            {

                               "name": "Capsule ID",

                               "qualifier": "capsuleID",

                               "value": ""

                            },

                            {

                               "name": "Color Description",

                               "qualifier": "colordescription",

                               "value": "ColorDescription"

                            },

                            {

                               "name": "Exclusive Till",

                               "qualifier": "exclusiveTill",

                               "value": ""

                            },

                            {

                               "name": "Color",

                               "qualifier": "color",

                               "value": "GREEN"

                            }

                         ]

                      },

                      "variantType": "FnlColorVariant"

                   }

                ],

                "baseProduct": "440611785_green",

                "brandName": "RIO",

                "brickCategory": "Women",

                "brickName": "Tshirts",

                "brickSubCategory": "Western Wear",

                "code": "440611785002",

                "couponStatus": "Coupon Applicable",

                "price": {

                   "currencyIso": "INR",

                   "displayformattedValue": "Rs.299",

                   "formattedValue": "Rs.299.00",

                   "priceType": "BUY",

                   "value": 299.0

                },

                "purchasable": true,

                "url": "/rio-printed-t-shirt/p/440611785001",

                "verticalColor": "Green",

                "wasPriceData": {

                   "currencyIso": "INR",

                   "displayformattedValue": "Rs.299",

                   "formattedValue": "Rs.299.00",

                   "priceType": "BUY",

                   "value": 299.0

                }

             },

             "quantity": 1,

             "totalPrice": {

                "currencyIso": "INR",

                "displayformattedValue": "Rs.299",

                "formattedValue": "Rs.299.00",

                "priceType": "BUY",

                "value": 299.0

             }

          }

   ],

   "exclusiveGST": {

      "currencyIso": "INR",

      "displayformattedValue": "Rs.0",

      "formattedValue": "Rs.0.00",

      "priceType": "BUY",

      "value": 0.0

   },

   "freeGiftApplicable": false,

   "guid": "580225b2-718a-43ac-b959-6b6bdc3f2661",

   "subTotal": {

      "currencyIso": "INR",

      "displayformattedValue": "Rs.299",

      "formattedValue": "Rs.299.00",

      "priceType": "BUY",

      "value": 299.0

   },

   "totalDiscounts": {

      "currencyIso": "INR",

      "displayformattedValue": "Rs.0",

      "formattedValue": "Rs.0.00",

      "priceType": "BUY",

      "value": 0.0

   },

   "totalItems": 1,

   "totalPrice": {

      "currencyIso": "INR",

      "displayformattedValue": "Rs.299",

      "formattedValue": "Rs.299.00",

      "priceType": "BUY",

      "value": 299.0

   },

   "totalPriceWithTax": {

      "currencyIso": "INR",

      "displayformattedValue": "Rs.299",

      "formattedValue": "Rs.299.00",

      "priceType": "BUY",

      "value": 299.0

   },

   "totalTax": {

      "currencyIso": "INR",

      "displayformattedValue": "Rs.0",

      "formattedValue": "Rs.0.00",

      "priceType": "BUY",

      "value": 0.0

   },

   "displayGiftWrapOption": false,

   "freeGiftTermsLink": "/help/FAQ",

   "freeGiftTermsName": "Click here to know terms and conditions with offer.",

   "giftWrapCharges": {

      "currencyIso": "INR",

      "displayformattedValue": "Rs.0",

      "formattedValue": "Rs.0.00",

      "priceType": "BUY",

      "value": 0.0

   },

   "imageFreeGiftBanner": "/img/freegiftbannerimages",

   "potentialOrderPromotions": [

      {

         "description": "Spend Rs.500.00 to get a discount of Rs.100.00 - Spend another Rs.201.00 to qualify",

         "promotion": {

            "code": "morethan500",

            "couldFireMessages": [

               "Spend Rs.500.00 to get a discount of Rs.100.00 - Spend another Rs.201.00 to qualify"

            ],

            "description": "morethan500",

            "endDate": "2099-01-01T00:00:00",

            "promotionType": "Order threshold fixed discount",

            "title": "morethan500"

         }

      }

   ],

   "totalUnitCount": 1,

   "voucherAmount": {

      "currencyIso": "INR",

      "displayformattedValue": "Rs.0",

      "formattedValue": "Rs.0.00",

      "priceType": "BUY",

      "value": 0.0

   }

} 
