{
  "status": {
    "statusCode": 0,
    "messageDescription": "Number Of Items in WishList is  2"
  },
  "extraResponseParams": {
    "Tenant ID": "AJIO",
    "UUID": "ABC"
  },
  "pagination": {
    "currentPage": 0,
    "pageSize": 10,
    "totalPages": 1,
    "totalResults": 2
  },
  "products": [
    {
      "baseOptions": [
        {
          "options": [
            {
              "code": "580007697_multi",
              "attributes": [
                {
                  "attributeName"  : "selection2",
                  "attributeValue" : "Volume"
                },
                {
                   "attributeName"  : "selection1",
                   "attributeValue" : "NULL"
                }
              ],
              "variantOptionQualifiers" : []
            }
          ]
        }
      ],
      "code": "580007697_multi",
      "brickCategory": "Women",
      "brickName": "Deodorants & Body Sprays",
      "brickSubCategory": "Fragrances & Deodorants",
      "productCode": "580007697_multi",
      "fnlColorVariantData": {
        "allPromotions": false,
        "brandName": "BAGGIT",
        "maxQuantity": 0,
        "sizeFlag": false
      },
      "images": [
        {
          "format": "product",
          "imageType": "PRIMARY",
          "url": "https://assets-uat.ajio.ril.com/medias/sys_master/root/20201016/175414/5f8990eff614b60ff6236c97/-473Wx593H-580007697-multi-MODEL.png"
        },
        {
          "format": "mobileProductListingImage",
          "imageType": "PRIMARY",
          "url": "https://assets-uat.ajio.ril.com/medias/sys_master/root/20201016/175414/5f8990eff614b60ff6236c93/-288Wx360H-580007697-multi-MODEL.png"
        }
      ],
      "categories": [],
      "name": "Park women deodorants",
      "wasPriceData": {
        "currencyIso": "INR",
        "displayformattedValue": "Rs.5,344.00",
        "formattedValue": "Rs.5,344.00",
        "priceType": "FROM",
        "value": 5344
      },
      "url": "/baggit-park-women-deodorants/p/580007697_multi",
      "variantOptions": [
        {
          "code": "580007697001",
          "priceData": {
            "currencyIso": "INR",
            "displayformattedValue": "Rs.5,344.00",
            "formattedValue": "Rs.5,344.00",
            "priceType": "FROM",
            "value": 5344
          },
          "variantOptionQualifiers": [
            {
              "name": "Size*",
              "qualifier": "size",
              "value": "FreeSize"
            },
            {
                "name": "Volume",
                "qualifier": "volume",
                "value": "33.0"
            },
            {
              "name": "UOM",
              "qualifier": "uom",
              "value": "ml"
            }
          ],
          "stock": {
            "stockLevel": 0
          },
          "wasPriceData": {
            "currencyIso": "INR",
            "displayformattedValue": "Rs.5,344.00",
            "formattedValue": "Rs.5,344.00",
            "priceType": "FROM",
            "value": 5344
          }
        }
      ],
      "price": {
        "currencyIso": "INR",
        "displayformattedValue": "Rs.5,344.00",
        "formattedValue": "Rs.5,344.00",
        "priceType": "FROM",
        "value": 5344
      },
      "wishListCreatedDate": 1620633707618,
      "sourceStoreId": "AJIO"
    },
    {
      "baseOptions": [
        {
          "options": [
            {
              "code": "447000066_charcoal",
              "attributes": [
                {
                  "name": "Selection 2",
                  "qualifier": "selection2",
                  "value": "size"
                },
                {
                  "name": "Selection 1",
                  "qualifier": "selection1",
                  "value": "color"
                }
              ]
            }
          ]
        }
      ],
      "code": "447000066_charcoal",
      "brickCategory": "Women",
      "brickName": "Gloves & Masks",
      "brickSubCategory": "Western Wear",
      "productCode": "447000066_charcoal",
      "fnlColorVariantData": {
        "allPromotions": false,
        "brandName": "TEAM SPIRIT",
        "maxQuantity": 0,
        "sizeFlag": false
      },
      "images": [
        {
          "format": "product",
          "imageType": "PRIMARY",
          "url": "https://assets-uat.ajio.ril.com/medias/sys_master/root/hf6/h3d/8814558871582/-473Wx593H-447000066-charcoal-MODEL.jpg"
        },
        {
          "format": "mobileProductListingImage",
          "imageType": "PRIMARY",
          "url": "https://assets-uat.ajio.ril.com/medias/sys_master/root/hb8/h12/8814559264798/-288Wx360H-447000066-charcoal-MODEL.jpg"
        }
      ],
      "categories": [],
      "name": "Core piping track charcoal m",
      "wasPriceData": {
        "currencyIso": "INR",
        "displayformattedValue": "Rs.399.00",
        "formattedValue": "Rs.399.00",
        "priceType": "FROM",
        "value": 399
      },
      "url": "/team-spirit-core-piping-track-charcoal-m/p/447000066_charcoal",
      "variantOptions": [
        {
          "code": "447000066020",
          "priceData": {
            "currencyIso": "INR",
            "displayformattedValue": "Rs.196.00",
            "formattedValue": "Rs.196.00",
            "priceType": "FROM",
            "value": 196
          },
          "variantOptionQualifiers": [
            {
              "name": "Size*",
              "qualifier": "size",
              "value": "XXL"
            },
            {
                "name": "Ims Batch Id",
                "qualifier": "imsBatchId",
                "swatchImage": null,
                "value": "1"
            },
            {
                "name": "EAN",
                "qualifier": "ean",
                "swatchImage": null,
                "value": "1"
            }
          ],
          "stock": {
            "stockLevel": 300040
          },
          "wasPriceData": {
            "currencyIso": "INR",
            "displayformattedValue": "Rs.399.00",
            "formattedValue": "Rs.399.00",
            "priceType": "FROM",
            "value": 399
          }
        },
        {
          "code": "447000066018",
          "priceData": {
            "currencyIso": "INR",
            "displayformattedValue": "Rs.196.00",
            "formattedValue": "Rs.196.00",
            "priceType": "FROM",
            "value": 196
          },
          "variantOptionQualifiers": [
            {
              "name": "Size*",
              "qualifier": "size",
              "value": "L"
            },
            {
                "name": "Ims Batch Id",
                "qualifier": "imsBatchId",
                "swatchImage": null,
                "value": "2"
            },
            {
                "name": "EAN",
                "qualifier": "ean",
                "swatchImage": null,
                "value": "2"
            }
          ],
          "stock": {
            "stockLevel": 121
          },
          "wasPriceData": {
            "currencyIso": "INR",
            "displayformattedValue": "Rs.399.00",
            "formattedValue": "Rs.399.00",
            "priceType": "FROM",
            "value": 399
          }
        },
        {
          "code": "447000066019",
          "priceData": {
            "currencyIso": "INR",
            "displayformattedValue": "Rs.196.00",
            "formattedValue": "Rs.196.00",
            "priceType": "FROM",
            "value": 196
          },
          "variantOptionQualifiers": [
            {
              "name": "Size*",
              "qualifier": "size",
              "value": "XL"
            },
            {
                "name": "Ims Batch Id",
                "qualifier": "imsBatchId",
                "swatchImage": null,
                "value": "3"
            },
            {
                "name": "EAN",
                "qualifier": "ean",
                "swatchImage": null,
                "value": "3"
            }
          ],
          "stock": {
            "stockLevel": 399995
          },
          "wasPriceData": {
            "currencyIso": "INR",
            "displayformattedValue": "Rs.399.00",
            "formattedValue": "Rs.399.00",
            "priceType": "FROM",
            "value": 399
          }
        },
        {
          "code": "447000066016",
          "priceData": {
            "currencyIso": "INR",
            "displayformattedValue": "Rs.399.00",
            "formattedValue": "Rs.399.00",
            "priceType": "FROM",
            "value": 399
          },
          "variantOptionQualifiers": [
            {
              "name": "Size*",
              "qualifier": "size",
              "value": "S"
            },
            {
                "name": "Ims Batch Id",
                "qualifier": "imsBatchId",
                "swatchImage": null,
                "value": "4"
            },
            {
                "name": "EAN",
                "qualifier": "ean",
                "swatchImage": null,
                "value": "4"
            }
          ],
          "stock": {
            "stockLevel": 300017
          },
          "wasPriceData": {
            "currencyIso": "INR",
            "displayformattedValue": "Rs.399.00",
            "formattedValue": "Rs.399.00",
            "priceType": "FROM",
            "value": 399
          }
        },
        {
          "code": "447000066017",
          "priceData": {
            "currencyIso": "INR",
            "displayformattedValue": "Rs.196.00",
            "formattedValue": "Rs.196.00",
            "priceType": "FROM",
            "value": 196
          },
          "variantOptionQualifiers": [
            {
              "name": "Size*",
              "qualifier": "size",
              "value": "L"
            },
            {
                "name": "Ims Batch Id",
                "qualifier": "imsBatchId",
                "swatchImage": null,
                "value": "5"
            },
            {
                "name": "EAN",
                "qualifier": "ean",
                "swatchImage": null,
                "value": "5"
            }
          ],
          "stock": {
            "stockLevel": 1002
          },
          "wasPriceData": {
            "currencyIso": "INR",
            "displayformattedValue": "Rs.399.00",
            "formattedValue": "Rs.399.00",
            "priceType": "FROM",
            "value": 399
          }
        },
        {
          "code": "447000066403",
          "priceData": {
            "currencyIso": "INR",
            "displayformattedValue": "Rs.394.00",
            "formattedValue": "Rs.394.00",
            "priceType": "FROM",
            "value": 394
          },
          "variantOptionQualifiers": [
            {
              "name": "Size*",
              "qualifier": "size",
              "value": "80"
            },
            {
                "name": "Ims Batch Id",
                "qualifier": "imsBatchId",
                "swatchImage": null,
                "value": "6"
            },
            {
                "name": "EAN",
                "qualifier": "ean",
                "swatchImage": null,
                "value": "6"
            }
          ],
          "stock": {
            "stockLevel": 0
          },
          "wasPriceData": {
            "currencyIso": "INR",
            "displayformattedValue": "Rs.804.00",
            "formattedValue": "Rs.804.00",
            "priceType": "FROM",
            "value": 804
          }
        },
        {
          "code": "447000066401",
          "priceData": {
            "currencyIso": "INR",
            "displayformattedValue": "Rs.198.00",
            "formattedValue": "Rs.198.00",
            "priceType": "FROM",
            "value": 198
          },
          "variantOptionQualifiers": [
            {
              "name": "Size*",
              "qualifier": "size",
              "value": "80"
            },
            {
                "name": "Ims Batch Id",
                "qualifier": "imsBatchId",
                "swatchImage": null,
                "value": "7"
            },
            {
                "name": "EAN",
                "qualifier": "ean",
                "swatchImage": null,
                "value": "7"
            }
          ],
          "stock": {
            "stockLevel": 0
          },
          "wasPriceData": {
            "currencyIso": "INR",
            "displayformattedValue": "Rs.404.00",
            "formattedValue": "Rs.404.00",
            "priceType": "FROM",
            "value": 404
          }
        },
        {
          "code": "447000066402",
          "priceData": {
            "currencyIso": "INR",
            "displayformattedValue": "Rs.296.00",
            "formattedValue": "Rs.296.00",
            "priceType": "FROM",
            "value": 296
          },
          "variantOptionQualifiers": [
            {
              "name": "Size*",
              "qualifier": "size",
              "value": "80"
            } ,
            {
                "name": "Ims Batch Id",
                "qualifier": "imsBatchId",
                "swatchImage": null,
                "value": "8"
            },
            {
                "name": "EAN",
                "qualifier": "ean",
                "swatchImage": null,
                "value": "8"
            }
          ],
          "stock": {
            "stockLevel": 999
          },
          "wasPriceData": {
            "currencyIso": "INR",
            "displayformattedValue": "Rs.604.00",
            "formattedValue": "Rs.604.00",
            "priceType": "FROM",
            "value": 604
          }
        }
      ],
      "price": {
        "currencyIso": "INR",
        "displayformattedValue": "Rs.196.00",
        "formattedValue": "Rs.196.00",
        "priceType": "FROM",
        "value": 196
      },
      "wishListCreatedDate": 1618912754312,
      "sourceStoreId": "AJIO"
    }
  ]
}
