{
  "status": {
    "statusCode": 0,
    "messageDescription": "page details fetched successfully",
    "errorCode": "OK"
  },
  "data": {
    "page": {
      "pageName": "Test iOS Banner 1",
      "platform": "MOBILE",
      "store": "AJIO",
      "topDescription": "test for iOS",
      "status": "EDITED",
      "startDate": 1615465633000,
      "slots": [
        {
          "rowNumber": 1,
          "component": {
            "platform": "MOBILE",
            "store": [
              "AJIO"
            ],
            "type": null,
            "componentName": "sdsfrdf",
            "heading": "sd",
            "fitToWidth": false,
            "carouselTimer": 0,
            "bottomPadding": "0px",
            "banners": [
              {
                "bannerUrl": "https://assets-uat.ajio.ril.com/cms/AJIO/MOBILE/11052020-M-WHP-RecommendsAJIO-tunics.jpg",
                "platformRestriction": [
                  "IOS",
                  "ANDROID",
                  "MSITE"
                ],
                "userStateRestriction": [
                  "LOGGED_IN",
                  "NON_LOGGED_IN"
                ],
                "userTypeRestriction": [
                  "NEW",
                  "EXISTING"
                ],
                "openInNewTab": false,
                "showTimer": true,
                "timerEndTime": null,
                "altText": "dsds",
                "width": 42.48,
                "height": 95.24,
                "hotspots": [],
                "subComponents": [],
                "texts": [
                  {
                    "value": "Nothing",
                    "fontFamily": "Gotham",
                    "fontSize": "80px",
                    "colour": "#000",
                    "fontWeight": null,
                    "x": "11",
                    "y": "7"
                  }
                ],
                "locales": []
              },
              {
                "bannerUrl": "https://assets-uat.ajio.ril.com/cms/AJIO/MOBILE/test670.jpg",
                "platformRestriction": [
                  "IOS",
                  "ANDROID",
                  "MSITE"
                ],
                "userStateRestriction": [
                  "LOGGED_IN",
                  "NON_LOGGED_IN"
                ],
                "userTypeRestriction": [
                  "NEW",
                  "EXISTING"
                ],
                "openInNewTab": false,
                "showTimer": true,
                "timerEndTime": null,
                "altText": "sdd",
                "width": 42.48,
                "height": 95.24,
                "hotspots": [
                  {
                    "hotspotUrl": "/my-account",
                    "query": null,
                    "pageType": null,
                    "width": 57.47,
                    "height": 39.06,
                    "x": 8.01,
                    "y": 16.25
                  }
                ],
                "subComponents": [],
                "texts": [],
                "locales": []
              },
              {
                "bannerUrl": "https://assets-uat.ajio.ril.com/cms/AJIO/MOBILE/test670.jpg",
                "platformRestriction": [
                  "IOS",
                  "ANDROID",
                  "MSITE"
                ],
                "userStateRestriction": [
                  "LOGGED_IN",
                  "NON_LOGGED_IN"
                ],
                "userTypeRestriction": [
                  "NEW",
                  "EXISTING"
                ],
                "openInNewTab": false,
                "showTimer": true,
                "timerEndTime": null,
                "altText": "sdd",
                "width": 42.48,
                "height": 95.24,
                "hotspots": [
                  {
                    "hotspotUrl": "/my-account",
                    "query": null,
                    "pageType": null,
                    "width": 57.47,
                    "height": 39.06,
                    "x": 8.01,
                    "y": 16.25
                  }
                ],
                "subComponents": [],
                "texts": [],
                "locales": []
              },
              {
                "bannerUrl": "https://assets-uat.ajio.ril.com/cms/AJIO/MOBILE/Artboard%207-100.jpg",
                "platformRestriction": [
                  "IOS",
                  "ANDROID",
                  "MSITE"
                ],
                "userStateRestriction": [
                  "LOGGED_IN",
                  "NON_LOGGED_IN"
                ],
                "userTypeRestriction": [
                  "NEW",
                  "EXISTING"
                ],
                "openInNewTab": false,
                "showTimer": true,
                "timerEndTime": null,
                "altText": "sdd",
                "width": 42.48,
                "height": 95.24,
                "hotspots": [
                  {
                    "hotspotUrl": "/my-account",
                    "query": null,
                    "pageType": null,
                    "width": 57.47,
                    "height": 39.06,
                    "x": 8.01,
                    "y": 16.25
                  }
                ],
                "subComponents": [],
                "texts": [],
                "locales": []
              },
              {
                "bannerUrl": "https://assets-uat.ajio.ril.com/cms/AJIO/MOBILE/test29990446.png",
                "platformRestriction": [
                  "IOS",
                  "ANDROID",
                  "MSITE"
                ],
                "userStateRestriction": [
                  "LOGGED_IN",
                  "NON_LOGGED_IN"
                ],
                "userTypeRestriction": [
                  "NEW",
                  "EXISTING"
                ],
                "openInNewTab": false,
                "showTimer": true,
                "timerEndTime": null,
                "altText": "dsds",
                "width": 42.48,
                "height": 95.24,
                "hotspots": [],
                "subComponents": [],
                "texts": [
                  {
                    "value": "Nothing",
                    "fontFamily": "Gotham",
                    "fontSize": "80px",
                    "colour": "#000",
                    "fontWeight": null,
                    "x": "11",
                    "y": "7"
                  }
                ],
                "locales": []
              },
              {
                "bannerUrl": "https://assets-uat.ajio.ril.com/cms/AJIO/MOBILE/Artboard%207-100.jpg",
                "platformRestriction": [
                  "IOS",
                  "ANDROID",
                  "MSITE"
                ],
                "userStateRestriction": [
                  "LOGGED_IN",
                  "NON_LOGGED_IN"
                ],
                "userTypeRestriction": [
                  "NEW",
                  "EXISTING"
                ],
                "openInNewTab": false,
                "showTimer": true,
                "timerEndTime": null,
                "altText": "sdd",
                "width": 42.48,
                "height": 95.24,
                "hotspots": [
                  {
                    "hotspotUrl": "/my-account",
                    "query": null,
                    "pageType": null,
                    "width": 57.47,
                    "height": 39.06,
                    "x": 8.01,
                    "y": 16.25
                  }
                ],
                "subComponents": [],
                "texts": [],
                "locales": []
              },
              {
                "bannerUrl": "https://assets-uat.ajio.ril.com/cms/AJIO/MOBILE/11052020-M-WHP-RecommendsAJIO-stripeddresses.jpg",
                "platformRestriction": [
                  "IOS",
                  "ANDROID",
                  "MSITE"
                ],
                "userStateRestriction": [
                  "LOGGED_IN",
                  "NON_LOGGED_IN"
                ],
                "userTypeRestriction": [
                  "NEW",
                  "EXISTING"
                ],
                "openInNewTab": false,
                "showTimer": true,
                "timerEndTime": null,
                "altText": "sdd",
                "width": 42.48,
                "height": 95.24,
                "hotspots": [
                  {
                    "hotspotUrl": "/my-account",
                    "query": null,
                    "pageType": null,
                    "width": 57.47,
                    "height": 39.06,
                    "x": 8.01,
                    "y": 16.25
                  }
                ],
                "subComponents": [],
                "texts": [],
                "locales": []
              },
              {
                "bannerUrl": "https://assets-uat.ajio.ril.com/cms/AJIO/MOBILE/Artboard%207-100.jpg",
                "platformRestriction": [
                  "IOS",
                  "ANDROID",
                  "MSITE"
                ],
                "userStateRestriction": [
                  "LOGGED_IN",
                  "NON_LOGGED_IN"
                ],
                "userTypeRestriction": [
                  "NEW",
                  "EXISTING"
                ],
                "openInNewTab": false,
                "showTimer": true,
                "timerEndTime": null,
                "altText": "sdd",
                "width": 42.48,
                "height": 95.24,
                "hotspots": [
                  {
                    "hotspotUrl": "/my-account",
                    "query": null,
                    "pageType": null,
                    "width": 57.47,
                    "height": 39.06,
                    "x": 8.01,
                    "y": 16.25
                  }
                ],
                "subComponents": [],
                "texts": [],
                "locales": []
              },
              {
                "bannerUrl": "https://assets-uat.ajio.ril.com/cms/AJIO/MOBILE/Artboard%207-100.jpg",
                "platformRestriction": [
                  "IOS",
                  "ANDROID",
                  "MSITE"
                ],
                "userStateRestriction": [
                  "LOGGED_IN",
                  "NON_LOGGED_IN"
                ],
                "userTypeRestriction": [
                  "NEW",
                  "EXISTING"
                ],
                "openInNewTab": false,
                "showTimer": true,
                "timerEndTime": null,
                "altText": "sdd",
                "width": 42.48,
                "height": 95.24,
                "hotspots": [
                  {
                    "hotspotUrl": "/my-account",
                    "query": null,
                    "pageType": null,
                    "width": 57.47,
                    "height": 39.06,
                    "x": 8.01,
                    "y": 16.25
                  }
                ],
                "subComponents": [],
                "texts": [],
                "locales": []
              },
              {
                "bannerUrl": "https://assets-uat.ajio.ril.com/cms/AJIO/MOBILE/Artboard%207-100.jpg",
                "platformRestriction": [
                  "IOS",
                  "ANDROID",
                  "MSITE"
                ],
                "userStateRestriction": [
                  "LOGGED_IN",
                  "NON_LOGGED_IN"
                ],
                "userTypeRestriction": [
                  "NEW",
                  "EXISTING"
                ],
                "openInNewTab": false,
                "showTimer": true,
                "timerEndTime": null,
                "altText": "sdd",
                "width": 42.48,
                "height": 95.24,
                "hotspots": [
                  {
                    "hotspotUrl": "/my-account",
                    "query": null,
                    "pageType": null,
                    "width": 57.47,
                    "height": 39.06,
                    "x": 8.01,
                    "y": 16.25
                  }
                ],
                "subComponents": [],
                "texts": [],
                "locales": []
              },
              {
                "bannerUrl": "https://assets-uat.ajio.ril.com/cms/AJIO/MOBILE/Artboard%207-100.jpg",
                "platformRestriction": [
                  "IOS",
                  "ANDROID",
                  "MSITE"
                ],
                "userStateRestriction": [
                  "LOGGED_IN",
                  "NON_LOGGED_IN"
                ],
                "userTypeRestriction": [
                  "NEW",
                  "EXISTING"
                ],
                "openInNewTab": false,
                "showTimer": true,
                "timerEndTime": null,
                "altText": "sdd",
                "width": 42.48,
                "height": 95.24,
                "hotspots": [
                  {
                    "hotspotUrl": "/my-account",
                    "query": null,
                    "pageType": null,
                    "width": 57.47,
                    "height": 39.06,
                    "x": 8.01,
                    "y": 16.25
                  }
                ],
                "subComponents": [],
                "texts": [],
                "locales": []
              }
            ]
          }
        },
        {
          "rowNumber": 2,
          "component": {
            "platform": "MOBILE",
            "store": [
              "AJIO"
            ],
            "type": null,
            "componentName": "sdsfrdf",
            "heading": "sd",
            "fitToWidth": false,
            "carouselTimer": 0,
            "bottomPadding": "0px",
            "banners": [
              {
                "bannerUrl": "https://assets-uat.ajio.ril.com/cms/AJIO/MOBILE/11052020-M-WHP-Theresmore-kids.jpg",
                "platformRestriction": [
                  "IOS",
                  "ANDROID",
                  "MSITE"
                ],
                "userStateRestriction": [
                  "LOGGED_IN",
                  "NON_LOGGED_IN"
                ],
                "userTypeRestriction": [
                  "NEW",
                  "EXISTING"
                ],
                "openInNewTab": false,
                "showTimer": true,
                "timerEndTime": null,
                "altText": "dsds",
                "width": 42.48,
                "height": 95.24,
                "hotspots": [],
                "subComponents": [],
                "texts": [
                  {
                    "value": "Nothing",
                    "fontFamily": "Gotham",
                    "fontSize": "80px",
                    "colour": "#000",
                    "fontWeight": null,
                    "x": "11",
                    "y": "7"
                  }
                ],
                "locales": []
              },
              {
                "bannerUrl": "https://assets-uat.ajio.ril.com/cms/AJIO/MOBILE/test890.jpg",
                "platformRestriction": [
                  "IOS",
                  "ANDROID",
                  "MSITE"
                ],
                "userStateRestriction": [
                  "LOGGED_IN",
                  "NON_LOGGED_IN"
                ],
                "userTypeRestriction": [
                  "NEW",
                  "EXISTING"
                ],
                "openInNewTab": false,
                "showTimer": true,
                "timerEndTime": null,
                "altText": "sdd",
                "width": 42.48,
                "height": 95.24,
                "hotspots": [
                  {
                    "hotspotUrl": "/my-account",
                    "query": null,
                    "pageType": null,
                    "width": 57.47,
                    "height": 39.06,
                    "x": 8.01,
                    "y": 16.25
                  }
                ],
                "subComponents": [],
                "texts": [],
                "locales": []
              }
            ]
          }
        },
        {
          "rowNumber": 3,
          "component": {
            "platform": "MOBILE",
            "store": [
              "AJIO"
            ],
            "type": null,
            "componentName": "MobileComp1",
            "heading": "MobileComp1",
            "fitToWidth": true,
            "carouselTimer": 2,
            "bottomPadding": "5px",
            "banners": [
              {
                "bannerUrl": "https://assets-uat.ajio.ril.com/cms/AJIO/MOBILE/11052020-M-WHP-AJIOrecommends-bottomsup.jpg",
                "platformRestriction": [
                  "IOS",
                  "ANDROID",
                  "MSITE"
                ],
                "userStateRestriction": [
                  "LOGGED_IN",
                  "NON_LOGGED_IN"
                ],
                "userTypeRestriction": [
                  "NEW",
                  "EXISTING"
                ],
                "openInNewTab": false,
                "showTimer": true,
                "timerEndTime": null,
                "altText": "recomm",
                "width": 49.71,
                "height": 142.86,
                "hotspots": [
                  {
                    "hotspotUrl": "/storefront/hometest",
                    "query": null,
                    "pageType": null,
                    "width": 100,
                    "height": 100,
                    "x": 0,
                    "y": 0
                  }
                ],
                "subComponents": [
                  {
                    "type": "LOGO",
                    "name": null,
                    "imageUrl": "https://assets-uat.ajio.ril.com/cms/AJIO/MOBILE/avasa logo.png",
                    "width": 52.45,
                    "height": 19.69,
                    "x": 25.38,
                    "y": 43.54
                  }
                ],
                "texts": [],
                "locales": []
              },
              {
                "bannerUrl": "https://assets-uat.ajio.ril.com/cms/AJIO/MOBILE/11052020-M-WHP-AJIOrecommends-floralfantasy.jpg",
                "platformRestriction": [
                  "IOS",
                  "ANDROID",
                  "MSITE"
                ],
                "userStateRestriction": [
                  "LOGGED_IN",
                  "NON_LOGGED_IN"
                ],
                "userTypeRestriction": [
                  "NEW",
                  "EXISTING"
                ],
                "openInNewTab": false,
                "showTimer": true,
                "timerEndTime": null,
                "altText": "floral",
                "width": 49.71,
                "height": 142.86,
                "hotspots": [
                  {
                    "hotspotUrl": "/floral",
                    "query": null,
                    "pageType": null,
                    "width": 99.02,
                    "height": 22.19,
                    "x": 0.49,
                    "y": 77.6
                  }
                ],
                "subComponents": [],
                "texts": [],
                "locales": []
              }
            ]
          }
        },
        {
          "rowNumber": 4,
          "component": {
            "platform": "MOBILE",
            "store": [
              "AJIO"
            ],
            "type": null,
            "componentName": "testcmp11",
            "heading": "testcmp11",
            "fitToWidth": true,
            "carouselTimer": null,
            "bottomPadding": "0px",
            "banners": [
              {
                "bannerUrl": "https://assets-uat.ajio.ril.com/cms/AJIO/MOBILE/22012021-D-NewArrival-Collections-Camper-Newcollection.jpg",
                "platformRestriction": [
                  "IOS",
                  "ANDROID",
                  "MSITE"
                ],
                "userStateRestriction": [
                  "LOGGED_IN",
                  "NON_LOGGED_IN"
                ],
                "userTypeRestriction": [
                  "NEW",
                  "EXISTING"
                ],
                "openInNewTab": false,
                "showTimer": true,
                "timerEndTime": null,
                "altText": "testcmp11",
                "width": 70.31,
                "height": 76.49,
                "hotspots": [
                  {
                    "hotspotUrl": "/abc/aa",
                    "query": null,
                    "pageType": null,
                    "width": 100,
                    "height": 100,
                    "x": 0,
                    "y": 0
                  }
                ],
                "subComponents": [
                  {
                    "type": "CTA",
                    "name": null,
                    "imageUrl": "https://assets-uat.ajio.ril.com/cms/AJIO/MOBILE/Home-1.png",
                    "width": 10,
                    "height": 14.01,
                    "x": 87.63,
                    "y": 84.88
                  },
                  {
                    "type": "CTA",
                    "name": null,
                    "imageUrl": "https://assets-uat.ajio.ril.com/cms/AJIO/MOBILE/Home-1.png",
                    "width": 10,
                    "height": 14.01,
                    "x": 50.63,
                    "y": 50.88
                  }
                ],
                "texts": [],
                "locales": []
              }
            ]
          }
        },
        {
          "rowNumber": 5,
          "component": {
            "platform": "MOBILE",
            "store": [
              "AJIO"
            ],
            "type": null,
            "componentName": "testvinuraj1",
            "heading": "testcmp11",
            "fitToWidth": true,
            "carouselTimer": null,
            "bottomPadding": "0px",
            "banners": [
              {
                "bannerUrl": "https://assets-uat.ajio.ril.com/cms/AJIO/MOBILE/test567.jpg",
                "platformRestriction": [
                  "IOS",
                  "ANDROID",
                  "MSITE"
                ],
                "userStateRestriction": [
                  "LOGGED_IN",
                  "NON_LOGGED_IN"
                ],
                "userTypeRestriction": [
                  "NEW",
                  "EXISTING"
                ],
                "openInNewTab": false,
                "showTimer": true,
                "timerEndTime": null,
                "altText": "testcmp11",
                "width": 100,
                "height": 150,
                "hotspots": [
                  {
                    "hotspotUrl": "/abc/aa",
                    "query": null,
                    "pageType": null,
                    "width": 100,
                    "height": 100,
                    "x": 0,
                    "y": 0
                  }
                ],
                "subComponents": [
                  {
                    "type": "CTA",
                    "name": null,
                    "imageUrl": "https://assets-uat.ajio.ril.com/cms/AJIO/MOBILE/Home-1.png",
                    "width": 10,
                    "height": 14.01,
                    "x": 87.63,
                    "y": 84.88
                  }
                ],
                "texts": [],
                "locales": []
              },
              {
                "bannerUrl": "https://assets-uat.ajio.ril.com/cms/AJIO/MOBILE/test21528371.jpg",
                "platformRestriction": [
                  "IOS",
                  "ANDROID",
                  "MSITE"
                ],
                "userStateRestriction": [
                  "LOGGED_IN",
                  "NON_LOGGED_IN"
                ],
                "userTypeRestriction": [
                  "NEW",
                  "EXISTING"
                ],
                "openInNewTab": false,
                "showTimer": true,
                "timerEndTime": null,
                "altText": "testcmp11",
                "width": 100,
                "height": 150,
                "hotspots": [
                  {
                    "hotspotUrl": "/abc/aa",
                    "query": null,
                    "pageType": null,
                    "width": 100,
                    "height": 100,
                    "x": 0,
                    "y": 0
                  }
                ],
                "subComponents": [
                  {
                    "type": "CTA",
                    "name": null,
                    "imageUrl": "https://assets-uat.ajio.ril.com/cms/AJIO/MOBILE/Home-1.png",
                    "width": 10,
                    "height": 14.01,
                    "x": 87.63,
                    "y": 84.88
                  }
                ],
                "texts": [],
                "locales": []
              }
            ]
          }
        },
        {
          "rowNumber": 6,
          "component": {
            "platform": "MOBILE",
            "store": [
              "AJIO"
            ],
            "type": null,
            "componentName": "selvamobile",
            "heading": "",
            "fitToWidth": true,
            "carouselTimer": 2,
            "bottomPadding": "0px",
            "banners": [
              {
                "bannerUrl": "https://assets-uat.ajio.ril.com/cms/AJIO/MOBILE/Artboard 9-100.jpg",
                "platformRestriction": [
                  "IOS",
                  "ANDROID",
                  "MSITE"
                ],
                "userStateRestriction": [
                  "LOGGED_IN",
                  "NON_LOGGED_IN"
                ],
                "userTypeRestriction": [
                  "NEW",
                  "EXISTING"
                ],
                "openInNewTab": false,
                "showTimer": true,
                "timerEndTime": null,
                "altText": "fashion ka mall",
                "width": 51.56,
                "height": 139.58,
                "hotspots": [],
                "subComponents": [],
                "texts": [],
                "locales": []
              }
            ]
          }
        },
        {
          "rowNumber": 7,
          "component": {
            "platform": "MOBILE",
            "store": [
              "AJIO"
            ],
            "type": null,
            "componentName": "testvinuraj2",
            "heading": "",
            "fitToWidth": true,
            "carouselTimer": null,
            "bottomPadding": "0px",
            "banners": [
              {
                "bannerUrl": "https://assets-uat.ajio.ril.com/cms/AJIO/MOBILE/11052020-M-WHP-BANNER1-B2-Kidswear.jpg",
                "platformRestriction": [
                  "IOS",
                  "ANDROID",
                  "MSITE"
                ],
                "userStateRestriction": [
                  "LOGGED_IN",
                  "NON_LOGGED_IN"
                ],
                "userTypeRestriction": [
                  "NEW",
                  "EXISTING"
                ],
                "openInNewTab": false,
                "showTimer": true,
                "timerEndTime": null,
                "altText": "newmobile002",
                "width": 100,
                "height": 100,
                "hotspots": [],
                "subComponents": [
                  {
                    "type": "CTA",
                    "name": null,
                    "imageUrl": "https://assets-uat.ajio.ril.com/cms/AJIO/MOBILE/Home-1.png",
                    "width": 10,
                    "height": 14.01,
                    "x": 87.63,
                    "y": 84.88
                  },
                  {
                    "type": "CTA",
                    "name": null,
                    "imageUrl": "https://assets-uat.ajio.ril.com/cms/AJIO/MOBILE/test88895880.png",
                    "width": 10,
                    "height": 14.01,
                    "x": 50.63,
                    "y": 50.88
                  }
                ],
                "texts": [],
                "locales": []
              },
              {
                "bannerUrl": "https://assets-uat.ajio.ril.com/cms/AJIO/MOBILE/11052020-M-WHP-BANNER1-B3-footwear-min40.jpg",
                "platformRestriction": [
                  "IOS",
                  "ANDROID",
                  "MSITE"
                ],
                "userStateRestriction": [
                  "LOGGED_IN",
                  "NON_LOGGED_IN"
                ],
                "userTypeRestriction": [
                  "NEW",
                  "EXISTING"
                ],
                "openInNewTab": false,
                "showTimer": true,
                "timerEndTime": null,
                "altText": "newmobile003",
                "width": 100,
                "height": 100,
                "hotspots": [],
                "subComponents": [],
                "texts": [],
                "locales": []
              }
            ]
          }
        },
        {
          "rowNumber": 8,
          "component": {
            "platform": "MOBILE",
            "store": [
              "AJIO"
            ],
            "type": null,
            "componentName": "selvahomepagetop",
            "heading": "",
            "fitToWidth": true,
            "carouselTimer": 2,
            "bottomPadding": "0px",
            "banners": [
              {
                "bannerUrl": "https://assets-uat.ajio.ril.com/cms/AJIO/MOBILE/banners.jpeg",
                "platformRestriction": [
                  "ANDROID",
                  "MSITE",
                  "IOS"
                ],
                "userStateRestriction": [
                  "NON_LOGGED_IN"
                ],
                "userTypeRestriction": [
                  "EXISTING"
                ],
                "openInNewTab": false,
                "showTimer": true,
                "timerEndTime": 1616745618000,
                "altText": "india fashion",
                "width": 78.13,
                "height": 79.32,
                "hotspots": [
                  {
                    "hotspotUrl": "/ok",
                    "query": null,
                    "pageType": null,
                    "width": 31.25,
                    "height": 46.9,
                    "x": 28.17,
                    "y": 21.2
                  }
                ],
                "subComponents": [
                  {
                    "type": "CTA",
                    "name": null,
                    "imageUrl": "https://assets-uat.ajio.ril.com/cms/AJIO/MOBILE/carousal2.jpg",
                    "width": 20,
                    "height": 30,
                    "x": 70.63,
                    "y": 70.88
                  },
                  {
                    "type": "CTA",
                    "name": null,
                    "imageUrl": "https://assets-uat.ajio.ril.com/cms/AJIO/MOBILE/test88895880.png",
                    "width": 10,
                    "height": 14.01,
                    "x": 50.63,
                    "y": 50.88
                  }
                ],
                "texts": [],
                "locales": []
              },
              {
                "bannerUrl": "https://assets-uat.ajio.ril.com/cms/AJIO/MOBILE/banners.jpeg",
                "platformRestriction": [
                  "ANDROID",
                  "MSITE",
                  "IOS"
                ],
                "userStateRestriction": [
                  "NON_LOGGED_IN"
                ],
                "userTypeRestriction": [
                  "EXISTING"
                ],
                "openInNewTab": false,
                "showTimer": true,
                "timerEndTime": 1616832043000,
                "altText": "india fashion",
                "width": 78.13,
                "height": 79.32,
                "hotspots": [],
                "subComponents": [],
                "texts": [],
                "locales": []
              }
            ]
          }
        },
        {
          "rowNumber": 9,
          "component": {
            "platform": "MOBILE",
            "store": [
              "AJIO"
            ],
            "type": null,
            "componentName": "testvinuraj3",
            "heading": "Carousal",
            "fitToWidth": true,
            "carouselTimer": 5,
            "bottomPadding": "5px",
            "banners": [
              {
                "bannerUrl": "https://assets-uat.ajio.ril.com/cms/AJIO/MOBILE/carousal.jpg",
                "platformRestriction": [
                  "IOS",
                  "ANDROID",
                  "MSITE"
                ],
                "userStateRestriction": [
                  "LOGGED_IN",
                  "NON_LOGGED_IN"
                ],
                "userTypeRestriction": [
                  "NEW",
                  "EXISTING"
                ],
                "openInNewTab": false,
                "showTimer": true,
                "timerEndTime": null,
                "altText": "c3",
                "width": 100,
                "height": 100,
                "hotspots": [],
                "subComponents": [],
                "texts": [],
                "locales": []
              },
              {
                "bannerUrl": "https://assets-uat.ajio.ril.com/cms/AJIO/MOBILE/carousal2.jpg",
                "platformRestriction": [
                  "IOS",
                  "ANDROID",
                  "MSITE"
                ],
                "userStateRestriction": [
                  "LOGGED_IN",
                  "NON_LOGGED_IN"
                ],
                "userTypeRestriction": [
                  "NEW",
                  "EXISTING"
                ],
                "openInNewTab": false,
                "showTimer": true,
                "timerEndTime": null,
                "altText": "c2",
                "width": 100,
                "height": 100,
                "hotspots": [],
                "subComponents": [],
                "texts": [],
                "locales": []
              },
              {
                "bannerUrl": "https://assets-uat.ajio.ril.com/cms/AJIO/MOBILE/carousal4.jpg",
                "platformRestriction": [
                  "IOS",
                  "ANDROID",
                  "MSITE"
                ],
                "userStateRestriction": [
                  "LOGGED_IN",
                  "NON_LOGGED_IN"
                ],
                "userTypeRestriction": [
                  "NEW",
                  "EXISTING"
                ],
                "openInNewTab": false,
                "showTimer": true,
                "timerEndTime": null,
                "altText": "c1",
                "width": 100,
                "height": 100,
                "hotspots": [],
                "subComponents": [],
                "texts": [],
                "locales": []
              }
            ]
          }
        },
        {
          "rowNumber": 10,
          "component": {
            "platform": "MOBILE",
            "store": [
              "AJIO"
            ],
            "type": null,
            "componentName": "sdsfrdf",
            "heading": "sd",
            "fitToWidth": false,
            "carouselTimer": 0,
            "bottomPadding": "0px",
            "banners": [
              {
                "bannerUrl": "https://assets-uat.ajio.ril.com/cms/AJIO/MOBILE/test670.jpg",
                "platformRestriction": [
                  "IOS",
                  "ANDROID",
                  "MSITE"
                ],
                "userStateRestriction": [
                  "LOGGED_IN",
                  "NON_LOGGED_IN"
                ],
                "userTypeRestriction": [
                  "NEW",
                  "EXISTING"
                ],
                "openInNewTab": false,
                "showTimer": true,
                "timerEndTime": null,
                "altText": "dsds",
                "width": 42.48,
                "height": 95.24,
                "hotspots": [],
                "subComponents": [
                  {
                    "type": "CTA",
                    "name": null,
                    "imageUrl": "https://assets-uat.ajio.ril.com/cms/AJIO/MOBILE/Home-1.png",
                    "width": 10,
                    "height": 14.01,
                    "x": 87.63,
                    "y": 84.88
                  },
                  {
                    "type": "CTA",
                    "name": null,
                    "imageUrl": "https://assets-uat.ajio.ril.com/cms/AJIO/MOBILE/test88895880.png",
                    "width": 10,
                    "height": 14.01,
                    "x": 50.63,
                    "y": 50.88
                  }
                ],
                "texts": [
                  {
                    "value": "Nothing",
                    "fontFamily": "Gotham",
                    "fontSize": "80px",
                    "colour": "#000",
                    "fontWeight": null,
                    "x": "11",
                    "y": "7"
                  }
                ],
                "locales": []
              },
              {
                "bannerUrl": "https://assets-uat.ajio.ril.com/cms/AJIO/MOBILE/test29990446.png",
                "platformRestriction": [
                  "IOS",
                  "ANDROID",
                  "MSITE"
                ],
                "userStateRestriction": [
                  "LOGGED_IN",
                  "NON_LOGGED_IN"
                ],
                "userTypeRestriction": [
                  "NEW",
                  "EXISTING"
                ],
                "openInNewTab": false,
                "showTimer": true,
                "timerEndTime": null,
                "altText": "sdd",
                "width": 42.48,
                "height": 95.24,
                "hotspots": [
                  {
                    "hotspotUrl": "/my-account",
                    "query": null,
                    "pageType": null,
                    "width": 57.47,
                    "height": 39.06,
                    "x": 8.01,
                    "y": 16.25
                  }
                ],
                "subComponents": [],
                "texts": [],
                "locales": []
              },
              {
                "bannerUrl": "https://assets-uat.ajio.ril.com/cms/AJIO/MOBILE/test670.jpg",
                "platformRestriction": [
                  "IOS",
                  "ANDROID",
                  "MSITE"
                ],
                "userStateRestriction": [
                  "LOGGED_IN",
                  "NON_LOGGED_IN"
                ],
                "userTypeRestriction": [
                  "NEW",
                  "EXISTING"
                ],
                "openInNewTab": false,
                "showTimer": true,
                "timerEndTime": null,
                "altText": "sdd",
                "width": 42.48,
                "height": 95.24,
                "hotspots": [
                  {
                    "hotspotUrl": "/my-account",
                    "query": null,
                    "pageType": null,
                    "width": 57.47,
                    "height": 39.06,
                    "x": 8.01,
                    "y": 16.25
                  }
                ],
                "subComponents": [],
                "texts": [],
                "locales": []
              },
              {
                "bannerUrl": "https://assets-uat.ajio.ril.com/cms/AJIO/MOBILE/Artboard%207-100.jpg",
                "platformRestriction": [
                  "IOS",
                  "ANDROID",
                  "MSITE"
                ],
                "userStateRestriction": [
                  "LOGGED_IN",
                  "NON_LOGGED_IN"
                ],
                "userTypeRestriction": [
                  "NEW",
                  "EXISTING"
                ],
                "openInNewTab": false,
                "showTimer": true,
                "timerEndTime": null,
                "altText": "sdd",
                "width": 42.48,
                "height": 95.24,
                "hotspots": [
                  {
                    "hotspotUrl": "/my-account",
                    "query": null,
                    "pageType": null,
                    "width": 57.47,
                    "height": 39.06,
                    "x": 8.01,
                    "y": 16.25
                  }
                ],
                "subComponents": [],
                "texts": [],
                "locales": []
              },
              {
                "bannerUrl": "https://assets-uat.ajio.ril.com/cms/AJIO/MOBILE/test29990446.png",
                "platformRestriction": [
                  "IOS",
                  "ANDROID",
                  "MSITE"
                ],
                "userStateRestriction": [
                  "LOGGED_IN",
                  "NON_LOGGED_IN"
                ],
                "userTypeRestriction": [
                  "NEW",
                  "EXISTING"
                ],
                "openInNewTab": false,
                "showTimer": true,
                "timerEndTime": null,
                "altText": "dsds",
                "width": 42.48,
                "height": 95.24,
                "hotspots": [],
                "subComponents": [],
                "texts": [
                  {
                    "value": "Nothing",
                    "fontFamily": "Gotham",
                    "fontSize": "80px",
                    "colour": "#000",
                    "fontWeight": null,
                    "x": "11",
                    "y": "7"
                  }
                ],
                "locales": []
              },
              {
                "bannerUrl": "https://assets-uat.ajio.ril.com/cms/AJIO/MOBILE/test60.jpg",
                "platformRestriction": [
                  "IOS",
                  "ANDROID",
                  "MSITE"
                ],
                "userStateRestriction": [
                  "LOGGED_IN",
                  "NON_LOGGED_IN"
                ],
                "userTypeRestriction": [
                  "NEW",
                  "EXISTING"
                ],
                "openInNewTab": false,
                "showTimer": true,
                "timerEndTime": null,
                "altText": "sdd",
                "width": 42.48,
                "height": 95.24,
                "hotspots": [
                  {
                    "hotspotUrl": "/my-account",
                    "query": null,
                    "pageType": null,
                    "width": 57.47,
                    "height": 39.06,
                    "x": 8.01,
                    "y": 16.25
                  }
                ],
                "subComponents": [],
                "texts": [],
                "locales": []
              },
              {
                "bannerUrl": "https://assets-uat.ajio.ril.com/cms/AJIO/MOBILE/11052020-M-WHP-RecommendsAJIO-stripeddresses.jpg",
                "platformRestriction": [
                  "IOS",
                  "ANDROID",
                  "MSITE"
                ],
                "userStateRestriction": [
                  "LOGGED_IN",
                  "NON_LOGGED_IN"
                ],
                "userTypeRestriction": [
                  "NEW",
                  "EXISTING"
                ],
                "openInNewTab": false,
                "showTimer": true,
                "timerEndTime": null,
                "altText": "sdd",
                "width": 42.48,
                "height": 95.24,
                "hotspots": [
                  {
                    "hotspotUrl": "/my-account",
                    "query": null,
                    "pageType": null,
                    "width": 57.47,
                    "height": 39.06,
                    "x": 8.01,
                    "y": 16.25
                  }
                ],
                "subComponents": [],
                "texts": [],
                "locales": []
              },
              {
                "bannerUrl": "https://assets-uat.ajio.ril.com/cms/AJIO/MOBILE/Artboard%207-100.jpg",
                "platformRestriction": [
                  "IOS",
                  "ANDROID",
                  "MSITE"
                ],
                "userStateRestriction": [
                  "LOGGED_IN",
                  "NON_LOGGED_IN"
                ],
                "userTypeRestriction": [
                  "NEW",
                  "EXISTING"
                ],
                "openInNewTab": false,
                "showTimer": true,
                "timerEndTime": null,
                "altText": "sdd",
                "width": 42.48,
                "height": 95.24,
                "hotspots": [
                  {
                    "hotspotUrl": "/my-account",
                    "query": null,
                    "pageType": null,
                    "width": 57.47,
                    "height": 39.06,
                    "x": 8.01,
                    "y": 16.25
                  }
                ],
                "subComponents": [],
                "texts": [],
                "locales": []
              },
              {
                "bannerUrl": "https://assets-uat.ajio.ril.com/cms/AJIO/MOBILE/Artboard%207-100.jpg",
                "platformRestriction": [
                  "IOS",
                  "ANDROID",
                  "MSITE"
                ],
                "userStateRestriction": [
                  "LOGGED_IN",
                  "NON_LOGGED_IN"
                ],
                "userTypeRestriction": [
                  "NEW",
                  "EXISTING"
                ],
                "openInNewTab": false,
                "showTimer": true,
                "timerEndTime": null,
                "altText": "sdd",
                "width": 42.48,
                "height": 95.24,
                "hotspots": [
                  {
                    "hotspotUrl": "/my-account",
                    "query": null,
                    "pageType": null,
                    "width": 57.47,
                    "height": 39.06,
                    "x": 8.01,
                    "y": 16.25
                  }
                ],
                "subComponents": [],
                "texts": [],
                "locales": []
              },
              {
                "bannerUrl": "https://assets-uat.ajio.ril.com/cms/AJIO/MOBILE/Artboard%207-100.jpg",
                "platformRestriction": [
                  "IOS",
                  "ANDROID",
                  "MSITE"
                ],
                "userStateRestriction": [
                  "LOGGED_IN",
                  "NON_LOGGED_IN"
                ],
                "userTypeRestriction": [
                  "NEW",
                  "EXISTING"
                ],
                "openInNewTab": false,
                "showTimer": true,
                "timerEndTime": null,
                "altText": "sdd",
                "width": 42.48,
                "height": 95.24,
                "hotspots": [
                  {
                    "hotspotUrl": "/my-account",
                    "query": null,
                    "pageType": null,
                    "width": 57.47,
                    "height": 39.06,
                    "x": 8.01,
                    "y": 16.25
                  }
                ],
                "subComponents": [],
                "texts": [],
                "locales": []
              },
              {
                "bannerUrl": "https://assets-uat.ajio.ril.com/cms/AJIO/MOBILE/Artboard%207-100.jpg",
                "platformRestriction": [
                  "IOS",
                  "ANDROID",
                  "MSITE"
                ],
                "userStateRestriction": [
                  "LOGGED_IN",
                  "NON_LOGGED_IN"
                ],
                "userTypeRestriction": [
                  "NEW",
                  "EXISTING"
                ],
                "openInNewTab": false,
                "showTimer": true,
                "timerEndTime": null,
                "altText": "sdd",
                "width": 42.48,
                "height": 95.24,
                "hotspots": [
                  {
                    "hotspotUrl": "/my-account",
                    "query": null,
                    "pageType": null,
                    "width": 57.47,
                    "height": 39.06,
                    "x": 8.01,
                    "y": 16.25
                  }
                ],
                "subComponents": [],
                "texts": [],
                "locales": []
              }
            ]
          }
        }
      ]
    },
    "seo": {
      "pageUrl": "/shop/test_vinu",
      "canonicalUrl": "/shop/test_vinu/shop/some/shop/some/shop/some",
      "pageTitle": "iOS TestTest Seo Page TitleTest Seo Page TitleTest Seo Page Title",
      "seoTitle": "iOS Test VinuTest Seo TitleTest Seo TitleTest Seo Title",
      "twitterTitle": "nullTest Twitter titleTest Twitter titleTest Twitter title",
      "metaDescription": "iOS TestTest Meta DescTest Meta DescTest Meta Desc",
      "twitterDescription": "nullTest Twitter DescTest Twitter DescTest Twitter Desc",
      "metaKeyword": "iOS TestTest Meta KeywordTest Meta KeywordTest Meta Keyword",
      "twitterKeyword": "nullTest Twitter KeywordTest Twitter KeywordTest Twitter Keyword",
      "topDescription": "Test Top DescTest Top DescTest Top Desc",
      "bottomDescription": "Test Seo Bottom DescTest Seo Bottom DescTest Seo Bottom Desc",
      "topBrands": "Test Top BrandTest Top BrandTest Top Brand",
      "topSearches": "Test Top SearchTest Top SearchTest Top Search"
    }
  }
}
