{
    "status": {
        "statusCode": 0,
        "messageDescription": " fetched successfully",
        "errorCode": "OK"
    },
    "data": {
        "childDetails": [
            {
                "name": "A1Catasshxxsdsdsd.",
                "newFlag": false,
                "activeImageUrl": "https://assets-uat.ajio.ril.com/cms/AJIO/MOBILE/Screenshot 2020-08-24 at 8.23.55 PM.png",
                "inactiveImageUrl": "https://assets-uat.ajio.ril.com/cms/AJIO/MOBILE/Screenshot 2020-08-24 at 8.23.55 PM.png",
                "sequence": 0,
                "linkName": null,
                "pageType": "capsulelandingpage",
                "url": "/shop/men",
                "query": "",
                "tag": "NEW",
                "childDetails": [
                    {
                        "name": "L2Catesd",
                        "newFlag": false,
                        "activeImageUrl": "https://assets-uat.ajio.ril.com/cms/AJIO/MOBILE/Screenshot 2020-08-24 at 8.23.55 PM.png",
                        "inactiveImageUrl": "https://assets-uat.ajio.ril.com/cms/AJIO/MOBILE/Screenshot 2020-08-24 at 8.23.55 PM.png",
                        "sequence": 0,
                        "linkName": null,
                        "pageType": "",
                        "url": "/String",
                        "query": "",
                        "tag": "",
                        "childDetails": [
                            {
                                "name": "L3Cat3sfdfdgg",
                                "newFlag": false,
                                "activeImageUrl": "",
                                "inactiveImageUrl": "",
                                "sequence": 0,
                                "linkName": null,
                                "pageType": "landingpage",
                                "url": "/shop/women-tees-and-tops",
                                "query": "",
                                "tag": "",
                                "childDetails": [{
                                                 "name": "leafffff",
                                                 "newFlag": false,
                                                 "activeImageUrl": "",
                                                 "inactiveImageUrl": "",
                                                 "sequence": 0,
                                                 "linkName": null,
                                                 "pageType": "productListPage",
                                                 "url": "https://www.ajio.com/shop/women-bbs",
                                                 "query": "%3Arelevance%3Agenderfilter%3AWomen%3Al1l3nestedcategory%3AWomen%20-%20Night%20%26%20Lounge%20Sets%3Al1l3nestedcategory%3AWomen%20-%20Nightshirts%20%26%20Nighties%3Al1l3nestedcategory%3AWomen%20-%20Lounge%20Tops%20%26%20Sweatshirts&curated=true&curatedid=night-and-loungewear-4118-50621",
                                                 "tag": "",
                                                 "childDetails": [],
                                                 "channels": [
                                                     {
                                                         "channelName": "IOS",
                                                         "defaultExpandable": true,
                                                         "visible": true
                                                     },
                                                     {
                                                         "channelName": "ANDROID",
                                                         "defaultExpandable": true,
                                                         "visible": true
                                                     },
                                                     {
                                                         "channelName": "MSITE",
                                                         "defaultExpandable": true,
                                                         "visible": true
                                                     }
                                                 ]
                                             }],
                                "channels": [
                                    {
                                        "channelName": "IOS",
                                        "defaultExpandable": true,
                                        "visible": true
                                    },
                                    {
                                        "channelName": "ANDROID",
                                        "defaultExpandable": true,
                                        "visible": true
                                    },
                                    {
                                        "channelName": "MSITE",
                                        "defaultExpandable": true,
                                        "visible": true
                                    }
                                ]
                            }
                        ],
                        "channels": [
                            {
                                "channelName": "IOS",
                                "defaultExpandable": false,
                                "visible": false
                            },
                            {
                                "channelName": "ANDROID",
                                "defaultExpandable": false,
                                "visible": true
                            },
                            {
                                "channelName": "MSITE",
                                "defaultExpandable": false,
                                "visible": false
                            }
                        ]
                    },
                    {
                        "name": "bvhvhvhv",
                        "newFlag": false,
                        "activeImageUrl": "",
                        "inactiveImageUrl": "",
                        "sequence": 1,
                        "linkName": null,
                        "pageType": "productListPage",
                        "url": "83",
                        "query": "%3Arelevance%3Agenderfilter%3AWomen%3Al1l3nestedcategory%3AWomen%20-%20Jackets%20%26%20Shrugs%3Al1l3nestedcategory%3AWomen%20-%20Sweaters%20%26%20Sweatshirts%3Al1l3nestedcategory%3AWomen%20-%20Sweaters%20%26%20Cardigans%3Al1l3nestedcategory%3AWomen%20-%20Blazers%20%26%20Waistcoats%3Al1l3nestedcategory%3AWomen%20-%20Stoles%20%26%20Scarves%3Al1l3nestedcategory%3AWomen%20-%20Thermal%20Wear%3Al1l3nestedcategory%3AWomen%20-%20Shrugs%20%26%20Jackets%3Al1l3nestedcategory%3AWomen%20-%20Gloves%2C%20Scarves%20%26%20Bandanas&curated=true&curatedid=winterwear-4118-50621",
                        "tag": "",
                        "childDetails": [],
                        "channels": [
                            {
                                "channelName": "MSITE",
                                "defaultExpandable": true,
                                "visible": true
                            },
                            {
                                "channelName": "ANDROID",
                                "defaultExpandable": true,
                                "visible": true
                            },
                            {
                                "channelName": "IOS",
                                "defaultExpandable": true,
                                "visible": true
                            }
                        ]
                    }
                ],
                "channels": [
                    {
                        "channelName": "MSITE",
                        "defaultExpandable": true,
                        "visible": true
                    },
                    {
                        "channelName": "ANDROID",
                        "defaultExpandable": true,
                        "visible": true
                    },
                    {
                        "channelName": "IOS",
                        "defaultExpandable": true,
                        "visible": true
                    }
                ]
            },
            {
                "name": "ddds",
                "newFlag": false,
                "activeImageUrl": "https://assets-uat.ajio.ril.com/cms/AJIO/MOBILE/Screenshot 2020-08-25 at 4.07.46 PM.png",
                "inactiveImageUrl": "https://assets-uat.ajio.ril.com/cms/AJIO/MOBILE/1234.png",
                "sequence": 1,
                "linkName": null,
                "pageType": "landingpage",
                "url": "https://www.ajio.com/men-jeans/c/830216001",
                "query": "",
                "tag": null,
                "childDetails": [],
                "channels": [
                    {
                        "channelName": "IOS",
                        "defaultExpandable": true,
                        "visible": true
                    },
                    {
                        "channelName": "ANDROID",
                        "defaultExpandable": true,
                        "visible": true
                    },
                    {
                        "channelName": "MSITE",
                        "defaultExpandable": true,
                        "visible": true
                    }
                ]
            },
            {
                "name": "waesrdxcfghvbjn ms",
                "newFlag": false,
                "activeImageUrl": "https://assets-uat.ajio.ril.com/cms/AJIO/MOBILE/ajio-logo-cta-some-1.jpg",
                "inactiveImageUrl": "https://assets-uat.ajio.ril.com/cms/AJIO/MOBILE/min60-discount.jpg",
                "sequence": 2,
                "linkName": null,
                "pageType": "productlistpage",
                "url": "/waesrdxcfghvbjn",
                "query": "yrrtvuibwaesrdxcfghvbjn mouhlnh",
                "tag": null,
                "childDetails": [
                    {
                        "name": "wserdtyguhijokml",
                        "newFlag": false,
                        "activeImageUrl": "https://assets-uat.ajio.ril.com/cms/AJIO/MOBILE/qwaszx1.jpg",
                        "inactiveImageUrl": "https://assets-uat.ajio.ril.com/cms/AJIO/MOBILE/min50-discount-cta.jpg",
                        "sequence": 0,
                        "linkName": null,
                        "pageType": "productlistpage",
                        "url": "/wserdtyguhijokml",
                        "query": "wserdtyguhijokml.ftguhwqefcew",
                        "tag": null,
                        "childDetails": [],
                        "channels": [
                            {
                                "channelName": "IOS",
                                "defaultExpandable": true,
                                "visible": true
                            },
                            {
                                "channelName": "ANDROID",
                                "defaultExpandable": true,
                                "visible": true
                            },
                            {
                                "channelName": "MSITE",
                                "defaultExpandable": true,
                                "visible": true
                            }
                        ]
                    },
                    {
                        "name": "ertuyiuoik",
                        "newFlag": false,
                        "activeImageUrl": "",
                        "inactiveImageUrl": "",
                        "sequence": 1,
                        "linkName": null,
                        "pageType": "newin",
                        "url": "/ertuyiuoiks",
                        "query": "ertuyiuoikertuyiuoikertuyiuoikertuyiuoikertuyiuoik",
                        "tag": null,
                        "childDetails": [],
                        "channels": [
                            {
                                "channelName": "MSITE",
                                "defaultExpandable": true,
                                "visible": true
                            },
                            {
                                "channelName": "ANDROID",
                                "defaultExpandable": true,
                                "visible": true
                            },
                            {
                                "channelName": "IOS",
                                "defaultExpandable": true,
                                "visible": true
                            }
                        ]
                    }
                ],
                "channels": [
                    {
                        "channelName": "MSITE",
                        "defaultExpandable": true,
                        "visible": true
                    },
                    {
                        "channelName": "ANDROID",
                        "defaultExpandable": true,
                        "visible": true
                    },
                    {
                        "channelName": "IOS",
                        "defaultExpandable": true,
                        "visible": true
                    }
                ]
            },
            {
                "name": "TestSideBar",
                "newFlag": false,
                "activeImageUrl": "https://assets-uat.ajio.ril.com/cms/AJIO/MOBILE/cluster2cta.jpg",
                "inactiveImageUrl": "https://assets-uat.ajio.ril.com/cms/AJIO/MOBILE/ajio-logo-cta2.jpg",
                "sequence": 3,
                "linkName": null,
                "pageType": "productListPage",
                "url": "83",
                "query": "%3Arelevance%3Agenderfilter%3AWomen%3Abrickcfscategory%3AFootwear%3Al1l3category%3AWomen%20-%20Flat%20Sandals%3Al1l3category%3AWomen%20-%20Heeled%20Sandals%3Al1l3category%3AWomen%20-%20Sports%20Sandals&curated=true&curatedid=sandals-3617-68982",
                "tag": "NEW",
                "childDetails": [],
                "channels": [
                    {
                        "channelName": "IOS",
                        "defaultExpandable": true,
                        "visible": true
                    },
                    {
                        "channelName": "ANDROID",
                        "defaultExpandable": true,
                        "visible": true
                    },
                    {
                        "channelName": "MSITE",
                        "defaultExpandable": true,
                        "visible": true
                    }
                ]
            }
        ]
    }
}

