{
  "status": {
    "statusCode": 0,
    "messageDescription": " fetched successfully",
    "errorCode": "OK"
  },
  "data": {
    "childDetails": [
      {
        "name": "Home1",
        "newFlag": false,
        "activeImageUrl": "https://assets.ajio.com/medias/sys_master/images/images/he2/h19/17324344180766/Home-1.png",
        "inactiveImageUrl": "https://assets.ajio.com/medias/sys_master/images/images/hb3/h53/17324344475678/Home.png",
        "sequence": 0,
        "linkName": null,
        "pageType": "",
        "url": "/home",
        "query": "",
        "tag": "",
        "childDetails": [],
        "channels": [
          {
            "channelName": "IOS",
            "defaultExpandable": true,
            "visible": true
          },
          {
            "channelName": "ANDROID",
            "defaultExpandable": true,
            "visible": true
          },
          {
            "channelName": "MSITE",
            "defaultExpandable": true,
            "visible": true
          }
        ]
      },
      {
        "name": "Stores1",
        "newFlag": false,
        "activeImageUrl": "https://assets.ajio.com/medias/sys_master/images/images/h46/h64/17324346081310/Stores-1.png",
        "inactiveImageUrl": "https://assets.ajio.com/medias/sys_master/images/images/h2c/hbc/17324346245150/Stores.png",
        "sequence": 1,
        "linkName": null,
        "pageType": "",
        "url": "/shop/stores",
        "query": "",
        "tag": "",
        "childDetails": [],
        "channels": [
          {
            "channelName": "IOS",
            "defaultExpandable": true,
            "visible": true
          },
          {
            "channelName": "ANDROID",
            "defaultExpandable": true,
            "visible": true
          },
          {
            "channelName": "MSITE",
            "defaultExpandable": true,
            "visible": true
          }
        ]
      },
      {
        "name": "Closet",
        "newFlag": false,
        "activeImageUrl": "https://assets.ajio.com/medias/sys_master/images/images/h90/ha3/17324346474526/Closet-1.png",
        "inactiveImageUrl": "https://assets.ajio.com/medias/sys_master/images/images/h6a/h35/17324346703902/Closet.png",
        "sequence": 2,
        "linkName": null,
        "pageType": "",
        "url": "/wishlist",
        "query": "",
        "tag": "",
        "childDetails": [],
        "channels": [
          {
            "channelName": "IOS",
            "defaultExpandable": true,
            "visible": true
          },
          {
            "channelName": "ANDROID",
            "defaultExpandable": true,
            "visible": true
          },
          {
            "channelName": "MSITE",
            "defaultExpandable": true,
            "visible": true
          }
        ]
      },
      {
        "name": "Bag",
        "newFlag": false,
        "activeImageUrl": "https://assets.ajio.com/medias/sys_master/images/images/h8b/he0/17324346867742/Bag-1.png",
        "inactiveImageUrl": "https://assets.ajio.com/medias/sys_master/images/images/h74/h19/17324347031582/Bag.png",
        "sequence": 3,
        "linkName": null,
        "pageType": "",
        "url": "/cart",
        "query": "",
        "tag": "",
        "childDetails": [],
        "channels": [
          {
            "channelName": "IOS",
            "defaultExpandable": true,
            "visible": true
          },
          {
            "channelName": "ANDROID",
            "defaultExpandable": true,
            "visible": true
          },
          {
            "channelName": "MSITE",
            "defaultExpandable": true,
            "visible": true
          }
        ]
      },
      {
        "name": "Account",
        "newFlag": false,
        "activeImageUrl": "https://assets.ajio.com/medias/sys_master/images/images/h43/h78/17324347162654/Account-1.png",
        "inactiveImageUrl": "https://assets.ajio.com/medias/sys_master/images/images/h5d/h20/17324347326494/Account.png",
        "sequence": 4,
        "linkName": null,
        "pageType": "",
        "url": "/my-account",
        "query": "",
        "tag": "",
        "childDetails": [],
        "channels": [
          {
            "channelName": "IOS",
            "defaultExpandable": true,
            "visible": true
          },
          {
            "channelName": "ANDROID",
            "defaultExpandable": true,
            "visible": true
          },
          {
            "channelName": "MSITE",
            "defaultExpandable": true,
            "visible": true
          }
        ]
      }
    ]
  }
}
