
{"filters": [
        {
            "key": "Brand",
            "couponAttributeValues": [
                {
                    "value": "BIBA",
                    "selected": false
                }
            ]
        },
        {
            "key": "Category",
            "couponAttributeValues": [
                {
                    "value": "Men",
                    "selected": false
                },
                {
                    "value": "Female",
                    "selected": true
                }
            ]
        }
    ]}

