
{
    "allowedCustomerState": "ALL",
    "allowedCustomerType": "ALL",
    "application": "ALL",
    "navigationNode": {
        "children": [
            {
                "appMedia": {
                    "URL": "https://assets-uat.ajio.ril.com/medias/sys_master/images/images/h4d/h4a/8964231987230/homeTabSelected-3x.png",
                    "bannerPosition": 0,
                    "componentPosition": 0
                },
                "appMedia2": {
                    "URL": "https://assets-uat.ajio.ril.com/medias/sys_master/images/images/hc2/had/8964231823390/homeTabUnselected-3x.png",
                    "bannerPosition": 0,
                    "componentPosition": 0
                },
                "name": "MobileAppBottomHomeNavNode",
                "newFlag": false,
                "nodeurlLink": "/home",
                "position": 1,
                "title": "Home",
                "uid": "MobileAppBottomHomeNavNode",
                "visible": true
            },
            {
                "appMedia": {
                    "URL": "https://assets-uat.ajio.ril.com/medias/sys_master/images/images/hba/h49/8964231856158/myAccountTabSelected-3x.png",
                    "bannerPosition": 0,
                    "componentPosition": 0
                },
                "appMedia2": {
                    "URL": "https://assets-uat.ajio.ril.com/medias/sys_master/images/images/h64/h7e/8964231757854/myAccountTabUnselected-3x.png",
                    "bannerPosition": 0,
                    "componentPosition": 0
                },
                "name": "MobileAppBottomAccountNavNode",
                "newFlag": false,
                "nodeurlLink": "/account",
                "position": 5,
                "title": "Account",
                "uid": "MobileAppBottomAccountNavNode",
                "visible": true
            },
            {
                "appMedia": {
                    "URL": "https://assets-uat.ajio.ril.com/medias/sys_master/images/images/ha6/hc4/8964232019998/cartTabSelected-3x.png",
                    "bannerPosition": 0,
                    "componentPosition": 0
                },
                "appMedia2": {
                    "URL": "https://assets-uat.ajio.ril.com/medias/sys_master/images/images/h86/hc0/8964231954462/cartTabUnselected-3x.png",
                    "bannerPosition": 0,
                    "componentPosition": 0
                },
                "name": "MobileAppBottomBagNavNode",
                "newFlag": false,
                "nodeurlLink": "/bag",
                "position": 4,
                "title": "Bag",
                "uid": "MobileAppBottomBagNavNode",
                "visible": true
            },
            {
                "appMedia": {
                    "URL": "https://assets-uat.ajio.ril.com/medias/sys_master/images/images/h9f/h68/8964231790622/capsuleTabSelected-3x.png",
                    "bannerPosition": 0,
                    "componentPosition": 0
                },
                "appMedia2": {
                    "URL": "https://assets-uat.ajio.ril.com/medias/sys_master/images/images/h53/h13/8964231888926/capsuleTabUnselected-3x.png",
                    "bannerPosition": 0,
                    "componentPosition": 0
                },
                "name": "MobileAppBottomCollectionNavNode",
                "newFlag": false,
                "nodeurlLink": "/shop/coupons-and-offers",
                "position": 2,
                "title": "Offers",
                "uid": "MobileAppBottomCollectionNavNode",
                "visible": true
            },
            {
                "appMedia": {
                    "URL": "https://assets-uat.ajio.ril.com/medias/sys_master/images/images/h6a/hda/8964232052766/closetTabSelected-3x.png",
                    "bannerPosition": 0,
                    "componentPosition": 0
                },
                "appMedia2": {
                    "URL": "https://assets-uat.ajio.ril.com/medias/sys_master/images/images/ha6/h34/8964231921694/closetTabUnselected-3x.png",
                    "bannerPosition": 0,
                    "componentPosition": 0
                },
                "name": "MobileAppBottomClosetNavNode",
                "newFlag": false,
                "nodeurlLink": "https://www.ajio.com/s/shop-big-3849-56522",
                "position": 3,
                "title": "Closet",
                "uid": "MobileAppBottomClosetNavNode",
                "visible": true
            }
        ],
        "name": "MobileAppBottomNavNode",
        "newFlag": false,
        "title": "MobileAppBottomNavNode",
        "uid": "MobileAppBottomNavNode",
        "visible": true
    },
    "timeOut": 0,
    "typeCode": "NavigationBarComponent",
    "visible": true
}
