{
    "status": {
        "statusCode": 0
    },
    "banners": [
        {
            "viewType": "saleBanner",
            "imageUrlApp": "https://assets-uat.ajio.ril.com/static/fsassets/images/banner-app.png",
            "imageUrlDesktop": "https://assets-uat.ajio.ril.com/static/fsassets/images/banner-desktop.png"
        },
        {
            "viewType": "timer",
            "saleStartTime": 1588503900000,
            "saleEndTime": 1588504080000
        },
        {
            "viewType": "saleText",
            "text": "30 Seconds Sale Only | No Excahnge | No Returns ",
            "linkText": "View TC",
            "linkUrl": "https://asset/saleDetailLinkUrl"
        },
        {
            "viewType": "gender",
            "title": "Shop By Gender",
            "dataList": [
                {
                    "name": "WOMEN",
                    "landingUrl": "/page/plp/abc?pageNumber=0&category=WOMEN",
                    "imageUrlApp": "https://asset/womenImageUrl",
                    "imageUrlDesktop": "https://asset/womenImageUrl"
                },
                {
                    "name": "MEN",
                    "landingUrl": "/page/plp/abc?pageNumber=0&category=MEN",
                    "imageUrlApp": "https://asset/menImageUrl",
                    "imageUrlDesktop": "https://asset/menImageUrl"
                },
                {
                    "name": "Infants",
                    "landingUrl": "/page/plp/abc?pageNumber=0&category=KIDS",
                    "imageUrlApp": "https://asset/kidsImageUrl",
                    "imageUrlDesktop": "https://asset/kidsImageUrl"
                }
                ,{
                    "name": "Boys",
                    "landingUrl": "/page/plp/abc?pageNumber=0&category=KIDS",
                    "imageUrlApp": "https://asset/kidsImageUrl",
                    "imageUrlDesktop": "https://asset/kidsImageUrl"
                }
                ,{
                    "name": "Girls",
                    "landingUrl": "/page/plp/abc?pageNumber=0&category=KIDS",
                    "imageUrlApp": "https://asset/kidsImageUrl",
                    "imageUrlDesktop": "https://asset/kidsImageUrl"
                }
            ]
        }
    ]
}
