{
  "extraResponseParams": {},
  "status": {
    "errorArguments": [
      {}
    ],
    "errorCode": "string",
    "messageDescription": "string",
    "statusCode": 0
  },
  "saleBanner": {
    "viewType": "saleBanner",
    "imageUrlApp": "assets URL",
    "imageUrlDesktop": "assets URL",
    "landingUrl": "URL"
  },
  "timer": {
    "viewType": "timer",
    "saleStartTime": "Date",
    "saleEndTime": "Date"
  },
  "saleText": {
    "viewType": "saleText",
    "text": "30 second Only",
    "linkText": "View T&C",
    "linkUrl": "URL"
  },
  "product": {
    "requestID": "e41788ac-bc5a-4ba5-ba76-6f4c5abc2ee8",
    "availableForPickup": false,
    "baseOptions": [
      {
        "options": [
          {
            "code": "460551321_skyblue",
            "color": "SKY BLUE",
            "hsnCode": "6109",
            "modelImage": {
              "altText": "Polo T-shirt with Vented Hem",
              "format": "product",
              "galleryIndex": 0,
              "imageType": "PRIMARY",
              "url": "https://assets.ajio.com/medias/sys_master/root/h19/h4c/15203973365790/-473Wx593H-460551321-skyblue-MODEL.jpg",
              "width": null
            },
            "priceData": {
              "currencyIso": "INR",
              "displayformattedValue": "Rs. 350",
              "formattedValue": "Rs. 350.00",
              "priceType": "FROM",
              "taxInformation": {
                "priceWithTaxes": {
                  "value": 367.5,
                  "displayformattedValue": "Rs. 368"
                },
                "taxBreakDown": [
                  {
                    "key": "IGST",
                    "value": {
                      "value": 17.5,
                      "displayformattedValue": "Rs. 18"
                    }
                  },
                  {
                    "key": "CESS",
                    "value": {
                      "value": 0,
                      "displayformattedValue": "Rs. 0"
                    }
                  }
                ],
                "totalTaxAmount": {
                  "value": 17.5,
                  "displayformattedValue": "Rs. 18"
                }
              },
              "value": 350
            },
            "stock": {
              "stockLevelStatus": "inStock",
              "stockLevel": 10
            },
            "variantOptionQualifiers": [
              {
                "name": "Color Description",
                "qualifier": "colordescription",
                "swatchImage": {
                  "url": "https://assets.ajio.com/medias/sys_master/output/output/h59/h4d/15200999440414/460551321-skyblue-SWATCH.jpg"
                },
                "value": "ColorDescription"
              },
              {
                "name": "Color",
                "qualifier": "color",
                "swatchImage": {
                  "url": "https://assets.ajio.com/medias/sys_master/output/output/h59/h4d/15200999440414/460551321-skyblue-SWATCH.jpg"
                },
                "value": "sky-blue"
              },
              {
                "name": "Exclusive Till",
                "qualifier": "exclusiveTill",
                "swatchImage": {
                  "url": "https://assets.ajio.com/medias/sys_master/output/output/h59/h4d/15200999440414/460551321-skyblue-SWATCH.jpg"
                }
              }
            ],
            "url": "/hubberholme-polo-t-shirt-with-vented-hem/p/460551321_skyblue",
            "wasPriceData": {
              "currencyIso": "INR",
              "displayformattedValue": "Rs. 999",
              "formattedValue": "Rs. 999.00",
              "priceType": "FROM",
              "value": 999
            },
            "delisted": false
          }
        ],
        "selected": {
          "code": "460551321_skyblue",
          "color": "SKY BLUE",
          "hsnCode": "6109",
          "modelImage": {
            "altText": "Polo T-shirt with Vented Hem",
            "format": "product",
            "galleryIndex": 0,
            "imageType": "PRIMARY",
            "url": "https://assets.ajio.com/medias/sys_master/root/h19/h4c/15203973365790/-473Wx593H-460551321-skyblue-MODEL.jpg",
            "width": null
          },
          "priceData": {
            "currencyIso": "INR",
            "displayformattedValue": "Rs. 350",
            "formattedValue": "Rs. 350.00",
            "priceType": "FROM",
            "taxInformation": {
              "priceWithTaxes": {
                "value": 367.5,
                "displayformattedValue": "Rs. 368"
              },
              "taxBreakDown": [
                {
                  "key": "IGST",
                  "value": {
                    "value": 17.5,
                    "displayformattedValue": "Rs. 18"
                  }
                },
                {
                  "key": "CESS",
                  "value": {
                    "value": 0,
                    "displayformattedValue": "Rs. 0"
                  }
                }
              ],
              "totalTaxAmount": {
                "value": 17.5,
                "displayformattedValue": "Rs. 18"
              }
            },
            "value": 350
          },
          "stock": {
            "stockLevelStatus": "inStock",
            "stockLevel": 10
          },
          "variantOptionQualifiers": [
            {
              "name": "Color Description",
              "qualifier": "colordescription",
              "swatchImage": {
                "url": "https://assets.ajio.com/medias/sys_master/output/output/h59/h4d/15200999440414/460551321-skyblue-SWATCH.jpg"
              },
              "value": "ColorDescription"
            },
            {
              "name": "Color",
              "qualifier": "color",
              "swatchImage": {
                "url": "https://assets.ajio.com/medias/sys_master/output/output/h59/h4d/15200999440414/460551321-skyblue-SWATCH.jpg"
              },
              "value": "sky-blue"
            },
            {
              "name": "Exclusive Till",
              "qualifier": "exclusiveTill",
              "swatchImage": {
                "url": "https://assets.ajio.com/medias/sys_master/output/output/h59/h4d/15200999440414/460551321-skyblue-SWATCH.jpg"
              }
            }
          ],
          "url": "/hubberholme-polo-t-shirt-with-vented-hem/p/460551321_skyblue",
          "wasPriceData": {
            "currencyIso": "INR",
            "displayformattedValue": "Rs. 999",
            "formattedValue": "Rs. 999.00",
            "priceType": "FROM",
            "value": 999
          },
          "delisted": false
        },
        "variantType": "FnlColorVariant"
      }
    ],
    "baseProduct": "460551321",
    "brickCategory": "Men",
    "brickCode": "830216014",
    "brickName": "Tshirts",
    "brickSubCategory": "Western Wear",
    "categories": [
      {
        "code": "hubberholme",
        "url": "/b/hubberholme"
      },
      {
        "code": "830216014",
        "url": "/men-tshirts/c/830216014"
      }
    ],
    "code": "dist2",
    "couponStatus": "Coupon Applicable",
    "deliveryText": "FREE shipping for orders above 1199. Check For Delivery & COD Availability At Your Pincode",
    "description": "",
    "featureData": [
      {
        "code": "rilfnlClassificationCatalog/1.0/2624.brickfit",
        "name": "Fit",
        "range": false,
        "comparable": true,
        "featureValues": [
          {
            "value": "Regular Fit"
          }
        ]
      },
      {
        "code": "rilfnlClassificationCatalog/1.0/2615.verticalsizeformat",
        "name": "Size Format",
        "range": false,
        "comparable": true,
        "featureValues": [
          {
            "value": "UNI"
          }
        ]
      },
      {
        "code": "rilfnlClassificationCatalog/1.0/2615.verticalfabriccomposition",
        "name": "Fabric Composition",
        "range": false,
        "comparable": true,
        "featureValues": [
          {
            "value": "100% Cotton"
          }
        ]
      },
      {
        "code": "rilfnlClassificationCatalog/1.0/2615.verticalsizewornbymodel",
        "name": "Size worn by Model",
        "range": false,
        "comparable": true,
        "featureValues": [
          {
            "value": "Medium"
          }
        ]
      },
      {
        "code": "rilfnlClassificationCatalog/1.0/2615.verticalwashcare",
        "name": "Wash Care",
        "range": false,
        "comparable": true,
        "featureValues": [
          {
            "value": "Machine wash"
          }
        ]
      }
    ],
    "fnlProductData": {
      "country": "IN",
      "priceCluster": "1",
      "pickupAllowed": false,
      "returnWindow": 0,
      "scheduleBCode": "BoughtOutItem",
      "bundleFulfillmentMode": "O1",
      "styleType": "Polo",
      "procurementAllowed": true,
      "giftWrapAllowed": true,
      "season": "CSSP",
      "productType": "NonHeavy",
      "seasonYear": "2020",
      "tagControlFlag": false,
      "fashionType": "FashionType",
      "taxCode": "ZV",
      "toggleOn": "TOGGLE_ON_MODEL",
      "shippingAllowed": true,
      "assumeInfiniteInventory": false,
      "planningCategory": "Clothing",
      "bundlePricingStrategy": "PARENT",
      "soldSeparately": true,
      "productGroups": "Casual",
      "codAllowed": true
    },
    "images": [
      {
        "altText": "Polo T-shirt with Vented Hem",
        "format": "cartIcon",
        "galleryIndex": 0,
        "imageType": "PRIMARY",
        "url": "https://assets.ajio.com/medias/sys_master/root/hef/hb3/15203974152222/-78Wx98H-460551321-skyblue-MODEL.jpg",
        "width": null
      },
      {
        "altText": "Polo T-shirt with Vented Hem",
        "format": "thumbnail",
        "galleryIndex": 0,
        "imageType": "PRIMARY",
        "url": "https://assets.ajio.com/medias/sys_master/root/hef/hb3/15203974152222/-78Wx98H-460551321-skyblue-MODEL.jpg",
        "width": null
      },
      {
        "altText": "Polo T-shirt with Vented Hem",
        "format": "mobileProductListingImage",
        "galleryIndex": 0,
        "imageType": "PRIMARY",
        "url": "https://assets.ajio.com/medias/sys_master/root/h58/h6e/15203979329566/-288Wx360H-460551321-skyblue-MODEL.jpg",
        "width": null
      },
      {
        "altText": "Polo T-shirt with Vented Hem",
        "format": "product",
        "galleryIndex": 0,
        "imageType": "PRIMARY",
        "url": "https://assets.ajio.com/medias/sys_master/root/h19/h4c/15203973365790/-473Wx593H-460551321-skyblue-MODEL.jpg",
        "width": null
      },
      {
        "altText": "Polo T-shirt with Vented Hem",
        "format": "superZoomPdp",
        "galleryIndex": 0,
        "imageType": "PRIMARY",
        "url": "https://assets.ajio.com/medias/sys_master/root/hb2/h34/15203981590558/-1117Wx1400H-460551321-skyblue-MODEL.jpg",
        "width": null
      },
      {
        "altText": "Polo T-shirt with Vented Hem",
        "format": "cartIcon",
        "galleryIndex": 0,
        "imageType": "GALLERY",
        "url": "https://assets.ajio.com/medias/sys_master/root/hef/hb3/15203974152222/-78Wx98H-460551321-skyblue-MODEL.jpg",
        "width": null
      },
      {
        "altText": "Polo T-shirt with Vented Hem",
        "format": "thumbnail",
        "galleryIndex": 0,
        "imageType": "GALLERY",
        "url": "https://assets.ajio.com/medias/sys_master/root/hef/hb3/15203974152222/-78Wx98H-460551321-skyblue-MODEL.jpg",
        "width": null
      },
      {
        "altText": "Polo T-shirt with Vented Hem",
        "format": "mobileProductListingImage",
        "galleryIndex": 0,
        "imageType": "GALLERY",
        "url": "https://assets.ajio.com/medias/sys_master/root/h58/h6e/15203979329566/-288Wx360H-460551321-skyblue-MODEL.jpg",
        "width": null
      },
      {
        "altText": "Polo T-shirt with Vented Hem",
        "format": "product",
        "galleryIndex": 0,
        "imageType": "GALLERY",
        "url": "https://assets.ajio.com/medias/sys_master/root/h19/h4c/15203973365790/-473Wx593H-460551321-skyblue-MODEL.jpg",
        "width": null
      },
      {
        "altText": "Polo T-shirt with Vented Hem",
        "format": "superZoomPdp",
        "galleryIndex": 0,
        "imageType": "GALLERY",
        "url": "https://assets.ajio.com/medias/sys_master/root/hb2/h34/15203981590558/-1117Wx1400H-460551321-skyblue-MODEL.jpg",
        "width": null
      },
      {
        "altText": "Polo T-shirt with Vented Hem",
        "format": "cartIcon",
        "galleryIndex": 2,
        "imageType": "GALLERY",
        "url": "https://assets.ajio.com/medias/sys_master/root/h61/h5c/15203969302558/-78Wx98H-460551321-skyblue-MODEL2.jpg",
        "width": null
      },
      {
        "altText": "Polo T-shirt with Vented Hem",
        "format": "thumbnail",
        "galleryIndex": 2,
        "imageType": "GALLERY",
        "url": "https://assets.ajio.com/medias/sys_master/root/h61/h5c/15203969302558/-78Wx98H-460551321-skyblue-MODEL2.jpg",
        "width": null
      },
      {
        "altText": "Polo T-shirt with Vented Hem",
        "format": "product",
        "galleryIndex": 2,
        "imageType": "GALLERY",
        "url": "https://assets.ajio.com/medias/sys_master/root/hdf/h7d/15203969564702/-473Wx593H-460551321-skyblue-MODEL2.jpg",
        "width": null
      },
      {
        "altText": "Polo T-shirt with Vented Hem",
        "format": "superZoomPdp",
        "galleryIndex": 2,
        "imageType": "GALLERY",
        "url": "https://assets.ajio.com/medias/sys_master/root/h01/hc0/15203969761310/-1117Wx1400H-460551321-skyblue-MODEL2.jpg",
        "width": null
      },
      {
        "altText": "Polo T-shirt with Vented Hem",
        "format": "cartIcon",
        "galleryIndex": 3,
        "imageType": "GALLERY",
        "url": "https://assets.ajio.com/medias/sys_master/root/h1f/h6b/15203970875422/-78Wx98H-460551321-skyblue-MODEL3.jpg",
        "width": null
      },
      {
        "altText": "Polo T-shirt with Vented Hem",
        "format": "thumbnail",
        "galleryIndex": 3,
        "imageType": "GALLERY",
        "url": "https://assets.ajio.com/medias/sys_master/root/h1f/h6b/15203970875422/-78Wx98H-460551321-skyblue-MODEL3.jpg",
        "width": null
      },
      {
        "altText": "Polo T-shirt with Vented Hem",
        "format": "product",
        "galleryIndex": 3,
        "imageType": "GALLERY",
        "url": "https://assets.ajio.com/medias/sys_master/root/h5d/h96/15203971268638/-473Wx593H-460551321-skyblue-MODEL3.jpg",
        "width": null
      },
      {
        "altText": "Polo T-shirt with Vented Hem",
        "format": "superZoomPdp",
        "galleryIndex": 3,
        "imageType": "GALLERY",
        "url": "https://assets.ajio.com/medias/sys_master/root/h55/h02/15203971399710/-1117Wx1400H-460551321-skyblue-MODEL3.jpg",
        "width": null
      },
      {
        "altText": "Polo T-shirt with Vented Hem",
        "format": "cartIcon",
        "galleryIndex": 4,
        "imageType": "GALLERY",
        "url": "https://assets.ajio.com/medias/sys_master/root/heb/ha2/15203967139870/-78Wx98H-460551321-skyblue-MODEL4.jpg",
        "width": null
      },
      {
        "altText": "Polo T-shirt with Vented Hem",
        "format": "thumbnail",
        "galleryIndex": 4,
        "imageType": "GALLERY",
        "url": "https://assets.ajio.com/medias/sys_master/root/heb/ha2/15203967139870/-78Wx98H-460551321-skyblue-MODEL4.jpg",
        "width": null
      },
      {
        "altText": "Polo T-shirt with Vented Hem",
        "format": "product",
        "galleryIndex": 4,
        "imageType": "GALLERY",
        "url": "https://assets.ajio.com/medias/sys_master/root/h57/h1c/15203967533086/-473Wx593H-460551321-skyblue-MODEL4.jpg",
        "width": null
      },
      {
        "altText": "Polo T-shirt with Vented Hem",
        "format": "superZoomPdp",
        "galleryIndex": 4,
        "imageType": "GALLERY",
        "url": "https://assets.ajio.com/medias/sys_master/root/he9/hbd/15203967795230/-1117Wx1400H-460551321-skyblue-MODEL4.jpg",
        "width": null
      },
      {
        "altText": "Polo T-shirt with Vented Hem",
        "format": "cartIcon",
        "galleryIndex": 5,
        "imageType": "GALLERY",
        "url": "https://assets.ajio.com/medias/sys_master/root/h3b/h24/15203983917086/-78Wx98H-460551321-skyblue-MODEL5.jpg",
        "width": null
      },
      {
        "altText": "Polo T-shirt with Vented Hem",
        "format": "thumbnail",
        "galleryIndex": 5,
        "imageType": "GALLERY",
        "url": "https://assets.ajio.com/medias/sys_master/root/h3b/h24/15203983917086/-78Wx98H-460551321-skyblue-MODEL5.jpg",
        "width": null
      },
      {
        "altText": "Polo T-shirt with Vented Hem",
        "format": "product",
        "galleryIndex": 5,
        "imageType": "GALLERY",
        "url": "https://assets.ajio.com/medias/sys_master/root/hae/h29/15203984572446/-473Wx593H-460551321-skyblue-MODEL5.jpg",
        "width": null
      },
      {
        "altText": "Polo T-shirt with Vented Hem",
        "format": "superZoomPdp",
        "galleryIndex": 5,
        "imageType": "GALLERY",
        "url": "https://assets.ajio.com/medias/sys_master/root/h69/hd5/15203985031198/-1117Wx1400H-460551321-skyblue-MODEL5.jpg",
        "width": null
      }
    ],
    "isReturnable": true,
    "isShopTheLookAvailable": false,
    "mandatoryInfo": [
      {
        "title": "HUBBERHOLME,A 13 BASEMENT,SECTOR 58,NOIDA- India,201301",
        "key": "Marketed By"
      },
      {
        "title": "1N",
        "key": "Net Qty"
      },
      {
        "title": "HUBBERHOLME,A 13 BASEMENT,SECTOR 58,NOIDA- India,201301",
        "key": "Manufactured By"
      },
      {
        "title": "India",
        "key": "Country Of Origin"
      },
      {
        "title": "AJIO, c/o Reliance Retail Limited, SS Plaza, 74/2 Outer Ring Road, 29th Main Road, BTM 1st Stage, BTM Layout, Bangalore 560068, Karnataka, INDIA. Ph. 1800-889-9991, 1800-419-8998. E-mail - customercare@ajio.com",
        "key": "Customer Care Address"
      },
      {
        "title": "Men's Tshirts",
        "key": "Commodity"
      }
    ],
    "name": "Polo T-shirt with Vented Hem",
    "numberOfReviews": 0,
    "pdpFaqLink": "https://www.ajio.com/selfcare",
    "potentialPromotions": [
      {
        "code": "PAYDAY20",
        "description": "Get Up To Extra 20% Off on ₹2990 and Above <a href=\"/s/nail-the-sale-payday20-3889-20831\">View All Products></a>",
        "detailsURL": "https://www.ajio.com/s/nail-the-sale-payday20-3889-20831",
        "maxSavingPrice": 299.7,
        "termsLink": "T&C|/ajio-own-sale-policy",
        "title": "Use Code<br>PAYDAY20"
      },
      {
        "code": "FREESHIP",
        "description": "Free Shipping on First Purchase For Limited Period Only. <a href=\"/s/grab-the-sale-3805-26851\">View All Products></a>",
        "detailsURL": "https://www.ajio.com/s/grab-the-sale-3805-26851",
        "maxSavingPrice": 0,
        "termsLink": "T&C|/ajio-own-sale-policy",
        "title": "Use Code<br>FREESHIP"
      },
      {
        "code": "EPIC30",
        "description": "Get Upto Extra 30% Off On ₹3290 & Above. <a href=\"/s/amazing-deals-3866-27781\">View Products></a>.",
        "detailsURL": "https://www.ajio.com/s/amazing-deals-3866-27781",
        "maxSavingPrice": 0,
        "termsLink": "T&C|/ajio-own-sale-policy",
        "title": "Use Code<br>EPIC30"
      }
    ],
    "price": {
      "currencyIso": "INR",
      "displayformattedValue": "Rs. 350",
      "formattedValue": "Rs. 350.00",
      "priceType": "FROM",
      "taxInformation": {
        "priceWithTaxes": {
          "value": 367.5,
          "displayformattedValue": "Rs. 368"
        },
        "taxBreakDown": [
          {
            "key": "IGST",
            "value": {
              "value": 17.5,
              "displayformattedValue": "Rs. 18"
            }
          },
          {
            "key": "CESS",
            "value": {
              "value": 0,
              "displayformattedValue": "Rs. 0"
            }
          }
        ],
        "totalTaxAmount": {
          "value": 17.5,
          "displayformattedValue": "Rs. 18"
        }
      },
      "value": 350
    },
    "purchasable": true,
    "qualityAssuranceLogo": "https://assets.ajio.com/medias/sys_master/images/images/h19/h7b/9237131198494.png",
    "qualityAssuranceText": "All AJIO products go through a three stage quality check process wherein we thoroughly inspect Appearance after wash, Button pull strength, Tear strength, Colour fastness and Seam strength.",
    "returnContent": "Have any questions? Our Returns Policies may vary based on Products and Promotions, but don't worry we're always here to help you. For full details on our Returns Policies, please",
    "returnTitle": "click here",
    "returnUrl": "https://www.ajio.com/return-refund-policy",
    "rilfnlBreadCrumbList": {
      "rilfnlBreadCrumb": [
        {
          "name": "Men",
          "categoryCode": "8302",
          "url": "/men/c/8302"
        },
        {
          "name": "Western Wear",
          "categoryCode": "830216",
          "url": "/men-western-wear/c/830216"
        },
        {
          "name": "Tshirts",
          "categoryCode": "830216014",
          "url": "/men-tshirts/c/830216014"
        },
        {
          "name": "Polo T-shirt with Vented Hem",
          "url": "/hubberholme-polo-t-shirt-with-vented-hem/p/460551321",
          "linkClass": "active"
        }
      ]
    },
    "seasonCode": "CSSP",
    "stock": {
      "stockLevelStatus": "inStock",
      "stockLevel": 10
    },
    "storelinks": true,
    "styleType": "Polo",
    "summary": "",
    "url": "/hubberholme-polo-t-shirt-with-vented-hem/p/dist",
    "variantOptions": [
      {
        "code": "460551321001",
        "hsnCode": "6109",
        "modelImage": {
          "altText": "Polo T-shirt with Vented Hem",
          "format": "product",
          "galleryIndex": 0,
          "imageType": "PRIMARY",
          "url": "https://assets.ajio.com/medias/sys_master/root/h19/h4c/15203973365790/-473Wx593H-460551321-skyblue-MODEL.jpg",
          "width": null
        },
        "priceData": {
          "currencyIso": "INR",
          "displayformattedValue": "Rs. 350",
          "formattedValue": "Rs. 350.00",
          "priceType": "BUY",
          "taxInformation": {
            "priceWithTaxes": {
              "value": 367.5,
              "displayformattedValue": "Rs. 368"
            },
            "taxBreakDown": [
              {
                "key": "IGST",
                "value": {
                  "value": 17.5,
                  "displayformattedValue": "Rs. 18"
                }
              },
              {
                "key": "CESS",
                "value": {
                  "value": 0,
                  "displayformattedValue": "Rs. 0"
                }
              }
            ],
            "totalTaxAmount": {
              "value": 17.5,
              "displayformattedValue": "Rs. 18"
            }
          },
          "value": 350
        },
        "stock": {
          "stockLevelStatus": "inStock",
          "stockLevel": 13
        },
        "variantOptionQualifiers": [
          {
            "name": "Color Description",
            "qualifier": "colordescription",
            "value": "ColorDescription"
          },
          {
            "name": "Color",
            "qualifier": "color",
            "value": "sky-blue"
          },
          {
            "name": "Exclusive Till",
            "qualifier": "exclusiveTill"
          },
          {
            "name": "Size*",
            "qualifier": "size",
            "value": "S"
          },
          {
            "name": "Standard Size*",
            "qualifier": "standardSize",
            "value": "S"
          }
        ],
        "url": "/hubberholme-polo-t-shirt-with-vented-hem/p/460551321001",
        "wasPriceData": {
          "currencyIso": "INR",
          "displayformattedValue": "Rs. 999",
          "formattedValue": "Rs. 999.00",
          "priceType": "BUY",
          "value": 999
        },
        "mandatoryInfo": [
          {
            "subTitle": "(MRP changes as per size selection)",
            "title": "Rs. 999.00 inclusive of all taxes",
            "key": "MRP"
          }
        ],
        "delisted": false
      },
      {
        "code": "460551321002",
        "hsnCode": "6109",
        "modelImage": {
          "altText": "Polo T-shirt with Vented Hem",
          "format": "product",
          "galleryIndex": 0,
          "imageType": "PRIMARY",
          "url": "https://assets.ajio.com/medias/sys_master/root/h19/h4c/15203973365790/-473Wx593H-460551321-skyblue-MODEL.jpg",
          "width": null
        },
        "priceData": {
          "currencyIso": "INR",
          "displayformattedValue": "Rs. 350",
          "formattedValue": "Rs. 350.00",
          "priceType": "BUY",
          "taxInformation": {
            "priceWithTaxes": {
              "value": 367.5,
              "displayformattedValue": "Rs. 368"
            },
            "taxBreakDown": [
              {
                "key": "IGST",
                "value": {
                  "value": 17.5,
                  "displayformattedValue": "Rs. 18"
                }
              },
              {
                "key": "CESS",
                "value": {
                  "value": 0,
                  "displayformattedValue": "Rs. 0"
                }
              }
            ],
            "totalTaxAmount": {
              "value": 17.5,
              "displayformattedValue": "Rs. 18"
            }
          },
          "value": 350
        },
        "stock": {
          "stockLevelStatus": "lowStock",
          "stockLevel": 1
        },
        "variantOptionQualifiers": [
          {
            "name": "Color Description",
            "qualifier": "colordescription",
            "value": "ColorDescription"
          },
          {
            "name": "Color",
            "qualifier": "color",
            "value": "sky-blue"
          },
          {
            "name": "Exclusive Till",
            "qualifier": "exclusiveTill"
          },
          {
            "name": "Size*",
            "qualifier": "size",
            "value": "M"
          },
          {
            "name": "Standard Size*",
            "qualifier": "standardSize",
            "value": "M"
          }
        ],
        "url": "/hubberholme-polo-t-shirt-with-vented-hem/p/460551321002",
        "wasPriceData": {
          "currencyIso": "INR",
          "displayformattedValue": "Rs. 999",
          "formattedValue": "Rs. 999.00",
          "priceType": "BUY",
          "value": 999
        },
        "mandatoryInfo": [
          {
            "subTitle": "(MRP changes as per size selection)",
            "title": "Rs. 999.00 inclusive of all taxes",
            "key": "MRP"
          }
        ],
        "delisted": false
      },
      {
        "code": "460551321003",
        "hsnCode": "6109",
        "modelImage": {
          "altText": "Polo T-shirt with Vented Hem",
          "format": "product",
          "galleryIndex": 0,
          "imageType": "PRIMARY",
          "url": "https://assets.ajio.com/medias/sys_master/root/h19/h4c/15203973365790/-473Wx593H-460551321-skyblue-MODEL.jpg",
          "width": null
        },
        "priceData": {
          "currencyIso": "INR",
          "displayformattedValue": "Rs. 350",
          "formattedValue": "Rs. 350.00",
          "priceType": "BUY",
          "taxInformation": {
            "priceWithTaxes": {
              "value": 367.5,
              "displayformattedValue": "Rs. 368"
            },
            "taxBreakDown": [
              {
                "key": "IGST",
                "value": {
                  "value": 17.5,
                  "displayformattedValue": "Rs. 18"
                }
              },
              {
                "key": "CESS",
                "value": {
                  "value": 0,
                  "displayformattedValue": "Rs. 0"
                }
              }
            ],
            "totalTaxAmount": {
              "value": 17.5,
              "displayformattedValue": "Rs. 18"
            }
          },
          "value": 350
        },
        "stock": {
          "stockLevelStatus": "outOfStock",
          "stockLevel": 0
        },
        "variantOptionQualifiers": [
          {
            "name": "Color Description",
            "qualifier": "colordescription",
            "value": "ColorDescription"
          },
          {
            "name": "Color",
            "qualifier": "color",
            "value": "sky-blue"
          },
          {
            "name": "Exclusive Till",
            "qualifier": "exclusiveTill"
          },
          {
            "name": "Size*",
            "qualifier": "size",
            "value": "L"
          },
          {
            "name": "Standard Size*",
            "qualifier": "standardSize",
            "value": "L"
          }
        ],
        "url": "/hubberholme-polo-t-shirt-with-vented-hem/p/460551321003",
        "wasPriceData": {
          "currencyIso": "INR",
          "displayformattedValue": "Rs. 999",
          "formattedValue": "Rs. 999.00",
          "priceType": "BUY",
          "value": 999
        },
        "mandatoryInfo": [
          {
            "subTitle": "(MRP changes as per size selection)",
            "title": "Rs. 999.00 inclusive of all taxes",
            "key": "MRP"
          }
        ],
        "delisted": false
      },
      {
        "code": "460551321004",
        "hsnCode": "6109",
        "modelImage": {
          "altText": "Polo T-shirt with Vented Hem",
          "format": "product",
          "galleryIndex": 0,
          "imageType": "PRIMARY",
          "url": "https://assets.ajio.com/medias/sys_master/root/h19/h4c/15203973365790/-473Wx593H-460551321-skyblue-MODEL.jpg",
          "width": null
        },
        "priceData": {
          "currencyIso": "INR",
          "displayformattedValue": "Rs. 350",
          "formattedValue": "Rs. 350.00",
          "priceType": "BUY",
          "taxInformation": {
            "priceWithTaxes": {
              "value": 367.5,
              "displayformattedValue": "Rs. 368"
            },
            "taxBreakDown": [
              {
                "key": "IGST",
                "value": {
                  "value": 17.5,
                  "displayformattedValue": "Rs. 18"
                }
              },
              {
                "key": "CESS",
                "value": {
                  "value": 0,
                  "displayformattedValue": "Rs. 0"
                }
              }
            ],
            "totalTaxAmount": {
              "value": 17.5,
              "displayformattedValue": "Rs. 18"
            }
          },
          "value": 350
        },
        "stock": {
          "stockLevelStatus": "outOfStock",
          "stockLevel": 0
        },
        "variantOptionQualifiers": [
          {
            "name": "Color Description",
            "qualifier": "colordescription",
            "value": "ColorDescription"
          },
          {
            "name": "Color",
            "qualifier": "color",
            "value": "sky-blue"
          },
          {
            "name": "Exclusive Till",
            "qualifier": "exclusiveTill"
          },
          {
            "name": "Size*",
            "qualifier": "size",
            "value": "XL"
          },
          {
            "name": "Standard Size*",
            "qualifier": "standardSize",
            "value": "XL"
          }
        ],
        "url": "/hubberholme-polo-t-shirt-with-vented-hem/p/460551321004",
        "wasPriceData": {
          "currencyIso": "INR",
          "displayformattedValue": "Rs. 999",
          "formattedValue": "Rs. 999.00",
          "priceType": "BUY",
          "value": 999
        },
        "mandatoryInfo": [
          {
            "subTitle": "(MRP changes as per size selection)",
            "title": "Rs. 999.00 inclusive of all taxes",
            "key": "MRP"
          }
        ],
        "delisted": false
      }
    ],
    "variantType": "FnlSizeVariant",
    "verticalColor": "Blue",
    "ourPromise": "We assure the authenticity and quality of our products",
    "brandName": "Hubberholme",
    "brandCode": "hubberholme",
    "wasPriceData": {
      "currencyIso": "INR",
      "displayformattedValue": "Rs. 999",
      "formattedValue": "Rs. 999.00",
      "priceType": "FROM",
      "value": 999
    },
    "fnlColorVariantData": {
      "brandName": "Hubberholme",
      "color": "Blue",
      "colordescription": "ColorDescription",
      "maxQuantity": 10,
      "sizeGuideDesktop": "{\n  \"sizeChart\": [\n    {\n      \"APPLICATION_NAME\": \"RILFNL-AJIO\",\n      \"BRICK_CODE\": \"830216014\",\n      \"BRAND_CODE\": \"hubberholme\",\n      \"Size_HEADER\": \"Size\",\n      \"FITTING_TYPE\": \"Regular Fit\",\n      \"SIZE_NAME\": \"S\",\n      \"PRIORITY\": \"1\",\n      \"GENDER\": \"Men\",\n      \"BRICK_NAME\": \"Tshirts\",\n      \"BRAND_NAME\": \"Hubberholems\",\n      \"BRAND_LOGO\": \"https://assets.ajio.com//_ui/brand-logo/hubberholem.jpg\",\n      \"Shoulder_attribute\": \"16\",\n      \"Chest_attribute\": \"36\",\n      \"TIPS\": \"If you dont find an exact match, go for the next size\",\n      \"HOW_TO_MEASURE_IMAGEURL_1\": \"https://assets.ajio.com//sizeguide/SizeGuide_Tshirt.jpg\",\n      \"MEASUREMENT_TYPE\": \"Garment Measurement\"\n    },\n    {\n      \"APPLICATION_NAME\": \"RILFNL-AJIO\",\n      \"BRICK_CODE\": \"830216014\",\n      \"BRAND_CODE\": \"hubberholme\",\n      \"Size_HEADER\": \"Size\",\n      \"FITTING_TYPE\": \"Regular Fit\",\n      \"SIZE_NAME\": \"M\",\n      \"PRIORITY\": \"2\",\n      \"GENDER\": \"Men\",\n      \"BRICK_NAME\": \"Tshirts\",\n      \"BRAND_NAME\": \"Hubberholems\",\n      \"BRAND_LOGO\": \"https://assets.ajio.com//_ui/brand-logo/hubberholem.jpg\",\n      \"Shoulder_attribute\": \"17\",\n      \"Chest_attribute\": \"38\",\n      \"TIPS\": \"If you dont find an exact match, go for the next size\",\n      \"HOW_TO_MEASURE_IMAGEURL_1\": \"https://assets.ajio.com//sizeguide/SizeGuide_Tshirt.jpg\",\n      \"MEASUREMENT_TYPE\": \"Garment Measurement\"\n    },\n    {\n      \"APPLICATION_NAME\": \"RILFNL-AJIO\",\n      \"BRICK_CODE\": \"830216014\",\n      \"BRAND_CODE\": \"hubberholme\",\n      \"Size_HEADER\": \"Size\",\n      \"FITTING_TYPE\": \"Regular Fit\",\n      \"SIZE_NAME\": \"L\",\n      \"PRIORITY\": \"3\",\n      \"GENDER\": \"Men\",\n      \"BRICK_NAME\": \"Tshirts\",\n      \"BRAND_NAME\": \"Hubberholems\",\n      \"BRAND_LOGO\": \"https://assets.ajio.com//_ui/brand-logo/hubberholem.jpg\",\n      \"Shoulder_attribute\": \"17\",\n      \"Chest_attribute\": \"40\",\n      \"TIPS\": \"If you dont find an exact match, go for the next size\",\n      \"HOW_TO_MEASURE_IMAGEURL_1\": \"https://assets.ajio.com//sizeguide/SizeGuide_Tshirt.jpg\",\n      \"MEASUREMENT_TYPE\": \"Garment Measurement\"\n    },\n    {\n      \"APPLICATION_NAME\": \"RILFNL-AJIO\",\n      \"BRICK_CODE\": \"830216014\",\n      \"BRAND_CODE\": \"hubberholme\",\n      \"Size_HEADER\": \"Size\",\n      \"FITTING_TYPE\": \"Regular Fit\",\n      \"SIZE_NAME\": \"XL\",\n      \"PRIORITY\": \"4\",\n      \"GENDER\": \"Men\",\n      \"BRICK_NAME\": \"Tshirts\",\n      \"BRAND_NAME\": \"Hubberholems\",\n      \"BRAND_LOGO\": \"https://assets.ajio.com//_ui/brand-logo/hubberholem.jpg\",\n      \"Shoulder_attribute\": \"18\",\n      \"Chest_attribute\": \"43\",\n      \"TIPS\": \"If you dont find an exact match, go for the next size\",\n      \"HOW_TO_MEASURE_IMAGEURL_1\": \"https://assets.ajio.com//sizeguide/SizeGuide_Tshirt.jpg\",\n      \"MEASUREMENT_TYPE\": \"Garment Measurement\"\n    }\n  ],\n  \"applicationName\": \"RILFNL-AJIO\",\n  \"brickCode\": \"830216014\",\n  \"brandCode\": \"hubberholme\",\n  \"vendorCode\": \"\",\n  \"fittingType\": \"Regular Fit\",\n  \"message\": \"GET_SIZE_CHART_SUCCESS\",\n  \"errorDesc\": \"\",\n  \"errorList\": [],\n  \"status\": {\n    \"statusCode\": 0\n  }\n}",
      "sizeGuideServiceUrl": "/sg/app?sizeChartUrl=830216014/hubberholme/%20/Regular%20Fit/",
      "catDescription": "",
      "sizeGuideUrl": "/sg/app?sizeChartUrl=830216014/hubberholme/%20/Regular%20Fit/",
      "sizeToolTip": "[\n  {\n    \"MEASUREMENT_TYPE\": \"Garment Measurement\",\n    \"SIZE_NAME\": \"S\",\n    \"GENDER\": \"Men\",\n    \"Show_Tool_Tip\": \"2\",\n    \"Shoulder_attribute\": \"16\",\n    \"Chest_attribute\": \"36\"\n  },\n  {\n    \"MEASUREMENT_TYPE\": \"Garment Measurement\",\n    \"SIZE_NAME\": \"M\",\n    \"GENDER\": \"Men\",\n    \"Show_Tool_Tip\": \"2\",\n    \"Shoulder_attribute\": \"17\",\n    \"Chest_attribute\": \"38\"\n  },\n  {\n    \"MEASUREMENT_TYPE\": \"Garment Measurement\",\n    \"SIZE_NAME\": \"L\",\n    \"GENDER\": \"Men\",\n    \"Show_Tool_Tip\": \"2\",\n    \"Shoulder_attribute\": \"17\",\n    \"Chest_attribute\": \"40\"\n  },\n  {\n    \"MEASUREMENT_TYPE\": \"Garment Measurement\",\n    \"SIZE_NAME\": \"XL\",\n    \"GENDER\": \"Men\",\n    \"Show_Tool_Tip\": \"2\",\n    \"Shoulder_attribute\": \"18\",\n    \"Chest_attribute\": \"43\"\n  }\n]",
      "allPromotions": false,
      "sizeFlag": false,
      "categoryUrl": "/b/hubberholme",
      "aboutBrandImgUrl": "/_ui/brand-logo/hubberholme.jpg"
    },
    "isBundleOfferAvailable": false,
    "responseStatus": "INCOMPLETE",
    "serviceErrors": [
      {
        "code": 90126,
        "description": "CATALOG_EXCLUSIVE_TILL_UNAVAILABLE",
        "message": "Exclusive till date not received from catalog engine",
        "severity": "WARNING"
      }
    ],
    "sourceMap": {
      "TAX": "Tax service",
      "PROMOTION": "Promotion Service",
      "BRAND_DETAIL": "Catalog Service(Brand details)",
      "INVENTORY": "Inventory Service/ Hazelcast",
      "CATALOG": "Catalog Service",
      "PRICE": "Pricing Service",
      "SIZE_CHART": "Size chart service"
    },
    "experiments": []
  }
}

