{
  "status": {
    "statusCode": 0
  },
  "plpOptionData": [
    {
      "dealId": "FLASHSALE-LALCHAND",
      "optionCode": "460001949_black",
      "variantOptionResponses": [
        {
          "skuId": "460001949007",
          "stockResponse": {
            "inventoryCount": 1,
            "stockLevelStatus": "inStock"
          },
          "size": "XXXL",
          "imageResponse": [
            {
              "format": "product",
              "imageType": "PRIMARY",
              "url": "https://assets-uat.ajio.ril.com/medias/sys_master/root/ha2/h35/8938605183006/-473Wx593H-460001949-black-MODEL.jpg"
            }
          ],
          "priceDataResponse": {
            "currencyIso": "INR",
            "displayFormattedValue": "Rs. 0",
            "formattedValue": "Rs. 0.00",
            "value": 0
          },
          "wasPriceData": {
            "currencyIso": "INR",
            "displayFormattedValue": "Rs. 3,999",
            "formattedValue": "Rs. 3,999.00",
            "value": 3999
          }
        }
      ],
      "priceData": {
        "currencyIso": "INR",
        "displayFormattedValue": "Rs. 0",
        "formattedValue": "Rs. 0.00",
        "value": 0
      },
      "wasPriceData": {
        "currencyIso": "INR",
        "displayFormattedValue": "Rs. 3,999",
        "formattedValue": "Rs. 3,999.00",
        "value": 3999
      },
      "title": "Fit & Flare Dress with Lace Panels",
      "brandName": "FRENDZ DORAEMON",
      "outfitPictureUrlApp": "https://assets-uat.ajio.ril.com/medias/sys_master/root/h9d/h72/8938605576222/-288Wx360H-460001949-black-MODEL.jpg",
      "outfitPictureUrlDesktop": "https://assets-uat.ajio.ril.com/medias/sys_master/root/ha2/h35/8938605183006/-473Wx593H-460001949-black-MODEL.jpg",
      "optionLevelStock": {
        "inventoryCount": 1,
        "stockLevelStatus": "inStock"
      },
      "brickName": "Jackets & Coats",
      "brickCategory": "Women",
      "fnlColorVariantData": {
        "brandName": "FRENDZ DORAEMON",
        "color": "Black",
        "colordescription": "ColorDescription",
        "maxQuantity": 10,
        "sizeGuideDesktop": "{\n  \"sizeChart\": [],\n  \"applicationName\": \"RILFNL-AJIO\",\n  \"brickCode\": \"830316012\",\n  \"brandCode\": \"frendz-doraemon\",\n  \"vendorCode\": \"\",\n  \"fittingType\": \"Regular Fit\",\n  \"message\": \"GET_SIZE_CHART_SUCCESS\",\n  \"errorDesc\": \"\",\n  \"errorList\": [],\n  \"status\": {\n    \"statusCode\": 0\n  }\n}",
        "sizeGuideServiceUrl": "/sg/app?sizeChartUrl=830316012/frendz-doraemon/%20/Regular%20Fit/",
        "sizeGuideUrl": "/sg/app?sizeChartUrl=830316012/frendz-doraemon/%20/Regular%20Fit/",
        "sizeToolTip": "[]",
        "allPromotions": false,
        "sizeFlag": false,
        "categoryUrl": "/b/frendz-doraemon",
        "aboutBrandImgUrl": "/_ui/brand-logo/frendz-doraemon.jpg"
      }
    }
  ],
  "filterList": [
    {
      "type": "category",
      "values": [
        {
          "name": "Women",
          "value": "Women"
        },
        {
          "name": "Men",
          "value": "Men"
        },
        {
          "name": "Boys",
          "value": "Boys"
        }
      ]
    },
    {
      "type": "brick",
      "values": [
        {
          "name": "Shirts",
          "value": "Shirts"
        },
        {
          "name": "Jeans",
          "value": "Jeans"
        },
        {
          "name": "Jackets & Coats",
          "value": "Jackets & Coats"
        },
        {
          "name": "Kurtas",
          "value": "Kurtas"
        }
      ]
    },
    {
      "type": "brand",
      "values": [
        {
          "name": "FRENDZ DORAEMON",
          "value": "FRENDZ DORAEMON"
        },
        {
          "name": "1 AAROW",
          "value": "1 AAROW"
        },
        {
          "name": "Reliance",
          "value": "Reliance"
        },
        {
          "name": "LEE",
          "value": "LEE"
        }
      ]
    },
    {
      "type": "size",
      "values": [
        {
          "name": "44",
          "value": "44"
        },
        {
          "name": "28",
          "value": "28"
        },
        {
          "name": "XXXL",
          "value": "XXXL"
        },
        {
          "name": "M",
          "value": "M"
        }
      ]
    }
  ],
  "saleBanner": {
    "viewType": "saleBanner",
    "imageUrlApp": "https://assets-uat.ajio.ril.com/static/fsassets/images/banner-app.png",
    "imageUrlDesktop": "https://assets-uat.ajio.ril.com/static/fsassets/images/banner-desktop.png"
  },
  "timer": {
    "viewType": "timer",
    "saleStartTime": 1585718400000,
    "saleEndTime": 1591075200000
  },
  "saleText": {
    "viewType": "saleText",
    "text": "30 Seconds Sale Only | No Excahnge | No Returns ",
    "linkText": "View Tnull",
    "linkUrl": "https://asset/saleDetailLinkUrl"
  }
}
