{
  "convenienceFee" : {
    "COD" : {
      "amount" : "25",
      "netAmount" : "24"
    },
    "delivery" : {
      "amount" : "99",
      "netAmount" : "99"
    },
    "RVP" : {
      "amount" : "35",
      "netAmount" : "34"
    },
    "total" : {
      "amount" : "159",
      "netAmount" : "157"
    }
  },
  "totalTax" : {
    "priceType" : "BUY",
    "value" : 0,
    "currencyIso" : "INR",
    "displayformattedValue" : "Rs.0",
    "formattedValue" : "Rs.0.00"
  },
  "deliveryCost" : {
    "priceType" : "BUY",
    "value" : 157,
    "currencyIso" : "INR",
    "displayformattedValue" : "Rs.157",
    "formattedValue" : "Rs.157.00"
  },
  "loyaltyEarnedPoints" : 0,
  "deliveryModeValue" : "standard-shipping",
  "loyaltyBurnedPoints" : 0,
  "totalDiscounts" : {
    "priceType" : "BUY",
    "value" : 0,
    "currencyIso" : "INR",
    "displayformattedValue" : "Rs.0",
    "formattedValue" : "Rs.0.00"
  },
  "created" : "2022-12-06T12:08:00+0530",
  "forwardOrderRevampFlowEnabled" : false,
  "totalUnitCount" : 1,
  "type" : "fnlOrderWsDTO",
  "consignmentsData" : [
    {
      "trackingID" : "136700001001643",
      "shippingAddress" : {
        "customAddressType" : "Return address",
        "id" : "8895514214423",
        "lastName" : " bhandari return order",
        "firstName" : "saurabh",
        "phone" : "7292065348",
        "selectedAddressType" : "OTHER",
        "defaultAddress" : false,
        "shippingAddress" : false,
        "state" : "KARNATAKA",
        "visibleInAddressBook" : true,
        "line1" : "return hourse building no 129",
        "formattedAddress" : "return hourse building no 129, street 7, 560033",
        "postalCode" : "560033",
        "district" : "BANGALORE",
        "addressPoc" : "saurabh bhandari return order",
        "country" : {
          "isocode" : "IN",
          "name" : "India"
        },
        "line2" : "street 7"
      },
      "carrierUrl" : "https:\/\/www.xpressbees.com\/track?isawb=Yes&trackid=136700001001643",
      "returnRequests" : [
        {
          "impsFlag" : false,
          "isReturnonHold" : false,
          "refundCancelReturnSection" : {
            "bodyContent" : [
              {
                "message" : "Your return window for this product still open"
              }
            ],
            "bottomLinkContent" : [
              {
                "bottomLinkCode" : "CREATE_NEW_RETURN",
                "bottomLinkUrl" : "",
                "bottomHeader" : "Create new return"
              }
            ],
            "headerMessage" : "Return cancelled on 07 Dec"
          },
          "cancelledTrackerMessageBody" : "The return initiated on this product was cancelled on 07 Dec as per the request",
          "returnCancelledEntries" : [
            {
              "amount" : "0.0",
              "entry" : {
                "eddBreachedFlag" : false,
                "basePrice" : {
                  "priceType" : "BUY",
                  "value" : 999,
                  "currencyIso" : "INR",
                  "displayformattedValue" : "Rs.999",
                  "formattedValue" : "Rs.999.00"
                },
                "eddUpper" : "2022-12-09T00:00:00+0530",
                "totalPrice" : {
                  "priceType" : "BUY",
                  "value" : 999,
                  "currencyIso" : "INR",
                  "displayformattedValue" : "Rs.999",
                  "formattedValue" : "Rs.999.00"
                },
                "entryStatus" : "DELIVERED",
                "psdBreachedFlag" : true,
                "sourceStoreId" : "ajio",
                "epochPSD" : 1670351399000,
                "dealEnabled" : false,
                "entryNumber" : 0,
                "convenienceFee" : {
                  "COD" : {
                    "netAmount" : "24.0"
                  },
                  "delivery" : {
                    "netAmount" : "99.0"
                  },
                  "RVP" : {
                    "netAmount" : "34.0"
                  },
                  "total" : {
                    "netAmount" : "157.0"
                  }
                },
                "isExchangeable" : true,
                "multiItemPromoAmt" : 0,
                "isBundleOfferApplicable" : false,
                "returnWindow" : 5,
                "quantity" : 1,
                "isReturnable" : true,
                "voucherPromoAmt" : 0,
                "product" : {
                  "name" : "Printed Jacket with Kullu Borders",
                  "purchasable" : true,
                  "wasPriceData" : {
                    "priceType" : "BUY",
                    "value" : 999,
                    "currencyIso" : "INR",
                    "displayformattedValue" : "Rs.999",
                    "formattedValue" : "Rs.999.00"
                  },
                  "brickName" : "Jeans & Jeggings",
                  "fnlColorVariantData" : {
                    "maxQuantity" : 0,
                    "allPromotions" : false,
                    "sizeFlag" : false
                  },
                  "segmentName" : "Women",
                  "url" : "\/frendz-doraemon-printed-jacket-with-kullu-borders\/p\/460001938001",
                  "verticalName" : "Western Wear",
                  "brandTypeName" : "1",
                  "code" : "460001938001",
                  "catalogName" : "rilfnlProductCatalog",
                  "baseProduct" : "460001938_black",
                  "price" : {
                    "priceType" : "BUY",
                    "value" : 999,
                    "currencyIso" : "INR",
                    "displayformattedValue" : "Rs.999",
                    "formattedValue" : "Rs.999.00"
                  },
                  "couponStatus" : "Coupon Applicable",
                  "images" : [
                    {
                      "format" : "product",
                      "imageType" : "PRIMARY",
                      "url" : "https:\/\/assets-uat.ajio.ril.com\/medias\/sys_master\/root\/hae\/he8\/8938439442462\/-288Wx360H-460001938-black-MODEL.jpg",
                      "altText" : "Printed Jacket with Kullu Borders"
                    },
                    {
                      "format" : "mobileProductListingImage",
                      "imageType" : "PRIMARY",
                      "url" : "https:\/\/assets-uat.ajio.ril.com\/medias\/sys_master\/root\/hae\/he8\/8938439442462\/-288Wx360H-460001938-black-MODEL.jpg",
                      "altText" : "Printed Jacket with Kullu Borders"
                    },
                    {
                      "format" : "cartIcon",
                      "imageType" : "PRIMARY",
                      "url" : "https:\/\/assets-uat.ajio.ril.com\/medias\/sys_master\/root\/h0b\/h8b\/8938438918174\/-78Wx98H-460001938-black-MODEL.jpg",
                      "altText" : "Printed Jacket with Kullu Borders"
                    },
                    {
                      "format" : "thumbnail",
                      "imageType" : "PRIMARY",
                      "url" : "https:\/\/assets-uat.ajio.ril.com\/medias\/sys_master\/root\/h0b\/h8b\/8938438918174\/-78Wx98H-460001938-black-MODEL.jpg",
                      "altText" : "Printed Jacket with Kullu Borders"
                    }
                  ],
                  "brandName" : "FRENDZ DORAEMON",
                  "baseOptions" : [
                    {
                      "selected" : {
                        "url" : "\/frendz-doraemon-printed-jacket-with-kullu-borders\/p\/460001938001",
                        "variantOptionQualifiers" : [
                          {
                            "name" : "Size Format",
                            "value" : "UK",
                            "qualifier" : "sizeFormat"
                          },
                          {
                            "name" : "Standard Size Format",
                            "value" : "US",
                            "qualifier" : "standardSizeFormat"
                          },
                          {
                            "name" : "Size Display Type",
                            "value" : "STANDARD",
                            "qualifier" : "sizeDisplayType"
                          },
                          {
                            "name" : "Expiry Date",
                            "value" : "",
                            "qualifier" : "expiryDate"
                          },
                          {
                            "name" : "Volume",
                            "value" : "",
                            "qualifier" : "volume"
                          },
                          {
                            "name" : "Gross Weight",
                            "value" : "",
                            "qualifier" : "grossWeight"
                          },
                          {
                            "name" : "Net Weight",
                            "value" : "",
                            "qualifier" : "netWeight"
                          },
                          {
                            "name" : "Metal Weight",
                            "value" : "",
                            "qualifier" : "metalWeight"
                          },
                          {
                            "name" : "UOM",
                            "value" : "",
                            "qualifier" : "uom"
                          },
                          {
                            "name" : "Selection 1",
                            "value" : "",
                            "qualifier" : "selection1"
                          },
                          {
                            "name" : "Selection 2",
                            "value" : "",
                            "qualifier" : "selection2"
                          },
                          {
                            "name" : "Metal Purity",
                            "value" : "",
                            "qualifier" : "metalPurity"
                          },
                          {
                            "name" : "StandardSize",
                            "value" : "",
                            "qualifier" : "standardSize"
                          },
                          {
                            "name" : "Color",
                            "value" : "",
                            "qualifier" : "color"
                          },
                          {
                            "name" : "Size*",
                            "value" : "XS",
                            "qualifier" : "size"
                          },
                          {
                            "name" : "Exclusive Till",
                            "value" : "",
                            "qualifier" : "exclusiveTill"
                          },
                          {
                            "name" : "Color Description",
                            "value" : "",
                            "qualifier" : "colordescription"
                          },
                          {
                            "name" : "Capsule ID",
                            "value" : "",
                            "qualifier" : "capsuleID"
                          },
                          {
                            "name" : "UNIVERSALSIZE",
                            "value" : "L",
                            "qualifier" : "universalSize"
                          }
                        ],
                        "code" : "460001938001"
                      },
                      "variantType" : "FnlSizeVariant"
                    },
                    {
                      "selected" : {
                        "url" : "\/frendz-doraemon-printed-jacket-with-kullu-borders\/p\/460001938_black",
                        "variantOptionQualifiers" : [
                          {
                            "name" : "Selection 1",
                            "value" : "",
                            "qualifier" : "selection1"
                          },
                          {
                            "name" : "Selection 2",
                            "value" : "",
                            "qualifier" : "selection2"
                          },
                          {
                            "name" : "Metal Purity",
                            "value" : "",
                            "qualifier" : "metalPurity"
                          },
                          {
                            "name" : "Capsule ID",
                            "value" : "",
                            "qualifier" : "capsuleID"
                          },
                          {
                            "name" : "Color Description",
                            "value" : "",
                            "qualifier" : "colordescription"
                          },
                          {
                            "name" : "Exclusive Till",
                            "value" : "",
                            "qualifier" : "exclusiveTill"
                          },
                          {
                            "name" : "Color",
                            "value" : "",
                            "qualifier" : "color"
                          }
                        ],
                        "code" : "460001938_black"
                      },
                      "variantType" : "FnlColorVariant"
                    }
                  ],
                  "discountPercent" : "0% off",
                  "brickCategory" : "830316001"
                },
                "eddLower" : "2022-12-09T00:00:00+0530",
                "shippingChargePromoAmt" : 157,
                "epochEddUpper" : 1670524200000,
                "ctaMessage" : "Return\/Exchange is available till Sunday, 11 December"
              },
              "returnEntryProductPrice" : 0,
              "lineItemQty" : 0,
              "returnEntryMessage" : ""
            }
          ],
          "refundPickupSection" : {
            "pickUpHeader" : "Return Pickup From"
          },
          "returnRevampTopicName" : "Return cancelled on 07 Dec",
          "estimatedRefundDate" : "2022-12-10T17:09:45+0530",
          "returnStatus" : "Return cancelled",
          "promisePickupDate" : "2022-12-10T17:09:45+0530",
          "returnMessage" : "Return cancelled on 07 Dec",
          "returnId" : "RT11801030",
          "returnOrderTracker" : [
            {
              "isActive" : true,
              "returnMessage" : "Return requested on 07 Dec",
              "subStatus" : [
                {
                  "subStatusMessage" : "Return Pickup on\/before 10 Dec"
                }
              ],
              "mainStatusName" : "Return initiated",
              "activeBar" : "ORANGE"
            },
            {
              "isActive" : true,
              "returnMessage" : "Return cancelled on 07 Dec",
              "mainStatusName" : "Return Cancelled",
              "activeBar" : "RED"
            }
          ],
          "droppedAtStore" : false,
          "refundAmountSection" : {
            "paymentModeOfRefundMsg" : "Cash on Delivery",
            "bottomLinkContent" : [
              {
                "bottomLinkCode" : "CREATE_NEW_RETURN",
                "bottomLinkUrl" : "",
                "bottomHeader" : "Create new return"
              }
            ],
            "refundAmount" : "0.0",
            "errorMessage" : "Not eligible for refund as return was cancelled."
          },
          "returnCancelPickupAddress" : {
            "customAddressType" : "Return address",
            "id" : "8895619727383",
            "lastName" : " bhandari return order",
            "firstName" : "saurabh",
            "phone" : "7292065348",
            "selectedAddressType" : "OTHER",
            "defaultAddress" : false,
            "isHomeAddress" : true,
            "shippingAddress" : true,
            "state" : "KARNATAKA",
            "billingAddress" : false,
            "visibleInAddressBook" : true,
            "line1" : "return hourse building no 129",
            "formattedAddress" : "return hourse building no 129, street 7, 560033",
            "postalCode" : "560033",
            "district" : "BANGALORE",
            "addressPoc" : "saurabh bhandari return order",
            "country" : {
              "isocode" : "IN",
              "name" : "India"
            },
            "line2" : "street 7"
          },
          "returnRequestedOnMessage" : "Return requested on 07 Dec"
        }
      ],
      "deliveryDate" : "2022-12-06T12:12:14+0530",
      "code" : "200959058-100054289-FNA6300006840",
      "entries" : [
        {
          "amount" : "1132.05",
          "entryStatus" : "DELIVERED",
          "quantity" : 1,
          "shippedQuantity" : 1,
          "orderEntry" : {
            "eddBreachedFlag" : false,
            "basePrice" : {
              "priceType" : "BUY",
              "value" : 999,
              "currencyIso" : "INR",
              "displayformattedValue" : "Rs.999",
              "formattedValue" : "Rs.999.00"
            },
            "eddUpper" : "2022-12-09T00:00:00+0530",
            "totalPrice" : {
              "priceType" : "BUY",
              "value" : 999,
              "currencyIso" : "INR",
              "displayformattedValue" : "Rs.999",
              "formattedValue" : "Rs.999.00"
            },
            "entryStatus" : "DELIVERED",
            "psdBreachedFlag" : true,
            "sourceStoreId" : "ajio",
            "epochPSD" : 1670351399000,
            "dealEnabled" : false,
            "entryNumber" : 0,
            "convenienceFee" : {
              "COD" : {
                "netAmount" : "24.0"
              },
              "delivery" : {
                "netAmount" : "99.0"
              },
              "RVP" : {
                "netAmount" : "34.0"
              },
              "total" : {
                "netAmount" : "157.0"
              }
            },
            "isExchangeable" : true,
            "multiItemPromoAmt" : 0,
            "isBundleOfferApplicable" : false,
            "returnWindow" : 5,
            "quantity" : 1,
            "isReturnable" : true,
            "voucherPromoAmt" : 0,
            "product" : {
              "name" : "Printed Jacket with Kullu Borders",
              "purchasable" : true,
              "wasPriceData" : {
                "priceType" : "BUY",
                "value" : 999,
                "currencyIso" : "INR",
                "displayformattedValue" : "Rs.999",
                "formattedValue" : "Rs.999.00"
              },
              "brickName" : "Jeans & Jeggings",
              "fnlColorVariantData" : {
                "maxQuantity" : 0,
                "allPromotions" : false,
                "sizeFlag" : false
              },
              "segmentName" : "Women",
              "url" : "\/frendz-doraemon-printed-jacket-with-kullu-borders\/p\/460001938001",
              "verticalName" : "Western Wear",
              "brandTypeName" : "1",
              "code" : "460001938001",
              "catalogName" : "rilfnlProductCatalog",
              "baseProduct" : "460001938_black",
              "price" : {
                "priceType" : "BUY",
                "value" : 999,
                "currencyIso" : "INR",
                "displayformattedValue" : "Rs.999",
                "formattedValue" : "Rs.999.00"
              },
              "couponStatus" : "Coupon Applicable",
              "images" : [
                {
                  "format" : "product",
                  "imageType" : "PRIMARY",
                  "url" : "https:\/\/assets-uat.ajio.ril.com\/medias\/sys_master\/root\/hae\/he8\/8938439442462\/-288Wx360H-460001938-black-MODEL.jpg",
                  "altText" : "Printed Jacket with Kullu Borders"
                },
                {
                  "format" : "mobileProductListingImage",
                  "imageType" : "PRIMARY",
                  "url" : "https:\/\/assets-uat.ajio.ril.com\/medias\/sys_master\/root\/hae\/he8\/8938439442462\/-288Wx360H-460001938-black-MODEL.jpg",
                  "altText" : "Printed Jacket with Kullu Borders"
                },
                {
                  "format" : "cartIcon",
                  "imageType" : "PRIMARY",
                  "url" : "https:\/\/assets-uat.ajio.ril.com\/medias\/sys_master\/root\/h0b\/h8b\/8938438918174\/-78Wx98H-460001938-black-MODEL.jpg",
                  "altText" : "Printed Jacket with Kullu Borders"
                },
                {
                  "format" : "thumbnail",
                  "imageType" : "PRIMARY",
                  "url" : "https:\/\/assets-uat.ajio.ril.com\/medias\/sys_master\/root\/h0b\/h8b\/8938438918174\/-78Wx98H-460001938-black-MODEL.jpg",
                  "altText" : "Printed Jacket with Kullu Borders"
                }
              ],
              "brandName" : "FRENDZ DORAEMON",
              "baseOptions" : [
                {
                  "selected" : {
                    "url" : "\/frendz-doraemon-printed-jacket-with-kullu-borders\/p\/460001938001",
                    "variantOptionQualifiers" : [
                      {
                        "name" : "Size Format",
                        "value" : "UK",
                        "qualifier" : "sizeFormat"
                      },
                      {
                        "name" : "Standard Size Format",
                        "value" : "US",
                        "qualifier" : "standardSizeFormat"
                      },
                      {
                        "name" : "Size Display Type",
                        "value" : "STANDARD",
                        "qualifier" : "sizeDisplayType"
                      },
                      {
                        "name" : "Expiry Date",
                        "value" : "",
                        "qualifier" : "expiryDate"
                      },
                      {
                        "name" : "Volume",
                        "value" : "",
                        "qualifier" : "volume"
                      },
                      {
                        "name" : "Gross Weight",
                        "value" : "",
                        "qualifier" : "grossWeight"
                      },
                      {
                        "name" : "Net Weight",
                        "value" : "",
                        "qualifier" : "netWeight"
                      },
                      {
                        "name" : "Metal Weight",
                        "value" : "",
                        "qualifier" : "metalWeight"
                      },
                      {
                        "name" : "UOM",
                        "value" : "",
                        "qualifier" : "uom"
                      },
                      {
                        "name" : "Selection 1",
                        "value" : "",
                        "qualifier" : "selection1"
                      },
                      {
                        "name" : "Selection 2",
                        "value" : "",
                        "qualifier" : "selection2"
                      },
                      {
                        "name" : "Metal Purity",
                        "value" : "",
                        "qualifier" : "metalPurity"
                      },
                      {
                        "name" : "StandardSize",
                        "value" : "",
                        "qualifier" : "standardSize"
                      },
                      {
                        "name" : "Color",
                        "value" : "",
                        "qualifier" : "color"
                      },
                      {
                        "name" : "Size*",
                        "value" : "XS",
                        "qualifier" : "size"
                      },
                      {
                        "name" : "Exclusive Till",
                        "value" : "",
                        "qualifier" : "exclusiveTill"
                      },
                      {
                        "name" : "Color Description",
                        "value" : "",
                        "qualifier" : "colordescription"
                      },
                      {
                        "name" : "Capsule ID",
                        "value" : "",
                        "qualifier" : "capsuleID"
                      },
                      {
                        "name" : "UNIVERSALSIZE",
                        "value" : "L",
                        "qualifier" : "universalSize"
                      }
                    ],
                    "code" : "460001938001"
                  },
                  "variantType" : "FnlSizeVariant"
                },
                {
                  "selected" : {
                    "url" : "\/frendz-doraemon-printed-jacket-with-kullu-borders\/p\/460001938_black",
                    "variantOptionQualifiers" : [
                      {
                        "name" : "Selection 1",
                        "value" : "",
                        "qualifier" : "selection1"
                      },
                      {
                        "name" : "Selection 2",
                        "value" : "",
                        "qualifier" : "selection2"
                      },
                      {
                        "name" : "Metal Purity",
                        "value" : "",
                        "qualifier" : "metalPurity"
                      },
                      {
                        "name" : "Capsule ID",
                        "value" : "",
                        "qualifier" : "capsuleID"
                      },
                      {
                        "name" : "Color Description",
                        "value" : "",
                        "qualifier" : "colordescription"
                      },
                      {
                        "name" : "Exclusive Till",
                        "value" : "",
                        "qualifier" : "exclusiveTill"
                      },
                      {
                        "name" : "Color",
                        "value" : "",
                        "qualifier" : "color"
                      }
                    ],
                    "code" : "460001938_black"
                  },
                  "variantType" : "FnlColorVariant"
                }
              ],
              "discountPercent" : "0% off",
              "brickCategory" : "830316001"
            },
            "eddLower" : "2022-12-09T00:00:00+0530",
            "shippingChargePromoAmt" : 157,
            "epochEddUpper" : 1670524200000,
            "ctaMessage" : "Return\/Exchange is available till Sunday, 11 December"
          },
          "dropAtStoreAvailable" : false
        }
      ],
      "isReturnableExchangeable" : true,
      "expectedDeliveryDate" : "2022-12-09T00:00:00+0530",
      "shipmentTracking" : [
        {
          "key" : "DELIVERED",
          "value" : "06 December 2022 | 12:12 PM"
        },
        {
          "key" : "DELIVERY_ATTEMPTED",
          "value" : "06 December 2022 | 12:11 PM"
        },
        {
          "key" : "OUT_FOR_DELIVERY",
          "value" : "06 December 2022 | 12:11 PM"
        },
        {
          "key" : "SHIPPED",
          "value" : "06 December 2022 | 12:11 PM"
        },
        {
          "key" : "PACKED",
          "value" : "06 December 2022 | 12:10 PM"
        }
      ],
      "shipmentStatus" : "Delivered",
      "carrier" : "XPRESSBEES",
      "status" : "DELIVERED"
    }
  ],
  "returnRevampNewFlowEnabled" : true,
  "balancedPaidModeVia" : "Cash on Delivery",
  "paymentSuccessful" : true,
  "totalPriceWithTax" : {
    "priceType" : "BUY",
    "value" : 1156,
    "currencyIso" : "INR",
    "displayformattedValue" : "Rs.1,156",
    "formattedValue" : "Rs.1,156.00"
  },
  "user" : {
    "name" : "saurabh bhandari",
    "uid" : "saurabh1.bhandari@ril.com"
  },
  "isCancelable" : true,
  "redeemedMahaCachBack" : 0,
  "promotionAmount" : {
    "priceType" : "BUY",
    "value" : 0,
    "currencyIso" : "INR",
    "displayformattedValue" : "Rs.0",
    "formattedValue" : "Rs.0.00"
  },
  "site" : "rilfnl",
  "returnQuickInfoUrl" : "https:\/\/www.ajio.com\/return-refund-policy",
  "code" : "FNA6300006840",
  "subTotal" : {
    "priceType" : "BUY",
    "value" : 999,
    "currencyIso" : "INR",
    "displayformattedValue" : "Rs.999",
    "formattedValue" : "Rs.999.00"
  },
  "isConvenienceFeeEnabled" : true,
  "entries" : [
    {
      "eddBreachedFlag" : false,
      "basePrice" : {
        "priceType" : "BUY",
        "value" : 999,
        "currencyIso" : "INR",
        "displayformattedValue" : "Rs.999",
        "formattedValue" : "Rs.999.00"
      },
      "eddUpper" : "2022-12-09T00:00:00+0530",
      "totalPrice" : {
        "priceType" : "BUY",
        "value" : 999,
        "currencyIso" : "INR",
        "displayformattedValue" : "Rs.999",
        "formattedValue" : "Rs.999.00"
      },
      "entryStatus" : "DELIVERED",
      "psdBreachedFlag" : true,
      "sourceStoreId" : "ajio",
      "epochPSD" : 1670351399000,
      "dealEnabled" : false,
      "entryNumber" : 0,
      "convenienceFee" : {
        "COD" : {
          "netAmount" : "24.0"
        },
        "delivery" : {
          "netAmount" : "99.0"
        },
        "RVP" : {
          "netAmount" : "34.0"
        },
        "total" : {
          "netAmount" : "157.0"
        }
      },
      "isExchangeable" : true,
      "multiItemPromoAmt" : 0,
      "isBundleOfferApplicable" : false,
      "returnWindow" : 5,
      "quantity" : 1,
      "isReturnable" : true,
      "voucherPromoAmt" : 0,
      "product" : {
        "name" : "Printed Jacket with Kullu Borders",
        "purchasable" : true,
        "wasPriceData" : {
          "priceType" : "BUY",
          "value" : 999,
          "currencyIso" : "INR",
          "displayformattedValue" : "Rs.999",
          "formattedValue" : "Rs.999.00"
        },
        "brickName" : "Jeans & Jeggings",
        "fnlColorVariantData" : {
          "maxQuantity" : 0,
          "allPromotions" : false,
          "sizeFlag" : false
        },
        "segmentName" : "Women",
        "url" : "\/frendz-doraemon-printed-jacket-with-kullu-borders\/p\/460001938001",
        "verticalName" : "Western Wear",
        "brandTypeName" : "1",
        "code" : "460001938001",
        "catalogName" : "rilfnlProductCatalog",
        "baseProduct" : "460001938_black",
        "price" : {
          "priceType" : "BUY",
          "value" : 999,
          "currencyIso" : "INR",
          "displayformattedValue" : "Rs.999",
          "formattedValue" : "Rs.999.00"
        },
        "couponStatus" : "Coupon Applicable",
        "images" : [
          {
            "format" : "product",
            "imageType" : "PRIMARY",
            "url" : "https:\/\/assets-uat.ajio.ril.com\/medias\/sys_master\/root\/hae\/he8\/8938439442462\/-288Wx360H-460001938-black-MODEL.jpg",
            "altText" : "Printed Jacket with Kullu Borders"
          },
          {
            "format" : "mobileProductListingImage",
            "imageType" : "PRIMARY",
            "url" : "https:\/\/assets-uat.ajio.ril.com\/medias\/sys_master\/root\/hae\/he8\/8938439442462\/-288Wx360H-460001938-black-MODEL.jpg",
            "altText" : "Printed Jacket with Kullu Borders"
          },
          {
            "format" : "cartIcon",
            "imageType" : "PRIMARY",
            "url" : "https:\/\/assets-uat.ajio.ril.com\/medias\/sys_master\/root\/h0b\/h8b\/8938438918174\/-78Wx98H-460001938-black-MODEL.jpg",
            "altText" : "Printed Jacket with Kullu Borders"
          },
          {
            "format" : "thumbnail",
            "imageType" : "PRIMARY",
            "url" : "https:\/\/assets-uat.ajio.ril.com\/medias\/sys_master\/root\/h0b\/h8b\/8938438918174\/-78Wx98H-460001938-black-MODEL.jpg",
            "altText" : "Printed Jacket with Kullu Borders"
          }
        ],
        "brandName" : "FRENDZ DORAEMON",
        "baseOptions" : [
          {
            "selected" : {
              "url" : "\/frendz-doraemon-printed-jacket-with-kullu-borders\/p\/460001938001",
              "variantOptionQualifiers" : [
                {
                  "name" : "Size Format",
                  "value" : "UK",
                  "qualifier" : "sizeFormat"
                },
                {
                  "name" : "Standard Size Format",
                  "value" : "US",
                  "qualifier" : "standardSizeFormat"
                },
                {
                  "name" : "Size Display Type",
                  "value" : "STANDARD",
                  "qualifier" : "sizeDisplayType"
                },
                {
                  "name" : "Expiry Date",
                  "value" : "",
                  "qualifier" : "expiryDate"
                },
                {
                  "name" : "Volume",
                  "value" : "",
                  "qualifier" : "volume"
                },
                {
                  "name" : "Gross Weight",
                  "value" : "",
                  "qualifier" : "grossWeight"
                },
                {
                  "name" : "Net Weight",
                  "value" : "",
                  "qualifier" : "netWeight"
                },
                {
                  "name" : "Metal Weight",
                  "value" : "",
                  "qualifier" : "metalWeight"
                },
                {
                  "name" : "UOM",
                  "value" : "",
                  "qualifier" : "uom"
                },
                {
                  "name" : "Selection 1",
                  "value" : "",
                  "qualifier" : "selection1"
                },
                {
                  "name" : "Selection 2",
                  "value" : "",
                  "qualifier" : "selection2"
                },
                {
                  "name" : "Metal Purity",
                  "value" : "",
                  "qualifier" : "metalPurity"
                },
                {
                  "name" : "StandardSize",
                  "value" : "",
                  "qualifier" : "standardSize"
                },
                {
                  "name" : "Color",
                  "value" : "",
                  "qualifier" : "color"
                },
                {
                  "name" : "Size*",
                  "value" : "XS",
                  "qualifier" : "size"
                },
                {
                  "name" : "Exclusive Till",
                  "value" : "",
                  "qualifier" : "exclusiveTill"
                },
                {
                  "name" : "Color Description",
                  "value" : "",
                  "qualifier" : "colordescription"
                },
                {
                  "name" : "Capsule ID",
                  "value" : "",
                  "qualifier" : "capsuleID"
                },
                {
                  "name" : "UNIVERSALSIZE",
                  "value" : "L",
                  "qualifier" : "universalSize"
                }
              ],
              "code" : "460001938001"
            },
            "variantType" : "FnlSizeVariant"
          },
          {
            "selected" : {
              "url" : "\/frendz-doraemon-printed-jacket-with-kullu-borders\/p\/460001938_black",
              "variantOptionQualifiers" : [
                {
                  "name" : "Selection 1",
                  "value" : "",
                  "qualifier" : "selection1"
                },
                {
                  "name" : "Selection 2",
                  "value" : "",
                  "qualifier" : "selection2"
                },
                {
                  "name" : "Metal Purity",
                  "value" : "",
                  "qualifier" : "metalPurity"
                },
                {
                  "name" : "Capsule ID",
                  "value" : "",
                  "qualifier" : "capsuleID"
                },
                {
                  "name" : "Color Description",
                  "value" : "",
                  "qualifier" : "colordescription"
                },
                {
                  "name" : "Exclusive Till",
                  "value" : "",
                  "qualifier" : "exclusiveTill"
                },
                {
                  "name" : "Color",
                  "value" : "",
                  "qualifier" : "color"
                }
              ],
              "code" : "460001938_black"
            },
            "variantType" : "FnlColorVariant"
          }
        ],
        "discountPercent" : "0% off",
        "brickCategory" : "830316001"
      },
      "eddLower" : "2022-12-09T00:00:00+0530",
      "shippingChargePromoAmt" : 157,
      "epochEddUpper" : 1670524200000,
      "ctaMessage" : "Return\/Exchange is available till Sunday, 11 December"
    }
  ],
  "deliveryAddress" : {
    "customAddressType" : "Return address",
    "id" : "8895514214423",
    "lastName" : " bhandari return order",
    "firstName" : "saurabh",
    "phone" : "7292065348",
    "selectedAddressType" : "OTHER",
    "defaultAddress" : false,
    "shippingAddress" : false,
    "state" : "KARNATAKA",
    "visibleInAddressBook" : true,
    "line1" : "return hourse building no 129",
    "formattedAddress" : "return hourse building no 129, street 7, 560033",
    "postalCode" : "560033",
    "district" : "BANGALORE",
    "addressPoc" : "saurabh bhandari return order",
    "country" : {
      "isocode" : "IN",
      "name" : "India"
    },
    "line2" : "street 7"
  },
  "voucherAmount" : {
    "priceType" : "BUY",
    "value" : 0,
    "currencyIso" : "INR",
    "displayformattedValue" : "Rs.0",
    "formattedValue" : "Rs.0.00"
  },
  "returnInfoUrl" : "https:\/\/www.ajio.com\/return-refund-policy",
  "exclusiveGST" : {
    "priceType" : "BUY",
    "value" : 0,
    "currencyIso" : "INR",
    "displayformattedValue" : "Rs.0",
    "formattedValue" : "Rs.0.00"
  },
  "ratings" : [
    {
      "rating" : 5,
      "baseProductId" : "460001938",
      "isVerified" : true,
      "skuId" : "460001938001",
      "brandName" : "FRENDZ DORAEMON",
      "dateTime" : "2025-10-07T05:46:58",
      "userSubRatings" : [
        {
          "questionId" : 389,
          "subResponseId" : 1,
          "title" : "How is the value for money?",
          "subQuestionText" : "Very Bad"
        }
      ],
      "questionResponse": {
          "questions": [
              {
                  "questionId": 388,
                  "category": "830316001",
                  "target": "PDP,PLP",
                  "title": "How was the product Quality?",
                  "type": "MULTIPLE_SELECT",
                  "responseOptions": [
                      {
                          "id": 1,
                          "subText": "respSubtext",
                          "text": "Very Bad",
                          "imageUrl": "http://ajio.com/dummyImageUrl"
                      },
                      {
                          "id": 2,
                          "subText": "respSubtext",
                          "text": "Bad",
                          "imageUrl": "http://ajio.com/dummyImageUrl"
                      },
                      {
                          "id": 3,
                          "subText": "respSubtext",
                          "text": "Average",
                          "imageUrl": "http://ajio.com/dummyImageUrl"
                      },
                      {
                          "id": 4,
                          "subText": "respSubtext",
                          "text": "Very Good",
                          "imageUrl": "http://ajio.com/dummyImageUrl"
                      },
                      {
                          "id": 5,
                          "subText": "respSubtext",
                          "text": "Excelent",
                          "imageUrl": "http://ajio.com/dummyImageUrl"
                      }
                  ]
              },
              {
                  "questionId": 389,
                  "category": "830316001",
                  "target": "PDP,PLP",
                  "title": "How is the value for money?",
                  "type": "MULTIPLE_SELECT",
                  "responseOptions": [
                      {
                          "id": 1,
                          "subText": "respSubtext",
                          "text": "Very Bad",
                          "imageUrl": "http://ajio.com/dummyImageUrl"
                      },
                      {
                          "id": 2,
                          "subText": "respSubtext",
                          "text": "Bad",
                          "imageUrl": "http://ajio.com/dummyImageUrl"
                      },
                      {
                          "id": 3,
                          "subText": "respSubtext",
                          "text": "Average",
                          "imageUrl": "http://ajio.com/dummyImageUrl"
                      },
                      {
                          "id": 4,
                          "subText": "respSubtext",
                          "text": "Very Good",
                          "imageUrl": "http://ajio.com/dummyImageUrl"
                      },
                      {
                          "id": 5,
                          "subText": "respSubtext",
                          "text": "Excelent",
                          "imageUrl": "http://ajio.com/dummyImageUrl"
                      }
                  ]
              }
          ]
      }
    }
  ],
  "relianceOneAmount" : {
    "priceType" : "BUY",
    "value" : 0,
    "currencyIso" : "INR",
    "displayformattedValue" : "Rs.0",
    "formattedValue" : "Rs.0.00"
  },
  "relianceOneEarnedAmount" : {
    "priceType" : "BUY",
    "value" : 8.0899999999999999,
    "currencyIso" : "INR",
    "displayformattedValue" : "Rs.8",
    "formattedValue" : "Rs.8.09"
  },
  "store" : "trends",
  "paymentMode" : "Cash on Delivery",
  "balanceAmount" : {
    "priceType" : "BUY",
    "value" : 1156,
    "currencyIso" : "INR",
    "displayformattedValue" : "Rs.1,156",
    "formattedValue" : "Rs.1,156.00"
  },
  "giftWrapCharges" : {
    "priceType" : "BUY",
    "value" : 0,
    "currencyIso" : "INR",
    "displayformattedValue" : "Rs.0",
    "formattedValue" : "Rs.0.00"
  },
  "totalPrice" : {
    "priceType" : "BUY",
    "value" : 1156,
    "currencyIso" : "INR",
    "displayformattedValue" : "Rs.1,156",
    "formattedValue" : "Rs.1,156.00"
  }
}
