{"v":"5.5.9","fr":60,"ip":0,"op":151,"w":90,"h":90,"nm":"Untitled-1","ddd":0,"assets":[],"layers":[{"ddd":0,"ind":1,"ty":4,"nm":"Untitled-1 Outlines","sr":1,"ks":{"o":{"a":0,"k":100,"ix":11},"r":{"a":0,"k":0,"ix":10},"p":{"a":0,"k":[45,45,0],"ix":2},"a":{"a":0,"k":[45,45,0],"ix":1},"s":{"a":1,"k":[{"i":{"x":[0.356,0.356,0.667],"y":[0.997,0.997,1]},"o":{"x":[0.041,0.041,0.333],"y":[0.705,0.705,0]},"t":0,"s":[0,0,100]},{"i":{"x":[0.667,0.667,0.667],"y":[1,1,1]},"o":{"x":[0.167,0.167,0.167],"y":[0,0,0]},"t":30,"s":[100,100,100]},{"i":{"x":[0.667,0.667,0.667],"y":[1,1,1]},"o":{"x":[0.333,0.333,0.333],"y":[0,0,0]},"t":50,"s":[100,100,100]},{"t":110,"s":[73.84,73.84,100]}],"ix":6}},"ao":0,"shapes":[{"ty":"gr","it":[{"ind":0,"ty":"sh","ix":1,"ks":{"a":0,"k":{"i":[[1.543,-1.543],[0,0],[0,0],[1.543,-1.543],[-1.543,-1.543],[0,0],[-1.543,1.542],[-0.001,0.001],[0,0],[1.543,1.542]],"o":[[0,0],[0,0],[-1.543,-1.543],[-1.543,1.542],[0,0],[1.541,1.543],[0,-0.001],[0,0],[1.543,-1.543],[-1.543,-1.543]],"v":[[12.024,-12.673],[-4.939,4.288],[-12.024,-2.794],[-17.611,-2.794],[-17.611,2.793],[-7.733,12.671],[-2.148,12.674],[-2.146,12.671],[17.611,-7.086],[17.611,-12.673]],"c":true},"ix":2},"nm":"Path 1","mn":"ADBE Vector Shape - Group","hd":false},{"ty":"fl","c":{"a":0,"k":[1,1,1,1],"ix":4},"o":{"a":0,"k":100,"ix":5},"r":1,"bm":0,"nm":"Fill 1","mn":"ADBE Vector Graphic - Fill","hd":false},{"ty":"tr","p":{"a":0,"k":[45.386,44.911],"ix":2},"a":{"a":0,"k":[0,0],"ix":1},"s":{"a":0,"k":[100,100],"ix":3},"r":{"a":0,"k":0,"ix":6},"o":{"a":0,"k":100,"ix":7},"sk":{"a":0,"k":0,"ix":4},"sa":{"a":0,"k":0,"ix":5},"nm":"Transform"}],"nm":"Group 1","np":2,"cix":2,"bm":0,"ix":1,"mn":"ADBE Vector Group","hd":false},{"ty":"gr","it":[{"ind":0,"ty":"sh","ix":1,"ks":{"a":0,"k":{"i":[[-24.21,0],[0,-24.21],[24.21,0],[0,24.211]],"o":[[24.21,0],[0,24.211],[-24.21,0],[0,-24.21]],"v":[[0,-43.838],[43.837,-0.001],[0,43.838],[-43.837,-0.001]],"c":true},"ix":2},"nm":"Path 1","mn":"ADBE Vector Shape - Group","hd":false},{"ty":"fl","c":{"a":0,"k":[0.125490196078,0.125490196078,0.125490196078,1],"ix":4},"o":{"a":0,"k":100,"ix":5},"r":1,"bm":0,"nm":"Fill 1","mn":"ADBE Vector Graphic - Fill","hd":false},{"ty":"tr","p":{"a":0,"k":[45.163,44.91],"ix":2},"a":{"a":0,"k":[0,0],"ix":1},"s":{"a":0,"k":[100,100],"ix":3},"r":{"a":0,"k":0,"ix":6},"o":{"a":0,"k":100,"ix":7},"sk":{"a":0,"k":0,"ix":4},"sa":{"a":0,"k":0,"ix":5},"nm":"Transform"}],"nm":"Group 2","np":2,"cix":2,"bm":0,"ix":2,"mn":"ADBE Vector Group","hd":false}],"ip":0,"op":3600,"st":0,"bm":0}],"markers":[]}