{
    "type": "fnlOrderWsDTO",
    "appliedOrderPromotions": [
        {
            "description": "You saved Rs.100.00 for spending over Rs.500.00",
            "promotion": {
                "code": "morethan500",
                "description": "morethan500",
                "endDate": "2099-01-01T00:00:00",
                "promotionType": "Order threshold fixed discount",
                "title": "morethan500"
            }
        }
    ],
    "code": "FL00025000",
    "deliveryAddress": {
        "country": {
            "isocode": "IN",
            "name": "India"
        },
        "defaultAddress": false,
        "district": "Bangalore",
        "firstName": "jhk",
        "formattedAddress": "kjnk, kjhv, khi, 560001",
        "id": "8796715679767",
        "landmark": "jhsdb",
        "lastName": "jkvhsk",
        "line1": "kjnk",
        "line2": "kjhv",
        "phone": "8886656565",
        "postalCode": "560001",
        "selectedAddressType": "HOME",
        "shippingAddress": true,
        "state": "Karnataka",
        "title": "Mrs.",
        "titleCode": "mrs",
        "town": "khi",
        "visibleInAddressBook": true
    },
    "deliveryCost": {
        "currencyIso": "INR",
        "displayformattedValue": "Rs.20",
        "formattedValue": "Rs.20.00",
        "priceType": "BUY",
        "value": 20.0
    },
    "deliveryModeValue": "standard-shipping",
    "entries": [
        {
            "basePrice": {
                "currencyIso": "INR",
                "displayformattedValue": "Rs.1,000",
                "formattedValue": "Rs.1,000.00",
                "priceType": "BUY",
                "value": 1000.0
            },
            "cancelledQty": "1",
            "ctaMessage": "Exchange available till Friday, 06 November. Return not available.",
            "dealEnabled": false,
            "entryNumber": 0,
            "entryStatus": "PARTIALLY_CANCELLED",
            "isExchangeable": true,
            "isReturnable": false,
            "multiItemPromoAmt": 0.0,
            "product": {
                "baseOptions": [
                    {
                        "selected": {
                            "code": "460001949006",
                            "url": "/440610568/p/460001949006",
                            "variantOptionQualifiers": [
                                {
                                    "name": "Size Format",
                                    "qualifier": "sizeFormat",
                                    "value": "US"
                                },
                                {
                                    "name": "Standard Size Format",
                                    "qualifier": "standardSizeFormat",
                                    "value": "UK"
                                },
                                {
                                    "name": "Size Display Type",
                                    "qualifier": "sizeDisplayType",
                                    "value": ""
                                },
                                {
                                    "name": "Expiry Date",
                                    "qualifier": "expiryDate",
                                    "value": ""
                                },
                                {
                                    "name": "Volume",
                                    "qualifier": "volume",
                                    "value": ""
                                },
                                {
                                    "name": "Gross Weight",
                                    "qualifier": "grossWeight",
                                    "value": ""
                                },
                                {
                                    "name": "Net Weight",
                                    "qualifier": "netWeight",
                                    "value": ""
                                },
                                {
                                    "name": "Metal Weight",
                                    "qualifier": "metalWeight",
                                    "value": ""
                                },
                                {
                                    "name": "UOM",
                                    "qualifier": "uom",
                                    "value": ""
                                },
                                {
                                    "name": "Selection 1",
                                    "qualifier": "selection1",
                                    "value": ""
                                },
                                {
                                    "name": "Selection 2",
                                    "qualifier": "selection2",
                                    "value": ""
                                },
                                {
                                    "name": "Metal Purity",
                                    "qualifier": "metalPurity",
                                    "value": ""
                                },
                                {
                                    "name": "Capsule ID",
                                    "qualifier": "capsuleID",
                                    "value": ""
                                },
                                {
                                    "name": "Color",
                                    "qualifier": "color",
                                    "value": "PURPLE"
                                },
                                {
                                    "name": "Color Description",
                                    "qualifier": "colordescription",
                                    "value": "ColorDescription"
                                },
                                {
                                    "name": "StandardSize",
                                    "qualifier": "standardSize",
                                    "value": ""
                                },
                                {
                                    "name": "Size*",
                                    "qualifier": "size",
                                    "value": "M"
                                },
                                {
                                    "name": "Exclusive Till",
                                    "qualifier": "exclusiveTill",
                                    "value": ""
                                },
                                {
                                    "name": "UNIVERSALSIZE",
                                    "qualifier": "universalSize",
                                    "value": "32"
                                }
                            ]
                        },
                        "variantType": "FnlSizeVariant"
                    },
                    {
                        "selected": {
                            "code": "440632157_red",
                            "url": "/440610568/p/440632157_red",
                            "variantOptionQualifiers": [
                                {
                                    "name": "Selection 1",
                                    "qualifier": "selection1",
                                    "value": ""
                                },
                                {
                                    "name": "Selection 2",
                                    "qualifier": "selection2",
                                    "value": ""
                                },
                                {
                                    "name": "Metal Purity",
                                    "qualifier": "metalPurity",
                                    "value": ""
                                },
                                {
                                    "name": "Capsule ID",
                                    "qualifier": "capsuleID",
                                    "value": ""
                                },
                                {
                                    "name": "Color Description",
                                    "qualifier": "colordescription",
                                    "value": "ColorDescription"
                                },
                                {
                                    "name": "Exclusive Till",
                                    "qualifier": "exclusiveTill",
                                    "value": ""
                                },
                                {
                                    "name": "Color",
                                    "qualifier": "color",
                                    "value": "PURPLE"
                                }
                            ]
                        },
                        "variantType": "FnlColorVariant"
                    }
                ],
                "baseProduct": "440632157_red",
                "brandName": "DNM X",
                "code": "460001949006",
                "couponStatus": "Coupon Applicable",
                "discountPercent": "0% off",
                "images": [
                    {
                        "altText": "SHI KB YD CHK, PURPLE, S",
                        "format": "product",
                        "imageType": "PRIMARY",
                        "url": "/medias/-288Wx360H-440610568-purple-MODEL?context=bWFzdGVyfHJvb3R8NDYxODF8aW1hZ2UvanBlZ3xoNWYvaDFjLzg3OTk4MzQwMTM3MjYuanBnfDBmNjZiNDVhZDE2Y2JlNjZmY2E1OTVmMzNmMzlhYTlhNjMwOGZlNWI5YzgyYmNiYmEyZmJhMTI4ZGYwYzY0ZDU"
                    },
                    {
                        "altText": "SHI KB YD CHK, PURPLE, S",
                        "format": "mobileProductListingImage",
                        "imageType": "PRIMARY",
                        "url": "/medias/-288Wx360H-440610568-purple-MODEL?context=bWFzdGVyfHJvb3R8NDYxODF8aW1hZ2UvanBlZ3xoNWYvaDFjLzg3OTk4MzQwMTM3MjYuanBnfDBmNjZiNDVhZDE2Y2JlNjZmY2E1OTVmMzNmMzlhYTlhNjMwOGZlNWI5YzgyYmNiYmEyZmJhMTI4ZGYwYzY0ZDU"
                    },
                    {
                        "altText": "SHI KB YD CHK, PURPLE, S",
                        "format": "cartIcon",
                        "imageType": "PRIMARY",
                        "url": "/medias/-78Wx98H-440610568-purple-MODEL?context=bWFzdGVyfHJvb3R8MjU1NDh8aW1hZ2UvanBlZ3xoMGIvaDc1Lzg3OTk4MzMzNTgzNjYuanBnfDM0Y2Q5ODQ5MWM0NmY1Y2IwMzQ0MDA0ZjFlN2U3NjNiYWJjZWE0OTAyNzMyNTAzNTM0NWVlOWUxZDNjYTFmYzI"
                    },
                    {
                        "altText": "SHI KB YD CHK, PURPLE, S",
                        "format": "thumbnail",
                        "imageType": "PRIMARY",
                        "url": "/medias/-78Wx98H-440610568-purple-MODEL?context=bWFzdGVyfHJvb3R8MjU1NDh8aW1hZ2UvanBlZ3xoMGIvaDc1Lzg3OTk4MzMzNTgzNjYuanBnfDM0Y2Q5ODQ5MWM0NmY1Y2IwMzQ0MDA0ZjFlN2U3NjNiYWJjZWE0OTAyNzMyNTAzNTM0NWVlOWUxZDNjYTFmYzI"
                    }
                ],
                "name": "Checked Shirt with Tie-Up Fastening",
                "price": {
                    "currencyIso": "INR",
                    "displayformattedValue": "Rs.999",
                    "formattedValue": "Rs.999.00",
                    "priceType": "BUY",
                    "value": 999.0
                },
                "purchasable": true,
                "url": "/440610568/p/440632157012",
                "verticalColor": "Multi",
                "wasPriceData": {
                    "currencyIso": "INR",
                    "displayformattedValue": "Rs.999",
                    "formattedValue": "Rs.999.00",
                    "priceType": "BUY",
                    "value": 999.0
                }
            },
            "quantity": 4,
            "returnWindow": 3,
            "totalPrice": {
                "currencyIso": "INR",
                "displayformattedValue": "Rs.4,000",
                "formattedValue": "Rs.4,000.00",
                "priceType": "BUY",
                "value": 4000.0
            },
            "voucherPromoAmt": 0.0
        }
    ],
    "site": "rilfnl",
    "store": "rilfnl",
    "subTotal": {
        "currencyIso": "INR",
        "displayformattedValue": "Rs.4,000",
        "formattedValue": "Rs.4,000.00",
        "priceType": "BUY",
        "value": 4000.0
    },
    "totalDiscounts": {
        "currencyIso": "INR",
        "displayformattedValue": "Rs.100",
        "formattedValue": "Rs.100.00",
        "priceType": "BUY",
        "value": 100.0
    },
    "totalPrice": {
        "currencyIso": "INR",
        "displayformattedValue": "Rs.3,920",
        "formattedValue": "Rs.3,920.00",
        "priceType": "BUY",
        "value": 3920.0
    },
    "totalPriceWithTax": {
        "currencyIso": "INR",
        "displayformattedValue": "Rs.3,920",
        "formattedValue": "Rs.3,920.00",
        "priceType": "BUY",
        "value": 3920.0
    },
    "totalTax": {
        "currencyIso": "INR",
        "displayformattedValue": "Rs.0",
        "formattedValue": "Rs.0.00",
        "priceType": "BUY",
        "value": 0.0
    },
    "user": {
        "name": "swagaaaa",
        "uid": "swagatika1234567788@gmail.com"
    },
    "balanceAmount": {
        "currencyIso": "INR",
        "displayformattedValue": "Rs.3,920",
        "formattedValue": "Rs.3,920.00",
        "priceType": "BUY",
        "value": 3920.0
    },
    "created": "2016-03-30T16:33:36+0530",
    "giftWrapCharges": {
        "currencyIso": "INR",
        "displayformattedValue": "Rs.0",
        "formattedValue": "Rs.0.00",
        "priceType": "BUY",
        "value": 0.0
    },
    "isCancelable": true,
    "promotionAmount": {
        "currencyIso": "INR",
        "displayformattedValue": "Rs.0",
        "formattedValue": "Rs.0.00",
        "priceType": "BUY",
        "value": 0.0
    },
    "voucherAmount": {
        "currencyIso": "INR",
        "displayformattedValue": "Rs.0",
        "formattedValue": "Rs.0.00",
        "priceType": "BUY",
        "value": 0.0
    },
    "cancelledEntries": [
        {
            "entry": {
                "basePrice": {
                    "currencyIso": "INR",
                    "displayformattedValue": "Rs.1,000",
                    "formattedValue": "Rs.1,000.00",
                    "priceType": "BUY",
                    "value": 1000.0
                },
                "cancelledQty": "1",
                "ctaMessage": "Exchange available till Friday, 06 November. Return not available.",
                "dealEnabled": false,
                "entryNumber": 0,
                "entryStatus": "PARTIALLY_CANCELLED",
                "isExchangeable": true,
                "isReturnable": false,
                "multiItemPromoAmt": 0.0,
                "product": {
                    "baseOptions": [
                        {
                            "selected": {
                                "code": "460001949006",
                                "url": "/440610568/p/460001949006",
                                "variantOptionQualifiers": [
                                    {
                                        "name": "Size Format",
                                        "qualifier": "sizeFormat",
                                        "value": "US"
                                    },
                                    {
                                        "name": "Standard Size Format",
                                        "qualifier": "standardSizeFormat",
                                        "value": "UK"
                                    },
                                    {
                                        "name": "Size Display Type",
                                        "qualifier": "sizeDisplayType",
                                        "value": ""
                                    },
                                    {
                                        "name": "Expiry Date",
                                        "qualifier": "expiryDate",
                                        "value": ""
                                    },
                                    {
                                        "name": "Volume",
                                        "qualifier": "volume",
                                        "value": ""
                                    },
                                    {
                                        "name": "Gross Weight",
                                        "qualifier": "grossWeight",
                                        "value": ""
                                    },
                                    {
                                        "name": "Net Weight",
                                        "qualifier": "netWeight",
                                        "value": ""
                                    },
                                    {
                                        "name": "Metal Weight",
                                        "qualifier": "metalWeight",
                                        "value": ""
                                    },
                                    {
                                        "name": "UOM",
                                        "qualifier": "uom",
                                        "value": ""
                                    },
                                    {
                                        "name": "Selection 1",
                                        "qualifier": "selection1",
                                        "value": ""
                                    },
                                    {
                                        "name": "Selection 2",
                                        "qualifier": "selection2",
                                        "value": ""
                                    },
                                    {
                                        "name": "Metal Purity",
                                        "qualifier": "metalPurity",
                                        "value": ""
                                    },
                                    {
                                        "name": "Capsule ID",
                                        "qualifier": "capsuleID",
                                        "value": ""
                                    },
                                    {
                                        "name": "Color",
                                        "qualifier": "color",
                                        "value": "PURPLE"
                                    },
                                    {
                                        "name": "Color Description",
                                        "qualifier": "colordescription",
                                        "value": "ColorDescription"
                                    },
                                    {
                                        "name": "StandardSize",
                                        "qualifier": "standardSize",
                                        "value": ""
                                    },
                                    {
                                        "name": "Size*",
                                        "qualifier": "size",
                                        "value": "M"
                                    },
                                    {
                                        "name": "Exclusive Till",
                                        "qualifier": "exclusiveTill",
                                        "value": ""
                                    },
                                    {
                                        "name": "UNIVERSALSIZE",
                                        "qualifier": "universalSize",
                                        "value": "32"
                                    }
                                ]
                            },
                            "variantType": "FnlSizeVariant"
                        },
                        {
                            "selected": {
                                "code": "440632157_red",
                                "url": "/440610568/p/440632157_red",
                                "variantOptionQualifiers": [
                                    {
                                        "name": "Selection 1",
                                        "qualifier": "selection1",
                                        "value": ""
                                    },
                                    {
                                        "name": "Selection 2",
                                        "qualifier": "selection2",
                                        "value": ""
                                    },
                                    {
                                        "name": "Metal Purity",
                                        "qualifier": "metalPurity",
                                        "value": ""
                                    },
                                    {
                                        "name": "Capsule ID",
                                        "qualifier": "capsuleID",
                                        "value": ""
                                    },
                                    {
                                        "name": "Color Description",
                                        "qualifier": "colordescription",
                                        "value": "ColorDescription"
                                    },
                                    {
                                        "name": "Exclusive Till",
                                        "qualifier": "exclusiveTill",
                                        "value": ""
                                    },
                                    {
                                        "name": "Color",
                                        "qualifier": "color",
                                        "value": "PURPLE"
                                    }
                                ]
                            },
                            "variantType": "FnlColorVariant"
                        }
                    ],
                    "baseProduct": "440632157_red",
                    "brandName": "DNM X",
                    "code": "460001949006",
                    "couponStatus": "Coupon Applicable",
                    "discountPercent": "0% off",
                    "images": [
                        {
                            "altText": "SHI KB YD CHK, PURPLE, S",
                            "format": "product",
                            "imageType": "PRIMARY",
                            "url": "/medias/-288Wx360H-440610568-purple-MODEL?context=bWFzdGVyfHJvb3R8NDYxODF8aW1hZ2UvanBlZ3xoNWYvaDFjLzg3OTk4MzQwMTM3MjYuanBnfDBmNjZiNDVhZDE2Y2JlNjZmY2E1OTVmMzNmMzlhYTlhNjMwOGZlNWI5YzgyYmNiYmEyZmJhMTI4ZGYwYzY0ZDU"
                        },
                        {
                            "altText": "SHI KB YD CHK, PURPLE, S",
                            "format": "mobileProductListingImage",
                            "imageType": "PRIMARY",
                            "url": "/medias/-288Wx360H-440610568-purple-MODEL?context=bWFzdGVyfHJvb3R8NDYxODF8aW1hZ2UvanBlZ3xoNWYvaDFjLzg3OTk4MzQwMTM3MjYuanBnfDBmNjZiNDVhZDE2Y2JlNjZmY2E1OTVmMzNmMzlhYTlhNjMwOGZlNWI5YzgyYmNiYmEyZmJhMTI4ZGYwYzY0ZDU"
                        },
                        {
                            "altText": "SHI KB YD CHK, PURPLE, S",
                            "format": "cartIcon",
                            "imageType": "PRIMARY",
                            "url": "/medias/-78Wx98H-440610568-purple-MODEL?context=bWFzdGVyfHJvb3R8MjU1NDh8aW1hZ2UvanBlZ3xoMGIvaDc1Lzg3OTk4MzMzNTgzNjYuanBnfDM0Y2Q5ODQ5MWM0NmY1Y2IwMzQ0MDA0ZjFlN2U3NjNiYWJjZWE0OTAyNzMyNTAzNTM0NWVlOWUxZDNjYTFmYzI"
                        },
                        {
                            "altText": "SHI KB YD CHK, PURPLE, S",
                            "format": "thumbnail",
                            "imageType": "PRIMARY",
                            "url": "/medias/-78Wx98H-440610568-purple-MODEL?context=bWFzdGVyfHJvb3R8MjU1NDh8aW1hZ2UvanBlZ3xoMGIvaDc1Lzg3OTk4MzMzNTgzNjYuanBnfDM0Y2Q5ODQ5MWM0NmY1Y2IwMzQ0MDA0ZjFlN2U3NjNiYWJjZWE0OTAyNzMyNTAzNTM0NWVlOWUxZDNjYTFmYzI"
                        }
                    ],
                    "name": "Checked Shirt with Tie-Up Fastening",
                    "price": {
                        "currencyIso": "INR",
                        "displayformattedValue": "Rs.999",
                        "formattedValue": "Rs.999.00",
                        "priceType": "BUY",
                        "value": 999.0
                    },
                    "purchasable": true,
                    "url": "/440610568/p/440632157012",
                    "verticalColor": "Multi",
                    "wasPriceData": {
                        "currencyIso": "INR",
                        "displayformattedValue": "Rs.999",
                        "formattedValue": "Rs.999.00",
                        "priceType": "BUY",
                        "value": 999.0
                    }
                },
                "quantity": 4,
                "returnWindow": 3,
                "totalPrice": {
                    "currencyIso": "INR",
                    "displayformattedValue": "Rs.4,000",
                    "formattedValue": "Rs.4,000.00",
                    "priceType": "BUY",
                    "value": 4000.0
                },
                "voucherPromoAmt": 0.0
            },
            "lineItemQty": 1
        }
    ],
    "confirmedEntries": [
        {
            "amount": "995.0",
            "entry": {
                "basePrice": {
                    "currencyIso": "INR",
                    "displayformattedValue": "Rs.1,000",
                    "formattedValue": "Rs.1,000.00",
                    "priceType": "BUY",
                    "value": 1000.0
                },
                "cancelledQty": "1",
                "ctaMessage": "Exchange available till Friday, 06 November. Return not available.",
                "dealEnabled": false,
                "entryNumber": 0,
                "entryStatus": "PARTIALLY_CANCELLED",
                "isExchangeable": true,
                "isReturnable": false,
                "multiItemPromoAmt": 0.0,
                "product": {
                    "baseOptions": [
                        {
                            "selected": {
                                "code": "460001949006",
                                "url": "/440610568/p/460001949006",
                                "variantOptionQualifiers": [
                                    {
                                        "name": "Size Format",
                                        "qualifier": "sizeFormat",
                                        "value": "US"
                                    },
                                    {
                                        "name": "Standard Size Format",
                                        "qualifier": "standardSizeFormat",
                                        "value": "UK"
                                    },
                                    {
                                        "name": "Size Display Type",
                                        "qualifier": "sizeDisplayType",
                                        "value": ""
                                    },
                                    {
                                        "name": "Expiry Date",
                                        "qualifier": "expiryDate",
                                        "value": ""
                                    },
                                    {
                                        "name": "Volume",
                                        "qualifier": "volume",
                                        "value": ""
                                    },
                                    {
                                        "name": "Gross Weight",
                                        "qualifier": "grossWeight",
                                        "value": ""
                                    },
                                    {
                                        "name": "Net Weight",
                                        "qualifier": "netWeight",
                                        "value": ""
                                    },
                                    {
                                        "name": "Metal Weight",
                                        "qualifier": "metalWeight",
                                        "value": ""
                                    },
                                    {
                                        "name": "UOM",
                                        "qualifier": "uom",
                                        "value": ""
                                    },
                                    {
                                        "name": "Selection 1",
                                        "qualifier": "selection1",
                                        "value": ""
                                    },
                                    {
                                        "name": "Selection 2",
                                        "qualifier": "selection2",
                                        "value": ""
                                    },
                                    {
                                        "name": "Metal Purity",
                                        "qualifier": "metalPurity",
                                        "value": ""
                                    },
                                    {
                                        "name": "Capsule ID",
                                        "qualifier": "capsuleID",
                                        "value": ""
                                    },
                                    {
                                        "name": "Color",
                                        "qualifier": "color",
                                        "value": "PURPLE"
                                    },
                                    {
                                        "name": "Color Description",
                                        "qualifier": "colordescription",
                                        "value": "ColorDescription"
                                    },
                                    {
                                        "name": "StandardSize",
                                        "qualifier": "standardSize",
                                        "value": ""
                                    },
                                    {
                                        "name": "Size*",
                                        "qualifier": "size",
                                        "value": "M"
                                    },
                                    {
                                        "name": "Exclusive Till",
                                        "qualifier": "exclusiveTill",
                                        "value": ""
                                    },
                                    {
                                        "name": "UNIVERSALSIZE",
                                        "qualifier": "universalSize",
                                        "value": "32"
                                    }
                                ]
                            },
                            "variantType": "FnlSizeVariant"
                        },
                        {
                            "selected": {
                                "code": "440632157_red",
                                "url": "/440610568/p/440632157_red",
                                "variantOptionQualifiers": [
                                    {
                                        "name": "Selection 1",
                                        "qualifier": "selection1",
                                        "value": ""
                                    },
                                    {
                                        "name": "Selection 2",
                                        "qualifier": "selection2",
                                        "value": ""
                                    },
                                    {
                                        "name": "Metal Purity",
                                        "qualifier": "metalPurity",
                                        "value": ""
                                    },
                                    {
                                        "name": "Capsule ID",
                                        "qualifier": "capsuleID",
                                        "value": ""
                                    },
                                    {
                                        "name": "Color Description",
                                        "qualifier": "colordescription",
                                        "value": "ColorDescription"
                                    },
                                    {
                                        "name": "Exclusive Till",
                                        "qualifier": "exclusiveTill",
                                        "value": ""
                                    },
                                    {
                                        "name": "Color",
                                        "qualifier": "color",
                                        "value": "PURPLE"
                                    }
                                ]
                            },
                            "variantType": "FnlColorVariant"
                        }
                    ],
                    "baseProduct": "440632157_red",
                    "brandName": "DNM X",
                    "code": "460001949006",
                    "couponStatus": "Coupon Applicable",
                    "discountPercent": "0% off",
                    "images": [
                        {
                            "altText": "SHI KB YD CHK, PURPLE, S",
                            "format": "product",
                            "imageType": "PRIMARY",
                            "url": "/medias/-288Wx360H-440610568-purple-MODEL?context=bWFzdGVyfHJvb3R8NDYxODF8aW1hZ2UvanBlZ3xoNWYvaDFjLzg3OTk4MzQwMTM3MjYuanBnfDBmNjZiNDVhZDE2Y2JlNjZmY2E1OTVmMzNmMzlhYTlhNjMwOGZlNWI5YzgyYmNiYmEyZmJhMTI4ZGYwYzY0ZDU"
                        },
                        {
                            "altText": "SHI KB YD CHK, PURPLE, S",
                            "format": "mobileProductListingImage",
                            "imageType": "PRIMARY",
                            "url": "/medias/-288Wx360H-440610568-purple-MODEL?context=bWFzdGVyfHJvb3R8NDYxODF8aW1hZ2UvanBlZ3xoNWYvaDFjLzg3OTk4MzQwMTM3MjYuanBnfDBmNjZiNDVhZDE2Y2JlNjZmY2E1OTVmMzNmMzlhYTlhNjMwOGZlNWI5YzgyYmNiYmEyZmJhMTI4ZGYwYzY0ZDU"
                        },
                        {
                            "altText": "SHI KB YD CHK, PURPLE, S",
                            "format": "cartIcon",
                            "imageType": "PRIMARY",
                            "url": "/medias/-78Wx98H-440610568-purple-MODEL?context=bWFzdGVyfHJvb3R8MjU1NDh8aW1hZ2UvanBlZ3xoMGIvaDc1Lzg3OTk4MzMzNTgzNjYuanBnfDM0Y2Q5ODQ5MWM0NmY1Y2IwMzQ0MDA0ZjFlN2U3NjNiYWJjZWE0OTAyNzMyNTAzNTM0NWVlOWUxZDNjYTFmYzI"
                        },
                        {
                            "altText": "SHI KB YD CHK, PURPLE, S",
                            "format": "thumbnail",
                            "imageType": "PRIMARY",
                            "url": "/medias/-78Wx98H-440610568-purple-MODEL?context=bWFzdGVyfHJvb3R8MjU1NDh8aW1hZ2UvanBlZ3xoMGIvaDc1Lzg3OTk4MzMzNTgzNjYuanBnfDM0Y2Q5ODQ5MWM0NmY1Y2IwMzQ0MDA0ZjFlN2U3NjNiYWJjZWE0OTAyNzMyNTAzNTM0NWVlOWUxZDNjYTFmYzI"
                        }
                    ],
                    "name": "Checked Shirt with Tie-Up Fastening",
                    "price": {
                        "currencyIso": "INR",
                        "displayformattedValue": "Rs.999",
                        "formattedValue": "Rs.999.00",
                        "priceType": "BUY",
                        "value": 999.0
                    },
                    "purchasable": true,
                    "url": "/440610568/p/440632157012",
                    "verticalColor": "Multi",
                    "wasPriceData": {
                        "currencyIso": "INR",
                        "displayformattedValue": "Rs.999",
                        "formattedValue": "Rs.999.00",
                        "priceType": "BUY",
                        "value": 999.0
                    }
                },
                "quantity": 4,
                "returnWindow": 3,
                "totalPrice": {
                    "currencyIso": "INR",
                    "displayformattedValue": "Rs.4,000",
                    "formattedValue": "Rs.4,000.00",
                    "priceType": "BUY",
                    "value": 4000.0
                },
                "voucherPromoAmt": 0.0
            },
            "lineItemQty": 1
        }
    ],
    "consignmentsData": [
        {
            "code": "FL00025000_1",
            "entries": [
                {
                    "amount": "1970.0",
                    "dropAtStoreAvailable": false,
                    "orderEntry": {
                        "basePrice": {
                            "currencyIso": "INR",
                            "displayformattedValue": "Rs.1,000",
                            "formattedValue": "Rs.1,000.00",
                            "priceType": "BUY",
                            "value": 1000.0
                        },
                        "cancelledQty": "1",
                        "ctaMessage": "Exchange available till Friday, 06 November. Return not available.",
                        "dealEnabled": false,
                        "entryNumber": 0,
                        "entryStatus": "PARTIALLY_CANCELLED",
                        "isExchangeable": true,
                        "isReturnable": false,
                        "multiItemPromoAmt": 0.0,
                        "product": {
                            "baseOptions": [
                                {
                                    "selected": {
                                        "code": "460001949006",
                                        "url": "/440610568/p/460001949006",
                                        "variantOptionQualifiers": [
                                            {
                                                "name": "Size Format",
                                                "qualifier": "sizeFormat",
                                                "value": "US"
                                            },
                                            {
                                                "name": "Standard Size Format",
                                                "qualifier": "standardSizeFormat",
                                                "value": "UK"
                                            },
                                            {
                                                "name": "Size Display Type",
                                                "qualifier": "sizeDisplayType",
                                                "value": ""
                                            },
                                            {
                                                "name": "Expiry Date",
                                                "qualifier": "expiryDate",
                                                "value": ""
                                            },
                                            {
                                                "name": "Volume",
                                                "qualifier": "volume",
                                                "value": ""
                                            },
                                            {
                                                "name": "Gross Weight",
                                                "qualifier": "grossWeight",
                                                "value": ""
                                            },
                                            {
                                                "name": "Net Weight",
                                                "qualifier": "netWeight",
                                                "value": ""
                                            },
                                            {
                                                "name": "Metal Weight",
                                                "qualifier": "metalWeight",
                                                "value": ""
                                            },
                                            {
                                                "name": "UOM",
                                                "qualifier": "uom",
                                                "value": ""
                                            },
                                            {
                                                "name": "Selection 1",
                                                "qualifier": "selection1",
                                                "value": ""
                                            },
                                            {
                                                "name": "Selection 2",
                                                "qualifier": "selection2",
                                                "value": ""
                                            },
                                            {
                                                "name": "Metal Purity",
                                                "qualifier": "metalPurity",
                                                "value": ""
                                            },
                                            {
                                                "name": "Capsule ID",
                                                "qualifier": "capsuleID",
                                                "value": ""
                                            },
                                            {
                                                "name": "Color",
                                                "qualifier": "color",
                                                "value": "PURPLE"
                                            },
                                            {
                                                "name": "Color Description",
                                                "qualifier": "colordescription",
                                                "value": "ColorDescription"
                                            },
                                            {
                                                "name": "StandardSize",
                                                "qualifier": "standardSize",
                                                "value": ""
                                            },
                                            {
                                                "name": "Size*",
                                                "qualifier": "size",
                                                "value": "M"
                                            },
                                            {
                                                "name": "Exclusive Till",
                                                "qualifier": "exclusiveTill",
                                                "value": ""
                                            },
                                            {
                                                "name": "UNIVERSALSIZE",
                                                "qualifier": "universalSize",
                                                "value": "32"
                                            }
                                        ]
                                    },
                                    "variantType": "FnlSizeVariant"
                                },
                                {
                                    "selected": {
                                        "code": "440632157_red",
                                        "url": "/440610568/p/440632157_red",
                                        "variantOptionQualifiers": [
                                            {
                                                "name": "Selection 1",
                                                "qualifier": "selection1",
                                                "value": ""
                                            },
                                            {
                                                "name": "Selection 2",
                                                "qualifier": "selection2",
                                                "value": ""
                                            },
                                            {
                                                "name": "Metal Purity",
                                                "qualifier": "metalPurity",
                                                "value": ""
                                            },
                                            {
                                                "name": "Capsule ID",
                                                "qualifier": "capsuleID",
                                                "value": ""
                                            },
                                            {
                                                "name": "Color Description",
                                                "qualifier": "colordescription",
                                                "value": "ColorDescription"
                                            },
                                            {
                                                "name": "Exclusive Till",
                                                "qualifier": "exclusiveTill",
                                                "value": ""
                                            },
                                            {
                                                "name": "Color",
                                                "qualifier": "color",
                                                "value": "PURPLE"
                                            }
                                        ]
                                    },
                                    "variantType": "FnlColorVariant"
                                }
                            ],
                            "baseProduct": "440632157_red",
                            "brandName": "DNM X",
                            "code": "460001949006",
                            "couponStatus": "Coupon Applicable",
                            "discountPercent": "0% off",
                            "images": [
                                {
                                    "altText": "SHI KB YD CHK, PURPLE, S",
                                    "format": "product",
                                    "imageType": "PRIMARY",
                                    "url": "/medias/-288Wx360H-440610568-purple-MODEL?context=bWFzdGVyfHJvb3R8NDYxODF8aW1hZ2UvanBlZ3xoNWYvaDFjLzg3OTk4MzQwMTM3MjYuanBnfDBmNjZiNDVhZDE2Y2JlNjZmY2E1OTVmMzNmMzlhYTlhNjMwOGZlNWI5YzgyYmNiYmEyZmJhMTI4ZGYwYzY0ZDU"
                                },
                                {
                                    "altText": "SHI KB YD CHK, PURPLE, S",
                                    "format": "mobileProductListingImage",
                                    "imageType": "PRIMARY",
                                    "url": "/medias/-288Wx360H-440610568-purple-MODEL?context=bWFzdGVyfHJvb3R8NDYxODF8aW1hZ2UvanBlZ3xoNWYvaDFjLzg3OTk4MzQwMTM3MjYuanBnfDBmNjZiNDVhZDE2Y2JlNjZmY2E1OTVmMzNmMzlhYTlhNjMwOGZlNWI5YzgyYmNiYmEyZmJhMTI4ZGYwYzY0ZDU"
                                },
                                {
                                    "altText": "SHI KB YD CHK, PURPLE, S",
                                    "format": "cartIcon",
                                    "imageType": "PRIMARY",
                                    "url": "/medias/-78Wx98H-440610568-purple-MODEL?context=bWFzdGVyfHJvb3R8MjU1NDh8aW1hZ2UvanBlZ3xoMGIvaDc1Lzg3OTk4MzMzNTgzNjYuanBnfDM0Y2Q5ODQ5MWM0NmY1Y2IwMzQ0MDA0ZjFlN2U3NjNiYWJjZWE0OTAyNzMyNTAzNTM0NWVlOWUxZDNjYTFmYzI"
                                },
                                {
                                    "altText": "SHI KB YD CHK, PURPLE, S",
                                    "format": "thumbnail",
                                    "imageType": "PRIMARY",
                                    "url": "/medias/-78Wx98H-440610568-purple-MODEL?context=bWFzdGVyfHJvb3R8MjU1NDh8aW1hZ2UvanBlZ3xoMGIvaDc1Lzg3OTk4MzMzNTgzNjYuanBnfDM0Y2Q5ODQ5MWM0NmY1Y2IwMzQ0MDA0ZjFlN2U3NjNiYWJjZWE0OTAyNzMyNTAzNTM0NWVlOWUxZDNjYTFmYzI"
                                }
                            ],
                            "name": "Checked Shirt with Tie-Up Fastening",
                            "price": {
                                "currencyIso": "INR",
                                "displayformattedValue": "Rs.999",
                                "formattedValue": "Rs.999.00",
                                "priceType": "BUY",
                                "value": 999.0
                            },
                            "purchasable": true,
                            "url": "/440610568/p/440632157012",
                            "verticalColor": "Multi",
                            "wasPriceData": {
                                "currencyIso": "INR",
                                "displayformattedValue": "Rs.999",
                                "formattedValue": "Rs.999.00",
                                "priceType": "BUY",
                                "value": 999.0
                            }
                        },
                        "quantity": 4,
                        "returnWindow": 3,
                        "totalPrice": {
                            "currencyIso": "INR",
                            "displayformattedValue": "Rs.4,000",
                            "formattedValue": "Rs.4,000.00",
                            "priceType": "BUY",
                            "value": 4000.0
                        },
                        "voucherPromoAmt": 0.0
                    },
                    "quantity": 2,
                    "shippedQuantity": 2
                }
            ],
            "isReturnableExchangeable": true,
            "shippingAddress": {
                "country": {
                    "isocode": "IN",
                    "name": "India"
                },
                "defaultAddress": false,
                "district": "Bangalore",
                "email": "abc@fjkhs.com",
                "firstName": "Rajat",
                "formattedAddress": "abc, abc, 560001",
                "id": "8796420866071",
                "lastName": "Bhatia",
                "line1": "abc",
                "phone": "9874563210",
                "postalCode": "560001",
                "selectedAddressType": "HOME",
                "shippingAddress": false,
                "state": "Karnataka",
                "town": "abc",
                "visibleInAddressBook": true
            },
            "status": "DELIVERED",
            "deliveryDate": "2020-11-03T00:00:00+0530",
            "shipmentStatus": "Delivered"
        }
    ],
    "paymentMode": "",
    "paymentSuccessful": true,
    "returnInfoUrl": "",
    "returnQuickInfoUrl": "",
    "totalUnitCount": 4
}
