{
    "totalOrders": 149,
    "pageCount": 15,
    "currentPage": 3,
    "pageSize": 10,
    "orderList": [
        {
            "orderDate": "2019-02-11T06:54:24",
            "fromCache": false,
            "siteName": "rilfnl",
            "orderId": "FL0000833047",
            "orderType": "FORWARD",
            "customerFirstName": "Nilofer Sumaiya",
            "customerId": "store.front2@servicesnext.com",
            "currency": "INR",
            "orderPlacedAt": "STOREFRONT",
            "discount": 0,
            "totalAmount": 3990,
            "shippingCharge": 0,
            "paymentMode": "Pre-paid",
            "orderItemLines": [
                {
                    "orderItemLineId": 2405,
                    "orderId": "FL0000833047",
                    "itemId": "460001949006",
                    "title": "Fit & Flare Dress with Lace Panels",
                    "color": "BLACK",
                    "quantity": 10,
                    "listPrice": 399,
                    "retailPrice": 399,
                    "unitPrice": 399,
                    "status": "CREATED",
                    "statusDescription": " ",
                    "displayStatus": "Confirmed",
                    "deliveryMethod": "SHP",
                    "eddUpperRange": "2019-02-18T06:54:24",
                    "eddLowerRange": "2019-02-14T06:54:24",
                    "promisedDeliveryDate": "2019-02-12T12:25:11",
                    "estimatedPickupDate": "2019-02-12T12:25:11",
                    "promisedShippingDate": "2019-02-12T12:25:11",
                    "estimatedRefundDate": "2019-02-12T12:25:11",
                    "orderType": "FORWARD",
                    "statusHistory": [
                        {
                            "status": "CREATED",
                            "updateDate": "2019-02-12T12:25:11",
                            "description": "Order is Created for this item.",
                            "quantity": 10
                        }
                    ]
                }
            ],
            "isFromCache": false
        },
        {
            "orderDate": "2019-02-11T01:52:26",
            "fromCache": false,
            "siteName": "rilfnl",
            "orderId": "FL0000833036",
            "orderType": "FORWARD",
            "customerFirstName": "Nilofer Sumaiya",
            "customerId": "store.front2@servicesnext.com",
            "currency": "INR",
            "orderPlacedAt": "STOREFRONT",
            "discount": 0,
            "totalAmount": 1346,
            "shippingCharge": 149,
            "paymentMode": "Cash on Delivery",
            "orderItemLines": [
                {
                    "orderItemLineId": 2382,
                    "orderId": "FL0000833036",
                    "itemId": "460001949006",
                    "title": "Fit & Flare Dress with Lace Panels",
                    "color": "BLACK",
                    "quantity": 3,
                    "listPrice": 399,
                    "retailPrice": 399,
                    "unitPrice": 399,
                    "status": "DELIVERED",
                    "statusDescription": " ",
                    "displayStatus": "Delivered on 15 Feb",
                    "carrier": "BLUEDART",
                    "deliveryMethod": "SHP",
                    "eddUpperRange": "2019-02-11T01:46:14",
                    "eddLowerRange": "2019-02-11T01:46:14",
                    "promisedDeliveryDate": "2019-02-15T12:00:00",
                    "estimatedPickupDate": "2019-02-11T01:46:14",
                    "promisedShippingDate": "2019-02-11T01:46:14",
                    "estimatedRefundDate": "2019-02-11T01:46:14",
                    "consignmentId": "100014604",
                    "trackingId": "70013101911",
                    "containerNumber": "100042710",
                    "containerScm": "FLV027A0000000003586",
                    "orderType": "FORWARD",
                    "statusHistory": [
                        {
                            "status": "DELIVERED",
                            "updateDate": "2019-02-11T05:04:49",
                            "description": "Delivered on $deliveryDate",
                            "quantity": 3
                        },
                        {
                            "status": "CREATED",
                            "updateDate": "2019-02-11T01:46:15",
                            "description": "Order is Created for this item.",
                            "quantity": 3
                        },
                        {
                            "status": "PACKED",
                            "updateDate": "2019-02-11T01:50:44",
                            "description": "Item is packed for delivery",
                            "quantity": 3
                        },
                        {
                            "updateDate": "2019-02-11T03:03:43",
                            "description": "Item is shipped for delivery",
                            "quantity": 3
                        }
                    ]
                }
            ],
            "isFromCache": false
        },
        {
            "orderDate": "2019-02-11T01:49:53",
            "fromCache": false,
            "siteName": "rilfnl",
            "orderId": "FL0000833035",
            "orderType": "FORWARD",
            "customerFirstName": "Nilofer Sumaiya",
            "customerId": "store.front2@servicesnext.com",
            "currency": "INR",
            "orderPlacedAt": "STOREFRONT",
            "discount": 0,
            "totalAmount": 2397,
            "shippingCharge": 0,
            "paymentMode": "Cash on Delivery",
            "orderItemLines": [
                {
                    "orderItemLineId": 2379,
                    "orderId": "FL0000833035",
                    "itemId": "460001949002",
                    "title": "Fit & Flare Dress with Lace Panels",
                    "color": "BLACK",
                    "quantity": 3,
                    "listPrice": 799,
                    "retailPrice": 799,
                    "unitPrice": 799,
                    "status": "CREATED",
                    "statusDescription": " ",
                    "displayStatus": "Confirmed",
                    "deliveryMethod": "SHP",
                    "eddUpperRange": "2019-02-11T01:43:42",
                    "eddLowerRange": "2019-02-11T01:43:42",
                    "promisedDeliveryDate": "2019-02-11T01:43:42",
                    "estimatedPickupDate": "2019-02-11T01:43:42",
                    "promisedShippingDate": "2019-02-11T01:43:42",
                    "estimatedRefundDate": "2019-02-11T01:43:42",
                    "orderType": "FORWARD",
                    "statusHistory": [
                        {
                            "status": "CREATED",
                            "updateDate": "2019-02-11T01:43:42",
                            "description": "Order is Created for this item.",
                            "quantity": 3
                        }
                    ]
                }
            ],
            "isFromCache": false
        },
        {
            "orderDate": "2019-02-11T01:41:23",
            "fromCache": false,
            "siteName": "rilfnl",
            "orderId": "FL0000833034",
            "orderType": "FORWARD",
            "customerFirstName": "Nilofer Sumaiya",
            "customerId": "store.front2@servicesnext.com",
            "currency": "INR",
            "orderPlacedAt": "STOREFRONT",
            "discount": 0,
            "totalAmount": 2400,
            "shippingCharge": 0,
            "paymentMode": "Cash on Delivery",
            "orderItemLines": [
                {
                    "orderItemLineId": 2376,
                    "orderId": "FL0000833034",
                    "itemId": "460001949003",
                    "title": "Fit & Flare Dress with Lace Panels",
                    "color": "BLACK",
                    "quantity": 3,
                    "listPrice": 800,
                    "retailPrice": 800,
                    "unitPrice": 800,
                    "status": "DELIVERED",
                    "statusDescription": " ",
                    "displayStatus": "Delivered on 21 Feb",
                    "carrier": "BLUEDART",
                    "deliveryMethod": "SHP",
                    "eddUpperRange": "2019-02-11T01:35:12",
                    "eddLowerRange": "2019-02-11T01:35:12",
                    "promisedDeliveryDate": "2019-02-21T12:00:00",
                    "estimatedPickupDate": "2019-02-11T01:35:12",
                    "promisedShippingDate": "2019-02-11T01:35:12",
                    "estimatedRefundDate": "2019-02-11T01:35:12",
                    "consignmentId": "100014602",
                    "trackingId": "70013101966",
                    "containerNumber": "100001513",
                    "containerScm": "10001460280440000000",
                    "orderType": "FORWARD",
                    "statusHistory": [
                        {
                            "status": "DELIVERED",
                            "updateDate": "2019-02-13T03:01:02",
                            "description": "Delivered on $deliveryDate",
                            "quantity": 3
                        },
                        {
                            "status": "PACKED",
                            "updateDate": "2019-02-12T12:49:56",
                            "description": "Arriving between $eddDate",
                            "quantity": 3
                        },
                        {
                            "updateDate": "2019-02-13T12:42:26",
                            "description": "Arriving by $pddDate",
                            "quantity": 3
                        },
                        {
                            "status": "CREATED",
                            "updateDate": "2019-02-11T01:35:12",
                            "description": "Order is Created for this item.",
                            "quantity": 3
                        }
                    ]
                }
            ],
            "isFromCache": false
        },
        {
            "orderDate": "2019-02-11T01:13:36",
            "fromCache": false,
            "siteName": "rilfnl",
            "orderId": "FL0000833029",
            "orderType": "FORWARD",
            "customerFirstName": "Nilofer Sumaiya",
            "customerId": "store.front2@servicesnext.com",
            "currency": "INR",
            "orderPlacedAt": "STOREFRONT",
            "discount": 0,
            "totalAmount": 2801.86,
            "shippingCharge": 0,
            "paymentMode": "Cash on Delivery",
            "orderItemLines": [
                {
                    "orderItemLineId": 2363,
                    "orderId": "FL0000833029",
                    "itemId": "460001949001",
                    "title": "Fit & Flare Dress with Lace Panels",
                    "color": "BLACK",
                    "quantity": 1,
                    "listPrice": 404.86,
                    "retailPrice": 404.86,
                    "unitPrice": 404.86,
                    "status": "CREATED",
                    "statusDescription": " ",
                    "displayStatus": "Confirmed",
                    "deliveryMethod": "SHP",
                    "eddUpperRange": "2019-02-11T01:07:25",
                    "eddLowerRange": "2019-02-11T01:07:25",
                    "promisedDeliveryDate": "2019-02-11T01:07:25",
                    "estimatedPickupDate": "2019-02-11T01:07:25",
                    "promisedShippingDate": "2019-02-11T01:07:25",
                    "estimatedRefundDate": "2019-02-11T01:07:25",
                    "orderType": "FORWARD",
                    "statusHistory": [
                        {
                            "status": "CREATED",
                            "updateDate": "2019-02-11T01:07:25",
                            "description": "Order is Created for this item.",
                            "quantity": 1
                        }
                    ]
                },
                {
                    "orderItemLineId": 2364,
                    "orderId": "FL0000833029",
                    "itemId": "460001949002",
                    "title": "Fit & Flare Dress with Lace Panels",
                    "color": "BLACK",
                    "quantity": 3,
                    "listPrice": 799,
                    "retailPrice": 799,
                    "unitPrice": 799,
                    "status": "CANCELLED",
                    "displayStatus": "Cancelled",
                    "deliveryMethod": "SHP",
                    "eddUpperRange": "2019-02-11T01:07:25",
                    "eddLowerRange": "2019-02-11T01:07:25",
                    "promisedDeliveryDate": "2019-02-11T01:08:33",
                    "estimatedPickupDate": "2019-02-11T01:07:25",
                    "promisedShippingDate": "2019-02-11T01:07:25",
                    "estimatedRefundDate": "2019-02-11T01:07:25",
                    "orderType": "FORWARD",
                    "statusHistory": [
                        {
                            "status": "CREATED",
                            "updateDate": "2019-02-11T01:07:25",
                            "description": "Order is Created for this item.",
                            "quantity": 3
                        },
                        {
                            "status": "CANCELLED",
                            "updateDate": "2019-02-11T01:08:33",
                            "description": "This item is cancelled from this order.",
                            "quantity": 3
                        }
                    ]
                }
            ],
            "isFromCache": false
        },
        {
            "orderDate": "2019-02-11T12:49:25",
            "fromCache": false,
            "siteName": "rilfnl",
            "orderId": "FL0000833026",
            "orderType": "FORWARD",
            "customerFirstName": "Nilofer Sumaiya",
            "customerId": "store.front2@servicesnext.com",
            "currency": "INR",
            "orderPlacedAt": "STOREFRONT",
            "discount": 0,
            "totalAmount": 3999,
            "shippingCharge": 0,
            "paymentMode": "Cash on Delivery",
            "orderItemLines": [
                {
                    "orderItemLineId": 2357,
                    "orderId": "FL0000833026",
                    "itemId": "460001949005",
                    "title": "Fit & Flare Dress with Lace Panels",
                    "color": "BLACK",
                    "quantity": 1,
                    "listPrice": 3999,
                    "retailPrice": 3999,
                    "unitPrice": 3999,
                    "status": "CREATED",
                    "statusDescription": " ",
                    "displayStatus": "Confirmed",
                    "deliveryMethod": "SHP",
                    "eddUpperRange": "2019-02-11T12:43:14",
                    "eddLowerRange": "2019-02-11T12:43:14",
                    "promisedDeliveryDate": "2019-02-11T12:43:14",
                    "estimatedPickupDate": "2019-02-11T12:43:14",
                    "promisedShippingDate": "2019-02-11T12:43:14",
                    "estimatedRefundDate": "2019-02-11T12:43:14",
                    "orderType": "FORWARD",
                    "statusHistory": [
                        {
                            "status": "CREATED",
                            "updateDate": "2019-02-11T12:43:14",
                            "description": "Order is Created for this item.",
                            "quantity": 1
                        }
                    ]
                }
            ],
            "isFromCache": false
        },
        {
            "orderDate": "2019-02-11T12:44:41",
            "fromCache": false,
            "siteName": "rilfnl",
            "orderId": "FL0000833024",
            "orderType": "FORWARD",
            "customerFirstName": "Nilofer Sumaiya",
            "customerId": "store.front2@servicesnext.com",
            "currency": "INR",
            "orderPlacedAt": "STOREFRONT",
            "discount": 0,
            "totalAmount": 548,
            "shippingCharge": 149,
            "paymentMode": "Cash on Delivery",
            "orderItemLines": [
                {
                    "orderItemLineId": 2351,
                    "orderId": "FL0000833024",
                    "itemId": "460001949006",
                    "title": "Fit & Flare Dress with Lace Panels",
                    "color": "BLACK",
                    "quantity": 1,
                    "listPrice": 399,
                    "retailPrice": 399,
                    "unitPrice": 399,
                    "status": "DELIVERED",
                    "statusDescription": " ",
                    "displayStatus": "Delivered on 19 Feb",
                    "carrier": "BLUEDART",
                    "deliveryMethod": "SHP",
                    "eddUpperRange": "2019-02-11T12:38:30",
                    "eddLowerRange": "2019-02-11T12:38:30",
                    "promisedDeliveryDate": "2019-02-19T12:00:00",
                    "estimatedPickupDate": "2019-02-11T12:38:30",
                    "promisedShippingDate": "2019-02-11T12:38:30",
                    "estimatedRefundDate": "2019-02-11T12:38:30",
                    "consignmentId": "100014576",
                    "trackingId": "70013101701",
                    "containerNumber": "100001479",
                    "containerScm": "10001457680440000000",
                    "orderType": "FORWARD",
                    "statusHistory": [
                        {
                            "updateDate": "2019-02-11T01:06:13",
                            "description": "Item is shipped for delivery",
                            "quantity": 1
                        },
                        {
                            "status": "DELIVERED",
                            "updateDate": "2019-02-11T05:09:13",
                            "description": "Delivered on $deliveryDate",
                            "quantity": 1
                        },
                        {
                            "status": "PACKED",
                            "updateDate": "2019-02-11T12:45:03",
                            "description": "Item is packed for delivery",
                            "quantity": 1
                        },
                        {
                            "status": "CREATED",
                            "updateDate": "2019-02-11T12:38:30",
                            "description": "Order is Created for this item.",
                            "quantity": 1
                        }
                    ]
                }
            ],
            "isFromCache": false
        },
        {
            "orderDate": "2019-02-11T12:44:27",
            "fromCache": false,
            "siteName": "rilfnl",
            "orderId": "FL0000833023",
            "orderType": "FORWARD",
            "customerFirstName": "Nilofer Sumaiya",
            "customerId": "store.front2@servicesnext.com",
            "currency": "INR",
            "orderPlacedAt": "STOREFRONT",
            "discount": 0,
            "totalAmount": 548,
            "shippingCharge": 149,
            "paymentMode": "Cash on Delivery",
            "orderItemLines": [
                {
                    "orderItemLineId": 2350,
                    "orderId": "FL0000833023",
                    "itemId": "460001949006",
                    "title": "Fit & Flare Dress with Lace Panels",
                    "color": "BLACK",
                    "quantity": 1,
                    "listPrice": 399,
                    "retailPrice": 399,
                    "unitPrice": 399,
                    "statusDescription": " ",
                    "displayStatus": "Arriving by 19 Feb",
                    "carrier": "BLUEDART",
                    "deliveryMethod": "SHP",
                    "eddUpperRange": "2019-02-11T12:38:16",
                    "eddLowerRange": "2019-02-11T12:38:16",
                    "promisedDeliveryDate": "2019-02-19T12:00:00",
                    "estimatedPickupDate": "2019-02-11T12:38:16",
                    "promisedShippingDate": "2019-02-11T12:38:16",
                    "estimatedRefundDate": "2019-02-11T12:38:16",
                    "consignmentId": "100014577",
                    "trackingId": "70013101896",
                    "containerNumber": "100001498",
                    "containerScm": "10001457780440000000",
                    "orderType": "FORWARD",
                    "statusHistory": [
                        {
                            "updateDate": "2019-02-11T01:06:14",
                            "description": "Item is shipped for delivery",
                            "quantity": 1
                        },
                        {
                            "status": "PACKED",
                            "updateDate": "2019-02-11T12:52:26",
                            "description": "Item is packed for delivery",
                            "quantity": 1
                        },
                        {
                            "status": "CREATED",
                            "updateDate": "2019-02-11T12:38:16",
                            "description": "Order is Created for this item.",
                            "quantity": 1
                        }
                    ]
                }
            ],
            "isFromCache": false
        },
        {
            "orderDate": "2019-02-11T12:44:11",
            "fromCache": false,
            "siteName": "rilfnl",
            "orderId": "FL0000833022",
            "orderType": "FORWARD",
            "customerFirstName": "Nilofer Sumaiya",
            "customerId": "store.front2@servicesnext.com",
            "currency": "INR",
            "orderPlacedAt": "STOREFRONT",
            "discount": 0,
            "totalAmount": 548,
            "shippingCharge": 149,
            "paymentMode": "Cash on Delivery",
            "orderItemLines": [
                {
                    "orderItemLineId": 2349,
                    "orderId": "FL0000833022",
                    "itemId": "460001949006",
                    "title": "Fit & Flare Dress with Lace Panels",
                    "color": "BLACK",
                    "quantity": 1,
                    "listPrice": 399,
                    "retailPrice": 399,
                    "unitPrice": 399,
                    "status": "DELIVERED",
                    "statusDescription": " ",
                    "displayStatus": "Delivered on 19 Feb",
                    "carrier": "BLUEDART",
                    "deliveryMethod": "SHP",
                    "eddUpperRange": "2019-02-11T12:38:03",
                    "eddLowerRange": "2019-02-11T12:38:03",
                    "promisedDeliveryDate": "2019-02-19T12:00:00",
                    "estimatedPickupDate": "2019-02-11T12:38:03",
                    "promisedShippingDate": "2019-02-11T12:38:03",
                    "estimatedRefundDate": "2019-02-11T12:38:03",
                    "consignmentId": "100014578",
                    "trackingId": "70013101885",
                    "containerNumber": "100001497",
                    "containerScm": "10001457880440000000",
                    "orderType": "FORWARD",
                    "statusHistory": [
                        {
                            "updateDate": "2019-02-11T01:06:15",
                            "description": "Item is shipped for delivery",
                            "quantity": 1
                        },
                        {
                            "status": "PACKED",
                            "updateDate": "2019-02-11T12:52:01",
                            "description": "Item is packed for delivery",
                            "quantity": 1
                        },
                        {
                            "status": "DELIVERED",
                            "updateDate": "2019-02-12T12:26:25",
                            "description": "Item is delivered to customer.",
                            "quantity": 1
                        },
                        {
                            "status": "CREATED",
                            "updateDate": "2019-02-11T12:38:04",
                            "description": "Order is Created for this item.",
                            "quantity": 1
                        }
                    ]
                }
            ],
            "isFromCache": false
        },
        {
            "orderDate": "2019-02-11T12:43:59",
            "fromCache": false,
            "siteName": "rilfnl",
            "orderId": "FL0000833021",
            "orderType": "FORWARD",
            "customerFirstName": "Nilofer Sumaiya",
            "customerId": "store.front2@servicesnext.com",
            "currency": "INR",
            "orderPlacedAt": "STOREFRONT",
            "discount": 0,
            "totalAmount": 548,
            "shippingCharge": 149,
            "paymentMode": "Cash on Delivery",
            "orderItemLines": [
                {
                    "orderItemLineId": 2348,
                    "orderId": "FL0000833021",
                    "itemId": "460001949006",
                    "title": "Fit & Flare Dress with Lace Panels",
                    "color": "BLACK",
                    "quantity": 1,
                    "listPrice": 399,
                    "retailPrice": 399,
                    "unitPrice": 399,
                    "statusDescription": " ",
                    "displayStatus": "Arriving by 19 Feb",
                    "carrier": "BLUEDART",
                    "deliveryMethod": "SHP",
                    "eddUpperRange": "2019-02-11T12:37:48",
                    "eddLowerRange": "2019-02-11T12:37:48",
                    "promisedDeliveryDate": "2019-02-19T12:00:00",
                    "estimatedPickupDate": "2019-02-11T12:37:48",
                    "promisedShippingDate": "2019-02-11T12:37:48",
                    "estimatedRefundDate": "2019-02-11T12:37:48",
                    "consignmentId": "100014579",
                    "trackingId": "70013101874",
                    "containerNumber": "100001496",
                    "containerScm": "10001457980440000000",
                    "orderType": "FORWARD",
                    "statusHistory": [
                        {
                            "updateDate": "2019-02-11T01:06:15",
                            "description": "Item is shipped for delivery",
                            "quantity": 1
                        },
                        {
                            "status": "PACKED",
                            "updateDate": "2019-02-11T12:51:49",
                            "description": "Item is packed for delivery",
                            "quantity": 1
                        },
                        {
                            "status": "CREATED",
                            "updateDate": "2019-02-11T12:37:48",
                            "description": "Order is Created for this item.",
                            "quantity": 1
                        }
                    ]
                }
            ],
            "isFromCache": false
        }
    ],
    "twoMonthsOrderCount": 10
}
