{
  "saleStartTime": 1627978224,
  "saleEndTime": 1628237424,
  "status": {
    "statusCode": 0,
    "messageDescription": "Number Of Items in WishList is  14"
  },
  "extraResponseParams": {
    "Tenant ID": "AJIO",
    "UUID": "7e418878-a69f-4c8d-a26c-da394ced1a26"
  },
  "pagination": {
    "currentPage": 0,
    "pageSize": 1,
    "totalPages": 14,
    "totalResults": 14
  },
  "products": [
    {
      "baseOptions": [
        {
          "options": [
            {
              "code": "441111251_navy",
              "attributes": [
                {
                  "attributeName": "packageWeight",
                  "attributeValue": "100.0",
                  "attributeLevel": "BASE",
                  "attributeType": "MEASURABLE",
                  "unitOfMeasurement": "GRAM",
                  "attributeCode": "DEFAULT_CODE"
                },
                {
                  "attributeName": "primaryColor",
                  "attributeValue": "Navy Blue",
                  "attributeLevel": "OPTION",
                  "attributeType": "DEFAULT",
                  "attributeCode": "2615",
                  "metaData": {
                    "isVisible": "false"
                  }
                },
                {
                  "attributeName": "packageWidth",
                  "attributeValue": "25.0",
                  "attributeLevel": "BASE",
                  "attributeType": "MEASURABLE",
                  "unitOfMeasurement": "CM",
                  "attributeCode": "DEFAULT_CODE"
                },
                {
                  "attributeName": "marketedBy",
                  "attributeValue": "Reliance Retail Limited\r\nShed No-77/80, Indian Corporation\r\nGodown Mankoli Naka, Village\r\nDapode Taluka, Bhiwandi Dist.\r\nThane Maharashtra\r\nPIN-421302",
                  "attributeLevel": "BASE",
                  "attributeType": "DEFAULT",
                  "attributeCode": "DEFAULT_CODE"
                },
                {
                  "attributeName": "unitHeight",
                  "attributeValue": "7.02",
                  "attributeLevel": "BASE",
                  "attributeType": "MEASURABLE",
                  "unitOfMeasurement": "CM",
                  "attributeCode": "DEFAULT_CODE"
                },
                {
                  "attributeName": "fit",
                  "attributeValue": "Regular Fit",
                  "attributeLevel": "BASE",
                  "attributeType": "DEFAULT",
                  "attributeCode": "2628",
                  "metaData": {
                    "isVisible": "true"
                  }
                },
                {
                  "attributeName": "division",
                  "attributeValue": "80",
                  "attributeLevel": "OPTION",
                  "attributeType": "DEFAULT",
                  "attributeCode": "DEFAULT_CODE"
                },
                {
                  "attributeName": "styleType",
                  "attributeValue": "Hoodies & Tracks",
                  "attributeLevel": "BASE",
                  "attributeType": "DEFAULT",
                  "attributeCode": "2628",
                  "metaData": {
                    "isVisible": "false"
                  }
                },
                {
                  "attributeName": "unitLength",
                  "attributeValue": "24.37",
                  "attributeLevel": "BASE",
                  "attributeType": "MEASURABLE",
                  "unitOfMeasurement": "CM",
                  "attributeCode": "DEFAULT_CODE"
                },
                {
                  "attributeName": "season",
                  "attributeValue": "APSP",
                  "attributeLevel": "BASE",
                  "attributeType": "DEFAULT",
                  "attributeCode": "DEFAULT_CODE"
                },
                {
                  "attributeName": "isExchangeable",
                  "attributeValue": "true",
                  "attributeLevel": "OPTION",
                  "attributeType": "DEFAULT",
                  "attributeCode": "DEFAULT_CODE"
                },
                {
                  "attributeName": "seasonYear",
                  "attributeValue": "2021",
                  "attributeLevel": "BASE",
                  "attributeType": "DEFAULT",
                  "attributeCode": "DEFAULT_CODE"
                },
                {
                  "attributeName": "sizeFormat",
                  "attributeValue": "UNI",
                  "attributeLevel": "BASE",
                  "attributeType": "DEFAULT",
                  "attributeCode": "2615",
                  "metaData": {
                    "isVisible": "true"
                  }
                },
                {
                  "attributeName": "modelChestSize",
                  "attributeValue": "38\"",
                  "attributeLevel": "OPTION",
                  "attributeType": "DEFAULT",
                  "attributeCode": "2628",
                  "metaData": {
                    "isVisible": "true"
                  }
                },
                {
                  "attributeName": "hsnCode",
                  "attributeValue": "62031200",
                  "attributeLevel": "BASE",
                  "attributeType": "DEFAULT",
                  "attributeCode": "DEFAULT_CODE"
                },
                {
                  "attributeName": "additionalInformation1",
                  "attributeValue": "Contrast taping on the back and sleeves",
                  "attributeLevel": "BASE",
                  "attributeType": "DEFAULT",
                  "attributeCode": "2614",
                  "metaData": {
                    "isVisible": "true",
                    "sequence": "47"
                  }
                },
                {
                  "attributeName": "fashionType",
                  "attributeValue": "FashionType",
                  "attributeLevel": "BASE",
                  "attributeType": "DEFAULT",
                  "attributeCode": "DEFAULT_CODE"
                },
                {
                  "attributeName": "taxCode",
                  "attributeValue": "ZV",
                  "attributeLevel": "BASE",
                  "attributeType": "DEFAULT",
                  "attributeCode": "DEFAULT_CODE"
                },
                {
                  "attributeName": "toggleOn",
                  "attributeValue": "TOGGLE_ON_MODEL",
                  "attributeLevel": "OPTION",
                  "attributeType": "DEFAULT",
                  "attributeCode": "DEFAULT_CODE"
                },
                {
                  "attributeName": "washCare",
                  "attributeValue": "Machine wash",
                  "attributeLevel": "BASE",
                  "attributeType": "DEFAULT",
                  "attributeCode": "2615",
                  "metaData": {
                    "isVisible": "true"
                  }
                },
                {
                  "attributeName": "componentCount",
                  "attributeValue": "1",
                  "attributeLevel": "BASE",
                  "attributeType": "DEFAULT",
                  "attributeCode": "DEFAULT_CODE"
                },
                {
                  "attributeName": "packageHeight",
                  "attributeValue": "2.0",
                  "attributeLevel": "BASE",
                  "attributeType": "MEASURABLE",
                  "unitOfMeasurement": "CM",
                  "attributeCode": "DEFAULT_CODE"
                },
                {
                  "attributeName": "sizeGroup",
                  "attributeValue": "Regular",
                  "attributeLevel": "BASE",
                  "attributeType": "DEFAULT",
                  "attributeCode": "2615",
                  "metaData": {
                    "isVisible": "false"
                  }
                },
                {
                  "attributeName": "modelHeight",
                  "attributeValue": "6'1\"",
                  "attributeLevel": "OPTION",
                  "attributeType": "DEFAULT",
                  "attributeCode": "2615",
                  "metaData": {
                    "isVisible": "true"
                  }
                },
                {
                  "attributeName": "colorShade",
                  "attributeValue": "Dark",
                  "attributeLevel": "OPTION",
                  "attributeType": "DEFAULT",
                  "attributeCode": "2615",
                  "metaData": {
                    "isVisible": "false"
                  }
                },
                {
                  "attributeName": "productGroups",
                  "attributeValue": "Casual",
                  "attributeLevel": "BASE",
                  "attributeType": "DEFAULT",
                  "attributeCode": "DEFAULT_CODE"
                },
                {
                  "attributeName": "sizeWornByModel",
                  "attributeValue": "Medium",
                  "attributeLevel": "OPTION",
                  "attributeType": "DEFAULT",
                  "attributeCode": "2615",
                  "metaData": {
                    "isVisible": "true"
                  }
                },
                {
                  "attributeName": "isRestricted",
                  "attributeValue": "false",
                  "attributeLevel": "BASE",
                  "attributeType": "DEFAULT",
                  "attributeCode": "DEFAULT_CODE"
                },
                {
                  "attributeName": "unitWeight",
                  "attributeValue": "0.65",
                  "attributeLevel": "BASE",
                  "attributeType": "MEASURABLE",
                  "unitOfMeasurement": "KG",
                  "attributeCode": "DEFAULT_CODE"
                },
                {
                  "attributeName": "unitWidth",
                  "attributeValue": "22.82",
                  "attributeLevel": "BASE",
                  "attributeType": "MEASURABLE",
                  "unitOfMeasurement": "CM",
                  "attributeCode": "DEFAULT_CODE"
                },
                {
                  "attributeName": "priceCluster",
                  "attributeValue": "1",
                  "attributeLevel": "BASE",
                  "attributeType": "DEFAULT",
                  "attributeCode": "DEFAULT_CODE"
                },
                {
                  "attributeName": "mood",
                  "attributeValue": "Sporty",
                  "attributeLevel": "BASE",
                  "attributeType": "DEFAULT",
                  "attributeCode": "2614",
                  "metaData": {
                    "isVisible": "false"
                  }
                },
                {
                  "attributeName": "returnWindow",
                  "attributeValue": "15",
                  "attributeLevel": "OPTION",
                  "attributeType": "DEFAULT",
                  "attributeCode": "DEFAULT_CODE"
                },
                {
                  "attributeName": "pattern",
                  "attributeValue": "Solid",
                  "attributeLevel": "OPTION",
                  "attributeType": "DEFAULT",
                  "attributeCode": "2615",
                  "metaData": {
                    "isVisible": "false"
                  }
                },
                {
                  "attributeName": "fabricComposition",
                  "attributeValue": "Polyester",
                  "attributeLevel": "BASE",
                  "attributeType": "DEFAULT",
                  "attributeCode": "2615",
                  "metaData": {
                    "isVisible": "true"
                  }
                },
                {
                  "attributeName": "netQuantity",
                  "attributeValue": "1 N",
                  "attributeLevel": "BASE",
                  "attributeType": "DEFAULT",
                  "attributeCode": "DEFAULT_CODE"
                },
                {
                  "attributeName": "title",
                  "attributeValue": "High-Neck Zip-Front Track Jacket",
                  "attributeLevel": "OPTION",
                  "attributeType": "DEFAULT",
                  "attributeCode": "2615"
                },
                {
                  "attributeName": "classDesc",
                  "attributeValue": "Topwear",
                  "attributeLevel": "BASE",
                  "attributeType": "DEFAULT",
                  "attributeCode": "DEFAULT_CODE"
                },
                {
                  "attributeName": "fabricType",
                  "attributeValue": "Polyester",
                  "attributeLevel": "BASE",
                  "attributeType": "DEFAULT",
                  "attributeCode": "2615",
                  "metaData": {
                    "isVisible": "false"
                  }
                },
                {
                  "attributeName": "importedBy",
                  "attributeLevel": "BASE",
                  "attributeType": "DEFAULT",
                  "attributeCode": "DEFAULT_CODE"
                },
                {
                  "attributeName": "categoryDesc",
                  "attributeValue": "Clothing",
                  "attributeLevel": "BASE",
                  "attributeType": "DEFAULT",
                  "attributeCode": "DEFAULT_CODE"
                },
                {
                  "attributeName": "packageLength",
                  "attributeValue": "35.0",
                  "attributeLevel": "BASE",
                  "attributeType": "MEASURABLE",
                  "unitOfMeasurement": "CM",
                  "attributeCode": "DEFAULT_CODE"
                },
                {
                  "attributeName": "manufacturedBy",
                  "attributeValue": "Reliance Retail Limited\r\nShed No-77/80, Indian Corporation\r\nGodown Mankoli Naka, Village\r\nDapode Taluka, Bhiwandi Dist.\r\nThane Maharashtra\r\nPIN-421302",
                  "attributeLevel": "BASE",
                  "attributeType": "DEFAULT",
                  "attributeCode": "DEFAULT_CODE"
                },
                {
                  "attributeName": "productType",
                  "attributeValue": "TRENDS",
                  "attributeLevel": "BASE",
                  "attributeType": "DEFAULT",
                  "attributeCode": "DEFAULT_CODE"
                },
                {
                  "attributeName": "nestedL3Categories",
                  "attributeValue": "Jackets & Coats",
                  "attributeLevel": "OPTION",
                  "attributeType": "DEFAULT",
                  "attributeCode": "DEFAULT_CODE"
                },
                {
                  "attributeName": "length",
                  "attributeValue": "Medium",
                  "attributeLevel": "BASE",
                  "attributeType": "DEFAULT",
                  "attributeCode": "2628",
                  "metaData": {
                    "isVisible": "false",
                    "sequence": "8"
                  }
                },
                {
                  "attributeName": "colorFamily",
                  "attributeValue": "Blue",
                  "attributeLevel": "OPTION",
                  "attributeType": "DEFAULT",
                  "attributeCode": "2615",
                  "metaData": {
                    "isVisible": "false"
                  }
                },
                {
                  "attributeName": "isDvs",
                  "attributeValue": "false",
                  "attributeLevel": "BASE",
                  "attributeType": "DEFAULT",
                  "attributeCode": "DEFAULT_CODE"
                },
                {
                  "attributeName": "selection1",
                  "attributeValue": "color",
                  "attributeLevel": "BASE",
                  "attributeType": "DEFAULT",
                  "attributeCode": "DEFAULT_CODE"
                },
                {
                  "attributeName": "isReturnable",
                  "attributeValue": "true",
                  "attributeLevel": "OPTION",
                  "attributeType": "DEFAULT",
                  "attributeCode": "DEFAULT_CODE"
                },
                {
                  "attributeName": "selection2",
                  "attributeValue": "size",
                  "attributeLevel": "BASE",
                  "attributeType": "DEFAULT",
                  "attributeCode": "DEFAULT_CODE"
                },
                {
                  "attributeName": "isCodDisabled",
                  "attributeValue": "false",
                  "attributeLevel": "BASE",
                  "attributeType": "DEFAULT",
                  "attributeCode": "DEFAULT_CODE"
                },
                {
                  "attributeName": "sleeve",
                  "attributeValue": "Full-length",
                  "attributeLevel": "BASE",
                  "attributeType": "DEFAULT",
                  "attributeCode": "2628",
                  "metaData": {
                    "isVisible": "false"
                  }
                },
                {
                  "attributeName": "countryOfOrigin",
                  "attributeValue": "INDIA",
                  "attributeLevel": "BASE",
                  "attributeType": "DEFAULT",
                  "attributeCode": "DEFAULT_CODE"
                }
              ]
            }
          ]
        }
      ],
      "code": "441111251_navy",
      "brickCategory": "Men",
      "brickName": "Jackets & Coats",
      "brickSubCategory": "Western Wear",
      "productCode": "441111251_navy",
      "fnlColorVariantData": {
        "allPromotions": false,
        "brandName": "PERFORMAX",
        "maxQuantity": 0,
        "sizeFlag": false
      },
      "images": [
        {
          "format": "product",
          "imageType": "PRIMARY",
          "url": "https://assets.ajio.com/medias/sys_master/root/20210211/9Q0v/60242fea7cdb8c1f143c7208/-473Wx593H-441111251-navy-MODEL.jpg"
        },
        {
          "format": "mobileProductListingImage",
          "imageType": "PRIMARY",
          "url": "https://assets.ajio.com/medias/sys_master/root/20210211/9Q0v/60242fea7cdb8c1f143c71fc/-288Wx360H-441111251-navy-MODEL.jpg"
        }
      ],
      "categories": [],
      "name": "High-Neck Zip-Front Track Jacket",
      "wasPriceData": {
        "currencyIso": "INR",
        "displayformattedValue": "Rs.1,299.00",
        "formattedValue": "Rs.1,299.00",
        "priceType": "FROM",
        "value": 1299
      },
      "url": "/performax-high-neck-zip-front-track-jacket/p/441111251_navy",
      "variantOptions": [
        {
          "code": "441111251002",
          "priceData": {
            "futureListPrice": 599,
            "futureDiscountPercent": 20,
            "currencyIso": "INR",
            "displayformattedValue": "Rs.896.00",
            "formattedValue": "Rs.896.00",
            "priceType": "FROM",
            "value": 896
          },
          "variantOptionQualifiers": [
            {
              "name": "Size Display Type",
              "qualifier": "sizeDisplayType",
              "value": "BRAND"
            },
            {
              "name": "EAN",
              "qualifier": "ean",
              "value": "8905263073773"
            },
            {
              "name": "Size",
              "qualifier": "size",
              "value": "S"
            }
          ],
          "stock": {
            "stockLevel": 121
          },
          "wasPriceData": {
            "currencyIso": "INR",
            "displayformattedValue": "Rs.1,299.00",
            "formattedValue": "Rs.1,299.00",
            "priceType": "FROM",
            "value": 1299
          }
        },
        {
          "code": "441111251003",
          "priceData": {
            "futureListPrice": 599,
            "futureDiscountPercent": 20,
            "currencyIso": "INR",
            "displayformattedValue": "Rs.896.00",
            "formattedValue": "Rs.896.00",
            "priceType": "FROM",
            "value": 896
          },
          "variantOptionQualifiers": [
            {
              "name": "Size Display Type",
              "qualifier": "sizeDisplayType",
              "value": "BRAND"
            },
            {
              "name": "EAN",
              "qualifier": "ean",
              "value": "8905263073780"
            },
            {
              "name": "Size",
              "qualifier": "size",
              "value": "M"
            }
          ],
          "stock": {
            "stockLevel": 599
          },
          "wasPriceData": {
            "currencyIso": "INR",
            "displayformattedValue": "Rs.1,299.00",
            "formattedValue": "Rs.1,299.00",
            "priceType": "FROM",
            "value": 1299
          }
        },
        {
          "code": "441111251004",
          "priceData": {
            "futureListPrice": 599,
            "futureDiscountPercent": 20,
            "currencyIso": "INR",
            "displayformattedValue": "Rs.896.00",
            "formattedValue": "Rs.896.00",
            "priceType": "FROM",
            "value": 896
          },
          "variantOptionQualifiers": [
            {
              "name": "Size Display Type",
              "qualifier": "sizeDisplayType",
              "value": "BRAND"
            },
            {
              "name": "EAN",
              "qualifier": "ean",
              "value": "8905263073797"
            },
            {
              "name": "Size",
              "qualifier": "size",
              "value": "L"
            }
          ],
          "stock": {
            "stockLevel": 129
          },
          "wasPriceData": {
            "currencyIso": "INR",
            "displayformattedValue": "Rs.1,299.00",
            "formattedValue": "Rs.1,299.00",
            "priceType": "FROM",
            "value": 1299
          }
        },
        {
          "code": "441111251005",
          "priceData": {
            "futureListPrice": 599,
            "futureDiscountPercent": 20,
            "currencyIso": "INR",
            "displayformattedValue": "Rs.896.00",
            "formattedValue": "Rs.896.00",
            "priceType": "FROM",
            "value": 896
          },
          "variantOptionQualifiers": [
            {
              "name": "Size Display Type",
              "qualifier": "sizeDisplayType",
              "value": "BRAND"
            },
            {
              "name": "EAN",
              "qualifier": "ean",
              "value": "8905263073803"
            },
            {
              "name": "Size",
              "qualifier": "size",
              "value": "XL"
            }
          ],
          "stock": {
            "stockLevel": 3
          },
          "wasPriceData": {
            "currencyIso": "INR",
            "displayformattedValue": "Rs.1,299.00",
            "formattedValue": "Rs.1,299.00",
            "priceType": "FROM",
            "value": 1299
          }
        },
        {
          "code": "441111251006",
          "priceData": {
            "futureListPrice": 599,
            "futureDiscountPercent": 20,
            "currencyIso": "INR",
            "displayformattedValue": "Rs.896.00",
            "formattedValue": "Rs.896.00",
            "priceType": "FROM",
            "value": 896
          },
          "variantOptionQualifiers": [
            {
              "name": "Size Display Type",
              "qualifier": "sizeDisplayType",
              "value": "BRAND"
            },
            {
              "name": "EAN",
              "qualifier": "ean",
              "value": "8905263073810"
            },
            {
              "name": "Size",
              "qualifier": "size",
              "value": "XXL"
            }
          ],
          "stock": {
            "stockLevel": 77
          },
          "wasPriceData": {
            "currencyIso": "INR",
            "displayformattedValue": "Rs.1,299.00",
            "formattedValue": "Rs.1,299.00",
            "priceType": "FROM",
            "value": 1299
          }
        }
      ],
      "price": {
        "currencyIso": "INR",
        "displayformattedValue": "Rs.896.00",
        "formattedValue": "Rs.896.00",
        "priceType": "FROM",
        "value": 896 ,
        "futureListPrice": 599,
        "futureDiscountPercent": 20
      },
      "wishListCreatedDate": 1627319102024,
      "sourceStoreId": "ajio",
      "offerPrice": {
        "currencyIso": "INR",
        "value": 675,
        "formattedValue": "Rs. 675.00",
        "displayformattedValue": "Rs. 675",
        "appliedCoupon": null
      }
    }
  ]
}
