{
  "request": {
    "optionCode": "580007513_red",
    "requestId": "634dbefd-a569-4476-b806-a57c8310fd64",
    "deviceId": null,
    "storeId": null,
    "userId": null
  },
  "catalog": "rilfnlProductCatalog",
  "availableForPickup": false,
  "baseOptions": [
    {
      "options": [
        {
          "code": "580007513_red",
          "color": "red",
          "hsnCode": "6109",
          "modelImage": {
            "altText": "Onllaney l/s test caps",
            "format": "product",
            "galleryIndex": 0,
            "imageType": "PRIMARY",
            "url": "https://assets-uat.ajio.ril.com/medias/sys_master/root/20201016/175414/5f8990eff614b60ff6236c97/-473Wx593H-580007513-red-MODEL.png",
            "width": null
          },
          "priceData": {
            "currencyIso": "INR",
            "displayformattedValue": "Rs. 133",
            "formattedValue": "Rs. 133.00",
            "priceType": "BUY",
            "taxInformation": {
              "priceWithTaxes": {
                "value": 139.65,
                "displayformattedValue": "Rs. 140"
              },
              "taxBreakDown": [
                {
                  "key": "IGST",
                  "value": {
                    "value": 6.65,
                    "displayformattedValue": "Rs. 7"
                  }
                },
                {
                  "key": "CESS",
                  "value": {
                    "value": 0,
                    "displayformattedValue": "Rs. 0"
                  }
                }
              ],
              "totalTaxAmount": {
                "value": 6.65,
                "displayformattedValue": "Rs. 7"
              }
            },
            "value": 133
          },
          "stock": {
            "stockLevelStatus": "inStock",
            "stockLevel": 10
          },
          "variantOptionQualifiers": [
            {
              "name": "Color Description",
              "qualifier": "colordescription",
              "swatchImage": {
                "url": null
              },
              "value": "ColorDescription"
            },
            {
              "name": "Color",
              "qualifier": "color",
              "swatchImage": {
                "url": null
              },
              "value": "red"
            },
            {
              "name": "Exclusive Till",
              "qualifier": "exclusiveTill",
              "swatchImage": {
                "url": null
              },
              "value": null
            }
          ],
          "url": "/ajio-onllaney-l-s-test-caps/p/580007513_red",
          "isReturnable": "true",
          "returnWindow": 0,
          "returnContent": "Return available, exchange unavailable. Return Policies may vary based on products and promotions. For full details on our Returns Policies, please ",
          "attributes": [
            {
              "value": "color",
              "name": "selection1"
            },
            {
              "value": "size",
              "name": "selection2"
            },
            {
              "value": "Fine Jewellery",
              "name": "classDesc"
            },
            {
              "value": "shelfLife,remainingShelfLife,productWt,stoneWt,stone2Wt,stone3Wt,expiryDate,volume,grossWeight,netWeight,fashionGrade,saleShelfLife,uom,metalPrice,diamondPrice,stonePrice,makingCharges,mrpExclGst,metalDiscountedPrice,diamondDiscountedPrice,diamondDiscountedPrice,stoneDiscountedPrice,discountedPriceExclGst,gst,discountedPriceInclGST",
              "name": "skuVisibleAttributes"
            }
          ],
          "wasPriceData": {
            "currencyIso": "INR",
            "displayformattedValue": "Rs. 133",
            "formattedValue": "Rs. 133.00",
            "priceType": "BUY",
            "value": 133
          },
          "delisted": false
        }
      ],
      "selected": {
        "code": "580007513_red",
        "color": "red",
        "hsnCode": "6109",
        "modelImage": {
          "altText": "Onllaney l/s test caps",
          "format": "product",
          "galleryIndex": 0,
          "imageType": "PRIMARY",
          "url": "https://assets-uat.ajio.ril.com/medias/sys_master/root/20201016/175414/5f8990eff614b60ff6236c97/-473Wx593H-580007513-red-MODEL.png",
          "width": null
        },
        "priceData": {
          "currencyIso": "INR",
          "displayformattedValue": "Rs. 133",
          "formattedValue": "Rs. 133.00",
          "priceType": "BUY",
          "taxInformation": {
            "priceWithTaxes": {
              "value": 139.65,
              "displayformattedValue": "Rs. 140"
            },
            "taxBreakDown": [
              {
                "key": "IGST",
                "value": {
                  "value": 6.65,
                  "displayformattedValue": "Rs. 7"
                }
              },
              {
                "key": "CESS",
                "value": {
                  "value": 0,
                  "displayformattedValue": "Rs. 0"
                }
              }
            ],
            "totalTaxAmount": {
              "value": 6.65,
              "displayformattedValue": "Rs. 7"
            }
          },
          "value": 133
        },
        "stock": {
          "stockLevelStatus": "inStock",
          "stockLevel": 10
        },
        "variantOptionQualifiers": [
          {
            "name": "Color Description",
            "qualifier": "colordescription",
            "swatchImage": {
              "url": null
            },
            "value": "ColorDescription"
          },
          {
            "name": "Color",
            "qualifier": "color",
            "swatchImage": {
              "url": null
            },
            "value": "red"
          },
          {
            "name": "Exclusive Till",
            "qualifier": "exclusiveTill",
            "swatchImage": {
              "url": null
            },
            "value": null
          }
        ],
        "url": "/ajio-onllaney-l-s-test-caps/p/580007513_red",
        "isReturnable": "true",
        "returnWindow": 0,
        "returnContent": "Return available, exchange unavailable. Return Policies may vary based on products and promotions. For full details on our Returns Policies, please ",
        "attributes": [
          {
            "value": "color",
            "name": "selection1"
          },
          {
            "value": "size",
            "name": "selection2"
          },
          {
            "value": "Fine Jewellery",
            "name": "classDesc"
          },
          {
            "value": "shelfLife,remainingShelfLife,productWt,stoneWt,stone2Wt,stone3Wt,expiryDate,volume,grossWeight,netWeight,fashionGrade,saleShelfLife,uom,metalPrice,diamondPrice,stonePrice,makingCharges,mrpExclGst,metalDiscountedPrice,diamondDiscountedPrice,diamondDiscountedPrice,stoneDiscountedPrice,discountedPriceExclGst,gst,discountedPriceInclGST",
            "name": "skuVisibleAttributes"
          }
        ],
        "wasPriceData": {
          "currencyIso": "INR",
          "displayformattedValue": "Rs. 133",
          "formattedValue": "Rs. 133.00",
          "priceType": "BUY",
          "value": 133
        },
        "delisted": false
      },
      "variantType": "FnlColorVariant"
    }
  ],
  "baseProduct": "580007513",
  "brickCategory": "Women",
  "brickCode": "830306004",
  "brickName": "Rings",
  "brickSubCategory": "Fine Jewellery",
  "categories": [
    {
      "code": "ajio",
      "url": "/b/ajio"
    },
    {
      "code": "830306004",
      "url": "/women-rings/c/830306004"
    }
  ],
  "code": "580007513_red",
  "couponStatus": "Coupon Applicable",
  "deliveryText": "FREE shipping for orders above 1199. Check For Delivery & COD Availability At Your Pincode",
  "description": "",
  "featureData": [
    {
      "code": "rilfnlClassificationCatalog/1.0/1507.brickstyletype",
      "name": "styleType",
      "range": false,
      "comparable": true,
      "featureValues": [
        {
          "value": "shirts"
        }
      ]
    }
  ],
  "fnlProductData": {
    "country": "IN",
    "priceCluster": "1",
    "pickupAllowed": false,
    "returnWindow": 0,
    "scheduleBCode": "BoughtOutItem",
    "bundleFulfillmentMode": "O1",
    "styleType": "shirts",
    "procurementAllowed": true,
    "giftWrapAllowed": true,
    "season": "0001",
    "productType": "NonHeavy",
    "seasonYear": "2019",
    "tagControlFlag": false,
    "fashionType": "FashionType",
    "taxCode": "TX",
    "toggleOn": "true",
    "shippingAllowed": true,
    "assumeInfiniteInventory": false,
    "planningCategory": "Clothing2",
    "bundlePricingStrategy": "PARENT",
    "soldSeparately": true,
    "productGroups": "Casual",
    "trustMarkerTxt": "secure",
    "codAllowed": true
  },
  "images": [
    {
      "altText": "Onllaney l/s test caps",
      "format": "cartIcon",
      "galleryIndex": 0,
      "imageType": "PRIMARY",
      "url": "https://assets-uat.ajio.ril.com/medias/sys_master/root/20201016/175414/5f8990eff614b60ff6236c9b/-78Wx98H-580007513-red-MODEL.png",
      "width": null
    },
    {
      "altText": "Onllaney l/s test caps",
      "format": "thumbnail",
      "galleryIndex": 0,
      "imageType": "PRIMARY",
      "url": "https://assets-uat.ajio.ril.com/medias/sys_master/root/20201016/175414/5f8990eff614b60ff6236c9b/-78Wx98H-580007513-red-MODEL.png",
      "width": null
    },
    {
      "altText": "Onllaney l/s test caps",
      "format": "mobileProductListingImage",
      "galleryIndex": 0,
      "imageType": "PRIMARY",
      "url": "https://assets-uat.ajio.ril.com/medias/sys_master/root/20201016/175414/5f8990eff614b60ff6236c93/-288Wx360H-580007513-red-MODEL.png",
      "width": null
    },
    {
      "altText": "Onllaney l/s test caps",
      "format": "product",
      "galleryIndex": 0,
      "imageType": "PRIMARY",
      "url": "https://assets-uat.ajio.ril.com/medias/sys_master/root/20201016/175414/5f8990eff614b60ff6236c97/-473Wx593H-580007513-red-MODEL.png",
      "width": null
    },
    {
      "altText": "Onllaney l/s test caps",
      "format": "superZoomPdp",
      "galleryIndex": 0,
      "imageType": "PRIMARY",
      "url": "https://assets-uat.ajio.ril.com/medias/sys_master/root/20201016/175414/5f8990eef614b60ff6236c8b/-1117Wx1400H-580007513-red-MODEL.png",
      "width": null
    },
    {
      "altText": "Onllaney l/s test caps",
      "format": "cartIcon",
      "galleryIndex": 0,
      "imageType": "GALLERY",
      "url": "https://assets-uat.ajio.ril.com/medias/sys_master/root/20201016/175414/5f8990eff614b60ff6236c9b/-78Wx98H-580007513-red-MODEL.png",
      "width": null
    },
    {
      "altText": "Onllaney l/s test caps",
      "format": "thumbnail",
      "galleryIndex": 0,
      "imageType": "GALLERY",
      "url": "https://assets-uat.ajio.ril.com/medias/sys_master/root/20201016/175414/5f8990eff614b60ff6236c9b/-78Wx98H-580007513-red-MODEL.png",
      "width": null
    },
    {
      "altText": "Onllaney l/s test caps",
      "format": "mobileProductListingImage",
      "galleryIndex": 0,
      "imageType": "GALLERY",
      "url": "https://assets-uat.ajio.ril.com/medias/sys_master/root/20201016/175414/5f8990eff614b60ff6236c93/-288Wx360H-580007513-red-MODEL.png",
      "width": null
    },
    {
      "altText": "Onllaney l/s test caps",
      "format": "product",
      "galleryIndex": 0,
      "imageType": "GALLERY",
      "url": "https://assets-uat.ajio.ril.com/medias/sys_master/root/20201016/175414/5f8990eff614b60ff6236c97/-473Wx593H-580007513-red-MODEL.png",
      "width": null
    },
    {
      "altText": "Onllaney l/s test caps",
      "format": "superZoomPdp",
      "galleryIndex": 0,
      "imageType": "GALLERY",
      "url": "https://assets-uat.ajio.ril.com/medias/sys_master/root/20201016/175414/5f8990eef614b60ff6236c8b/-1117Wx1400H-580007513-red-MODEL.png",
      "width": null
    }
  ],
  "isReturnable": true,
  "isShopTheLookAvailable": false,
  "mandatoryInfo": [
    {
      "title": "10",
      "key": "Net Qty"
    },
    {
      "title": "RelianceRetail",
      "key": "Marketed By"
    },
    {
      "title": "RelianceRetail",
      "key": "Imported By"
    },
    {
      "title": "RelianceRetail",
      "key": "Manufactured By"
    },
    {
      "title": "India",
      "key": "Country Of Origin"
    },
    {
      "title": "AJIO, c/o Reliance Retail Limited, SS Plaza, 74/2 Outer Ring Road, 29th Main Road, BTM 1st Stage, BTM Layout, Bangalore 560068, Karnataka, INDIA. Ph. 1800-889-9991, 1800-419-8998. E-mail - customercare@ajio.com",
      "key": "Customer Care Address"
    },
    {
      "title": "Women's Rings",
      "key": "Commodity"
    }
  ],
  "name": "Onllaney l/s test caps",
  "numberOfReviews": 0,
  "pdpFaqLink": "https://www.ajio.com/selfcare",
  "potentialPromotions": [
    {
      "code": "RIL35",
      "description": "Flat 66% off on above 2399 PDP message",
      "detailsURL": "https://uat.services.ajio.com/s/test-1",
      "maxSavingPrice": 45.22,
      "termsLink": "https://www.ajio.com/ajio-own-sale-policy",
      "title": "",
      "showEndTimer": false,
      "endTime": "2021-11-12 18:00:00",
      "serverTime": 1605003665000
    },
    {
      "code": "CHANNELSPECIFIC",
      "description": "ChannelSpecific",
      "detailsURL": "https://uat.services.ajio.com/s/test-1",
      "maxSavingPrice": 66.5,
      "termsLink": "www.ajio.com",
      "title": "ChannelSpecific",
      "showEndTimer": false,
      "endTime": "2029-08-21 16:30:00",
      "serverTime": 1605003665000
    },
    {
      "code": "FIRSTBUY",
      "description": "Avail 20% off on Web for first time users",
      "detailsURL": "https://uat.services.ajio.com/s/test-1",
      "maxSavingPrice": 106.4,
      "termsLink": "https://www.ajio.com/ajio-own-sale-policy",
      "title": "",
      "showEndTimer": false,
      "endTime": "2029-02-11 12:48:00",
      "serverTime": 1605003665000
    },
    {
      "code": "RESHMA1114",
      "description": "WebPDP Get Up To Extra 20% Off on 100 and Above / Get Up To Extra 30% Off on 100 and Above (App) <br><a href=\"/s/more-the-merrier-milafirst-1583838660\">View All Products></a>",
      "detailsURL": "https://uat.services.ajio.com/s/test-1",
      "maxSavingPrice": 106.4,
      "termsLink": "https://www.ajio.com/ajio-own-sale-policy",
      "title": "Title for pdp RESHMA110",
      "showEndTimer": false,
      "endTime": "2029-08-14 18:15:00",
      "serverTime": 1605003665000
    },
    {
      "code": "RIL20",
      "description": "20% off on 200--PDP",
      "detailsURL": "https://uat.services.ajio.com/s/test-1",
      "maxSavingPrice": 106.4,
      "termsLink": "https://www.ajio.com/ajio-own-sale-policy",
      "title": "RIL20",
      "showEndTimer": false,
      "endTime": "2029-05-11 11:24:00",
      "serverTime": 1605003665000
    }
  ],
  "price": {
    "currencyIso": "INR",
    "displayformattedValue": "Rs. 133",
    "formattedValue": "Rs. 133.00",
    "priceType": "BUY",
    "taxInformation": {
      "priceWithTaxes": {
        "value": 139.65,
        "displayformattedValue": "Rs. 140"
      },
      "taxBreakDown": [
        {
          "key": "IGST",
          "value": {
            "value": 6.65,
            "displayformattedValue": "Rs. 7"
          }
        },
        {
          "key": "CESS",
          "value": {
            "value": 0,
            "displayformattedValue": "Rs. 0"
          }
        }
      ],
      "totalTaxAmount": {
        "value": 6.65,
        "displayformattedValue": "Rs. 7"
      }
    },
    "value": 133
  },
  "purchasable": true,
  "qualityAssuranceLogo": "https://assets.ajio.com/medias/sys_master/images/images/h19/h7b/9237131198494.png",
  "qualityAssuranceText": "All AJIO products go through a three stage quality check process wherein we thoroughly inspect Appearance after wash, Button pull strength, Tear strength, Colour fastness and Seam strength.",
  "returnContent": "Return available, exchange unavailable. Return Policies may vary based on products and promotions. For full details on our Returns Policies, please ",
  "returnTitle": "click here",
  "returnUrl": "https://www.ajio.com/return-refund-policy",
  "rilfnlBreadCrumbList": {
    "rilfnlBreadCrumb": [
      {
        "name": "Women",
        "categoryCode": "8303",
        "url": "/women/c/8303"
      },
      {
        "name": "Fine Jewellery",
        "categoryCode": "830306",
        "url": "/women-fine-jewellery/c/830306"
      },
      {
        "name": "Rings",
        "categoryCode": "830306004",
        "url": "/women-rings/c/830306004"
      },
      {
        "name": "Onllaney l/s test caps",
        "url": "/ajio-onllaney-l-s-test-caps/p/580007513",
        "linkClass": "active"
      }
    ]
  },
  "seasonCode": "0001",
  "stock": {
    "stockLevelStatus": "inStock",
    "stockLevel": 10
  },
  "storelinks": true,
  "styleType": "shirts",
  "summary": "",
  "url": "/ajio-onllaney-l-s-test-caps/p/580007513_red",
  "variantOptions": [
    {
      "code": "580007513004",
      "hsnCode": "6109",
      "modelImage": {
        "altText": "Onllaney l/s test caps",
        "format": "product",
        "galleryIndex": 0,
        "imageType": "PRIMARY",
        "url": "https://assets-uat.ajio.ril.com/medias/sys_master/root/20201016/175414/5f8990eff614b60ff6236c97/-473Wx593H-580007513-red-MODEL.png",
        "width": null
      },
      "priceData": {
        "currencyIso": "INR",
        "displayformattedValue": "Rs. 2,800",
        "formattedValue": "Rs. 2,800.00",
        "priceType": "BUY",
        "taxInformation": {
          "priceWithTaxes": {
            "value": 2940,
            "displayformattedValue": "Rs. 2,940"
          },
          "taxBreakDown": [
            {
              "key": "IGST",
              "value": {
                "value": 140,
                "displayformattedValue": "Rs. 140"
              }
            },
            {
              "key": "CESS",
              "value": {
                "value": 0,
                "displayformattedValue": "Rs. 0"
              }
            }
          ],
          "totalTaxAmount": {
            "value": 140,
            "displayformattedValue": "Rs. 140"
          }
        },
        "value": 2800
      },"priceBreakUp": [],
      "stock": {
        "stockLevelStatus": "inStock",
        "stockLevel": 95
      },
      "variantOptionQualifiers": [
        {
          "name": "Color Description",
          "qualifier": "colordescription",
          "swatchImage": null,
          "value": "ColorDescription"
        },
        {
          "name": "Color",
          "qualifier": "color",
          "swatchImage": null,
          "value": "red"
        },
        {
          "name": "Exclusive Till",
          "qualifier": "exclusiveTill",
          "swatchImage": null,
          "value": null
        },
        {
          "name": "Size*",
          "qualifier": "size",
          "swatchImage": null,
          "value": "35"
        },
        {
          "name": "Standard Size*",
          "qualifier": "standardSize",
          "swatchImage": null,
          "value": "35"
        },
        {
          "name": "Sale Shelf Life",
          "qualifier": "saleShelfLife",
          "swatchImage": null,
          "value": "12"
        },
        {
          "name": "Shelf Life",
          "qualifier": "shelfLife",
          "swatchImage": null,
          "value": "1002"
        },
        {
          "name": "Remaining Shelf Life",
          "qualifier": "remainingShelfLife",
          "swatchImage": null,
          "value": "722"
        },
        {
          "name": "Fashion Grade",
          "qualifier": "fashionGrade",
          "swatchImage": null,
          "value": "0002"
        }
      ],
      "url": "/ajio-onllaney-l-s-test-caps/p/580007513004",
      "sizeDisplayType": "BRAND",
      "scDisplaySize": "35",
      "priority": 5,
      "wasPriceData": {
        "currencyIso": "INR",
        "displayformattedValue": "Rs. 2,800",
        "formattedValue": "Rs. 2,800.00",
        "priceType": "BUY",
        "value": 2800
      },
      "mandatoryInfo": [
        {
          "subTitle": "(MRP changes as per size selection)",
          "title": "Rs. 2,800.00 inclusive of all taxes",
          "key": "MRP"
        }
      ],
      "delisted": false
    },
    {
      "code": "580007513002",
      "hsnCode": "6109",
      "modelImage": {
        "altText": "Onllaney l/s test caps",
        "format": "product",
        "galleryIndex": 0,
        "imageType": "PRIMARY",
        "url": "https://assets-uat.ajio.ril.com/medias/sys_master/root/20201016/175414/5f8990eff614b60ff6236c97/-473Wx593H-580007513-red-MODEL.png",
        "width": null
      },
      "priceData": {
        "currencyIso": "INR",
        "displayformattedValue": "Rs. 133",
        "formattedValue": "Rs. 133.00",
        "priceType": "BUY",
        "taxInformation": {
          "priceWithTaxes": {
            "value": 139.65,
            "displayformattedValue": "Rs. 140"
          },
          "taxBreakDown": [
            {
              "key": "IGST",
              "value": {
                "value": 6.65,
                "displayformattedValue": "Rs. 7"
              }
            },
            {
              "key": "CESS",
              "value": {
                "value": 0,
                "displayformattedValue": "Rs. 0"
              }
            }
          ],
          "totalTaxAmount": {
            "value": 6.65,
            "displayformattedValue": "Rs. 7"
          }
        },
        "value": 133
      },
      "priceBreakUp": [
        {
          "name": "Metal Price",
          "label": "Metal",
          "price": "127.12",
          "discountedPrice": "",
          "description": "As applicable - Gold,Silver, Platinum, Other"
        },
        {
          "name": "Diamond Price",
          "label": "Diamond",
          "price": "125.12",
          "discountedPrice": "",
          "description": ""
        },
        {
          "name": "Making Charges",
          "label": "Making Charge",
          "price": "129.12",
          "discountedPrice": "130.12",
          "description": ""
        },
        {
          "name": "Mrp Excl Gst",
          "label": "Subtotal",
          "price": "131.12",
          "discountedPrice": "134.12",
          "description": ""
        },
        {
          "name": "GST",
          "label": "GST",
          "price": "",
          "discountedPrice": "132.12",
          "description": ""
        },
        {
          "name": "Discounted Price Excl Gst",
          "label": "Total",
          "price": "133.0",
          "discountedPrice": "",
          "description": ""
        }
      ],
      "stock": {
        "stockLevelStatus": "inStock",
        "stockLevel": 95
      },
      "variantOptionQualifiers": [
        {
          "name": "Color Description",
          "qualifier": "colordescription",
          "swatchImage": null,
          "value": "ColorDescription"
        },
        {
          "name": "Color",
          "qualifier": "color",
          "swatchImage": null,
          "value": "red"
        },
        {
          "name": "Exclusive Till",
          "qualifier": "exclusiveTill",
          "swatchImage": null,
          "value": null
        },
        {
          "name": "Size*",
          "qualifier": "size",
          "swatchImage": null,
          "value": "35"
        },
        {
          "name": "Standard Size*",
          "qualifier": "standardSize",
          "swatchImage": null,
          "value": "35"
        },
        {
          "name": "Sale Shelf Life",
          "qualifier": "saleShelfLife",
          "swatchImage": null,
          "value": "12"
        },
        {
          "name": "Shelf Life",
          "qualifier": "shelfLife",
          "swatchImage": null,
          "value": "1002"
        },
        {
          "name": "Remaining Shelf Life",
          "qualifier": "remainingShelfLife",
          "swatchImage": null,
          "value": "722"
        },
        {
          "name": "Fashion Grade",
          "qualifier": "fashionGrade",
          "swatchImage": null,
          "value": "0002"
        }
      ],
      "url": "/ajio-onllaney-l-s-test-caps/p/580007513002",
      "sizeDisplayType": "BRAND",
      "scDisplaySize": "35",
      "priority": 5,
      "wasPriceData": {
        "currencyIso": "INR",
        "displayformattedValue": "Rs. 133",
        "formattedValue": "Rs. 133.00",
        "priceType": "BUY",
        "value": 133
      },
      "mandatoryInfo": [
        {
          "subTitle": "(MRP changes as per size selection)",
          "title": "Rs. 133.00 inclusive of all taxes",
          "key": "MRP"
        }
      ],
      "delisted": false
    },
    {
      "code": "580007513001",
      "hsnCode": "6109",
      "modelImage": {
        "altText": "Onllaney l/s test caps",
        "format": "product",
        "galleryIndex": 0,
        "imageType": "PRIMARY",
        "url": "https://assets-uat.ajio.ril.com/medias/sys_master/root/20201016/175414/5f8990eff614b60ff6236c97/-473Wx593H-580007513-red-MODEL.png",
        "width": null
      },
      "priceData": {
        "currencyIso": "INR",
        "displayformattedValue": "Rs. 133",
        "formattedValue": "Rs. 133.00",
        "priceType": "BUY",
        "taxInformation": {
          "priceWithTaxes": {
            "value": 139.65,
            "displayformattedValue": "Rs. 140"
          },
          "taxBreakDown": [
            {
              "key": "IGST",
              "value": {
                "value": 6.65,
                "displayformattedValue": "Rs. 7"
              }
            },
            {
              "key": "CESS",
              "value": {
                "value": 0,
                "displayformattedValue": "Rs. 0"
              }
            }
          ],
          "totalTaxAmount": {
            "value": 6.65,
            "displayformattedValue": "Rs. 7"
          }
        },
        "value": 133
      },
      "stock": {
        "stockLevelStatus": "outOfStock",
        "stockLevel": 0
      },
      "variantOptionQualifiers": [
        {
          "name": "Color Description",
          "qualifier": "colordescription",
          "swatchImage": null,
          "value": "ColorDescription"
        },
        {
          "name": "Color",
          "qualifier": "color",
          "swatchImage": null,
          "value": "red"
        },
        {
          "name": "Exclusive Till",
          "qualifier": "exclusiveTill",
          "swatchImage": null,
          "value": null
        },
        {
          "name": "Size*",
          "qualifier": "size",
          "swatchImage": null,
          "value": "35"
        },
        {
          "name": "Standard Size*",
          "qualifier": "standardSize",
          "swatchImage": null,
          "value": "35"
        },
        {
          "name": "Sale Shelf Life",
          "qualifier": "saleShelfLife",
          "swatchImage": null,
          "value": "12"
        },
        {
          "name": "Shelf Life",
          "qualifier": "shelfLife",
          "swatchImage": null,
          "value": "1002"
        },
        {
          "name": "Remaining Shelf Life",
          "qualifier": "remainingShelfLife",
          "swatchImage": null,
          "value": "722"
        },
        {
          "name": "Fashion Grade",
          "qualifier": "fashionGrade",
          "swatchImage": null,
          "value": "0002"
        }
      ],
      "url": "/ajio-onllaney-l-s-test-caps/p/580007513001",
      "sizeDisplayType": "BRAND",
      "scDisplaySize": "35",
      "priority": 5,
      "wasPriceData": {
        "currencyIso": "INR",
        "displayformattedValue": "Rs. 133",
        "formattedValue": "Rs. 133.00",
        "priceType": "BUY",
        "value": 133
      },
      "mandatoryInfo": [
        {
          "subTitle": "(MRP changes as per size selection)",
          "title": "Rs. 133.00 inclusive of all taxes",
          "key": "MRP"
        }
      ],
      "delisted": false
    }
  ],
  "variantType": "FnlSizeVariant",
  "verticalColor": "red",
  "ourPromise": "We assure the authenticity and quality of our products",
  "brandName": "AJIO",
  "brandCode": "ajio",
  "wasPriceData": {
    "currencyIso": "INR",
    "displayformattedValue": "Rs. 133",
    "formattedValue": "Rs. 133.00",
    "priceType": "BUY",
    "value": 133
  },
  "fnlColorVariantData": {
    "brandName": "AJIO",
    "color": "red",
    "colordescription": "ColorDescription",
    "maxQuantity": 10,
    "catDescription": "<style><!--.fnl-plp-discription a{color:#b19975!important;}.fnl-plp-discription a:hover{text-decoration:underline!important;}--></style>AJIO&rsquo;s magical collection of apparel, <a href=\"/c/830307\">footwear</a> and <a href=\"/s/men-accessories-brands\">accessories</a> has something for everybody! Discover contemporary designs that are fresh-from-the-oven in AJIO&rsquo;s range of stylish menswear, statement making women&rsquo;s wear and cool kidswear.",
    "allPromotions": false,
    "sizeFlag": false,
    "categoryUrl": "/b/ajio",
    "aboutBrandImgUrl": "/_ui/brand-logo/ajio.jpg"
  },
  "isBundleOfferAvailable": false,
  "responseStatus": "INCOMPLETE",
  "serviceErrors": [
    {
      "code": 90126,
      "description": "CATALOG_EXCLUSIVE_TILL_UNAVAILABLE",
      "message": "Exclusive till date not received from catalog engine",
      "severity": "WARNING"
    },
    {
      "code": 90503,
      "description": "",
      "message": "An exception while calling Size chart service",
      "severity": "ERROR"
    }
  ],
  "sourceMap": {
    "PRICE": "Pricing Service",
    "PRODUCT_VIEWS": "N/A",
    "PROMOTION": "Promotion Engine Service",
    "SIZE_CHART": "N/A",
    "BRAND_DETAIL": "Catalog Service(Brand details)",
    "RECENTLY_VIEWED_PRODUCTS": "N/A",
    "INVENTORY": "Promise Service",
    "CATALOG": "Catalog Service",
    "TAX": "Tax Service"
  },
  "experiments": []
}
