{
  "requestID": "8dcb873a-fba8-4293-aed2-cb838e1c1ddf",
  "availableForPickup": false,
  "baseOptions": [
    {
      "options": [
        {
          "code": "460001949_black",
          "color": "BLACK",
          "hsnCode": "6206",
          "modelImage": {
            "altText": "Fit & Flare Dress with Lace Panels",
            "format": "product",
            "galleryIndex": 0,
            "imageType": "PRIMARY",
            "url": "https://assets-uat.ajio.ril.com/medias/sys_master/root/ha2/h35/8938605183006/-473Wx593H-460001949-black-MODEL.jpg",
            "width": null
          },
          "priceData": {
            "currencyIso": "INR",
            "displayformattedValue": "Rs. 3,000",
            "formattedValue": "Rs. 3,000.00",
            "priceType": "FROM",
            "value": 3000
          },
          "stock": {
            "stockLevelStatus": "inStock",
            "stockLevel": 10
          },
          "variantOptionQualifiers": [
            {
              "name": "Color Description",
              "qualifier": "colordescription",
              "swatchImage": {
                "url": "https://assets-uat.ajio.ril.com/medias/sys_master/output/output/h59/h1c/8813959675934/460001949-black-SWATCH.jpg"
              },
              "value": "ColorDescription"
            },
            {
              "name": "Color",
              "qualifier": "color",
              "swatchImage": {
                "url": "https://assets-uat.ajio.ril.com/medias/sys_master/output/output/h59/h1c/8813959675934/460001949-black-SWATCH.jpg"
              },
              "value": "black"
            },
            {
              "name": "Exclusive Till",
              "qualifier": "exclusiveTill",
              "swatchImage": {
                "url": "https://assets-uat.ajio.ril.com/medias/sys_master/output/output/h59/h1c/8813959675934/460001949-black-SWATCH.jpg"
              }
            }
          ],
          "url": "/frendz-doraemon-fit-flare-dress-with-lace-panels/p/460001949_black",
          "wasPriceData": {
            "currencyIso": "INR",
            "displayformattedValue": "Rs. 3,000",
            "formattedValue": "Rs. 3,000.00",
            "priceType": "FROM",
            "value": 3000
          },
          "delisted": false
        }
      ],
      "selected": {
        "code": "460001949_black",
        "color": "BLACK",
        "hsnCode": "6206",
        "modelImage": {
          "altText": "Fit & Flare Dress with Lace Panels",
          "format": "product",
          "galleryIndex": 0,
          "imageType": "PRIMARY",
          "url": "https://assets-uat.ajio.ril.com/medias/sys_master/root/ha2/h35/8938605183006/-473Wx593H-460001949-black-MODEL.jpg",
          "width": null
        },
        "priceData": {
          "currencyIso": "INR",
          "displayformattedValue": "Rs. 3,000",
          "formattedValue": "Rs. 3,000.00",
          "priceType": "FROM",
          "value": 3000
        },
        "stock": {
          "stockLevelStatus": "inStock",
          "stockLevel": 10
        },
        "variantOptionQualifiers": [
          {
            "name": "Color Description",
            "qualifier": "colordescription",
            "swatchImage": {
              "url": "https://assets-uat.ajio.ril.com/medias/sys_master/output/output/h59/h1c/8813959675934/460001949-black-SWATCH.jpg"
            },
            "value": "ColorDescription"
          },
          {
            "name": "Color",
            "qualifier": "color",
            "swatchImage": {
              "url": "https://assets-uat.ajio.ril.com/medias/sys_master/output/output/h59/h1c/8813959675934/460001949-black-SWATCH.jpg"
            },
            "value": "black"
          },
          {
            "name": "Exclusive Till",
            "qualifier": "exclusiveTill",
            "swatchImage": {
              "url": "https://assets-uat.ajio.ril.com/medias/sys_master/output/output/h59/h1c/8813959675934/460001949-black-SWATCH.jpg"
            }
          }
        ],
        "url": "/frendz-doraemon-fit-flare-dress-with-lace-panels/p/460001949_black",
        "wasPriceData": {
          "currencyIso": "INR",
          "displayformattedValue": "Rs. 3,000",
          "formattedValue": "Rs. 3,000.00",
          "priceType": "FROM",
          "value": 3000
        },
        "delisted": false
      },
      "variantType": "FnlColorVariant"
    }
  ],
  "baseProduct": "460001949",
  "brickCategory": "Women",
  "brickCode": "830316012",
  "brickName": "Jackets & Coats",
  "brickSubCategory": "Western Wear",
  "categories": [
    {
      "code": "frendz-doraemon",
      "url": "/b/frendz-doraemon"
    },
    {
      "code": "830316012",
      "url": "/women-jackets-coats/c/830316012"
    }
  ],
  "code": "460001949_black",
  "couponStatus": "Coupon Applicable",
  "deliveryText": "FREE shipping for orders above 1199. Check For Delivery & COD Availability At Your Pincode",
  "description": "",
  "featureData": [
    {
      "code": "rilfnlClassificationCatalog/1.0/2001.verticalsizeformat",
      "name": "sizeFormat",
      "range": false,
      "comparable": true,
      "featureValues": [
        {
          "value": "IN"
        }
      ]
    },
    {
      "code": "rilfnlClassificationCatalog/1.0/1111.brickmodelchestsize",
      "name": "modelChestSize",
      "range": false,
      "comparable": true,
      "featureValues": [
        {
          "value": "34&quot;"
        }
      ]
    },
    {
      "code": "rilfnlClassificationCatalog/1.0/2627.brickstyletype",
      "name": "styleType",
      "range": false,
      "comparable": true,
      "featureValues": [
        {
          "value": "Cardigans"
        }
      ]
    },
    {
      "code": "rilfnlClassificationCatalog/1.0/1111.bricksizedetail",
      "name": "sizeDetail",
      "range": false,
      "comparable": true,
      "featureValues": [
        {
          "value": "Fits true to standard size on the model"
        }
      ]
    },
    {
      "code": "rilfnlClassificationCatalog/1.0/2001.verticalsizegroup",
      "name": "sizeGroup",
      "range": false,
      "comparable": true,
      "featureValues": [
        {
          "value": "Regular"
        }
      ]
    },
    {
      "code": "rilfnlClassificationCatalog/1.0/2627.bricklength",
      "name": "length",
      "range": false,
      "comparable": true,
      "featureValues": [
        {
          "value": "Short"
        }
      ]
    },
    {
      "code": "rilfnlClassificationCatalog/1.0/1111.brickmodelheight",
      "name": "modelHeight",
      "range": false,
      "comparable": true,
      "featureValues": [
        {
          "value": "5'11&quot;"
        }
      ]
    },
    {
      "code": "rilfnlClassificationCatalog/1.0/2005.verticalsizewornbymodel",
      "name": "sizeWornByModel",
      "range": false,
      "comparable": true,
      "featureValues": [
        {
          "value": "Small"
        }
      ]
    },
    {
      "code": "rilfnlClassificationCatalog/1.0/2627.brickneckline",
      "name": "neckline",
      "range": false,
      "comparable": true,
      "featureValues": [
        {
          "value": "Crew"
        }
      ]
    },
    {
      "code": "rilfnlClassificationCatalog/1.0/2003.verticalfabricdetail",
      "name": "fabricDetail",
      "range": false,
      "comparable": true,
      "featureValues": [
        {
          "value": "Poly georgette"
        }
      ]
    },
    {
      "code": "rilfnlClassificationCatalog/1.0/2004.verticalwashcare",
      "name": "washCare",
      "range": false,
      "comparable": true,
      "featureValues": [
        {
          "value": "Machine Wash cold3"
        }
      ]
    }
  ],
  "fnlProductData": {
    "country": "IN",
    "priceCluster": "1",
    "pickupAllowed": false,
    "returnWindow": 0,
    "scheduleBCode": "BoughtOutItem",
    "bundleFulfillmentMode": "O1",
    "styleType": "Cardigans",
    "procurementAllowed": true,
    "giftWrapAllowed": true,
    "season": "CSFL",
    "productType": "NonHeavy",
    "seasonYear": "2015",
    "tagControlFlag": false,
    "fashionType": "FashionType",
    "taxCode": "V4",
    "toggleOn": "TOGGLE_ON_MODEL",
    "shippingAllowed": true,
    "assumeInfiniteInventory": false,
    "planningCategory": "ACCESSORIES",
    "bundlePricingStrategy": "PARENT",
    "soldSeparately": true,
    "productGroups": "CASUAL",
    "codAllowed": false
  },
  "images": [
    {
      "altText": "Fit & Flare Dress with Lace Panels",
      "format": "cartIcon",
      "galleryIndex": 0,
      "imageType": "PRIMARY",
      "url": "https://assets-uat.ajio.ril.com/medias/sys_master/root/he0/h8a/8938605051934/-78Wx98H-460001949-black-MODEL.jpg",
      "width": null
    },
    {
      "altText": "Fit & Flare Dress with Lace Panels",
      "format": "thumbnail",
      "galleryIndex": 0,
      "imageType": "PRIMARY",
      "url": "https://assets-uat.ajio.ril.com/medias/sys_master/root/he0/h8a/8938605051934/-78Wx98H-460001949-black-MODEL.jpg",
      "width": null
    },
    {
      "altText": "Fit & Flare Dress with Lace Panels",
      "format": "mobileProductListingImage",
      "galleryIndex": 0,
      "imageType": "PRIMARY",
      "url": "https://assets-uat.ajio.ril.com/medias/sys_master/root/h9d/h72/8938605576222/-288Wx360H-460001949-black-MODEL.jpg",
      "width": null
    },
    {
      "altText": "Fit & Flare Dress with Lace Panels",
      "format": "product",
      "galleryIndex": 0,
      "imageType": "PRIMARY",
      "url": "https://assets-uat.ajio.ril.com/medias/sys_master/root/ha2/h35/8938605183006/-473Wx593H-460001949-black-MODEL.jpg",
      "width": null
    },
    {
      "altText": "Fit & Flare Dress with Lace Panels",
      "format": "superZoomPdp",
      "galleryIndex": 0,
      "imageType": "PRIMARY",
      "url": "https://assets-uat.ajio.ril.com/medias/sys_master/root/h7a/h1f/8938606034974/-1117Wx1400H-460001949-black-MODEL.jpg",
      "width": null
    },
    {
      "altText": "Fit & Flare Dress with Lace Panels",
      "format": "cartIcon",
      "galleryIndex": 0,
      "imageType": "GALLERY",
      "url": "https://assets-uat.ajio.ril.com/medias/sys_master/root/he0/h8a/8938605051934/-78Wx98H-460001949-black-MODEL.jpg",
      "width": null
    },
    {
      "altText": "Fit & Flare Dress with Lace Panels",
      "format": "thumbnail",
      "galleryIndex": 0,
      "imageType": "GALLERY",
      "url": "https://assets-uat.ajio.ril.com/medias/sys_master/root/he0/h8a/8938605051934/-78Wx98H-460001949-black-MODEL.jpg",
      "width": null
    },
    {
      "altText": "Fit & Flare Dress with Lace Panels",
      "format": "mobileProductListingImage",
      "galleryIndex": 0,
      "imageType": "GALLERY",
      "url": "https://assets-uat.ajio.ril.com/medias/sys_master/root/h9d/h72/8938605576222/-288Wx360H-460001949-black-MODEL.jpg",
      "width": null
    },
    {
      "altText": "Fit & Flare Dress with Lace Panels",
      "format": "product",
      "galleryIndex": 0,
      "imageType": "GALLERY",
      "url": "https://assets-uat.ajio.ril.com/medias/sys_master/root/ha2/h35/8938605183006/-473Wx593H-460001949-black-MODEL.jpg",
      "width": null
    },
    {
      "altText": "Fit & Flare Dress with Lace Panels",
      "format": "superZoomPdp",
      "galleryIndex": 0,
      "imageType": "GALLERY",
      "url": "https://assets-uat.ajio.ril.com/medias/sys_master/root/h7a/h1f/8938606034974/-1117Wx1400H-460001949-black-MODEL.jpg",
      "width": null
    },
    {
      "altText": "Fit & Flare Dress with Lace Panels",
      "format": "cartIcon",
      "galleryIndex": 2,
      "imageType": "GALLERY",
      "url": "https://assets-uat.ajio.ril.com/medias/sys_master/root/he2/h57/8938602496030/-78Wx98H-460001949-black-MODEL2.jpg",
      "width": null
    },
    {
      "altText": "Fit & Flare Dress with Lace Panels",
      "format": "thumbnail",
      "galleryIndex": 2,
      "imageType": "GALLERY",
      "url": "https://assets-uat.ajio.ril.com/medias/sys_master/root/he2/h57/8938602496030/-78Wx98H-460001949-black-MODEL2.jpg",
      "width": null
    },
    {
      "altText": "Fit & Flare Dress with Lace Panels",
      "format": "product",
      "galleryIndex": 2,
      "imageType": "GALLERY",
      "url": "https://assets-uat.ajio.ril.com/medias/sys_master/root/h2e/h24/8938602561566/-473Wx593H-460001949-black-MODEL2.jpg",
      "width": null
    },
    {
      "altText": "Fit & Flare Dress with Lace Panels",
      "format": "superZoomPdp",
      "galleryIndex": 2,
      "imageType": "GALLERY",
      "url": "https://assets-uat.ajio.ril.com/medias/sys_master/root/h0f/h8d/8938602627102/-1117Wx1400H-460001949-black-MODEL2.jpg",
      "width": null
    },
    {
      "altText": "Fit & Flare Dress with Lace Panels",
      "format": "cartIcon",
      "galleryIndex": 3,
      "imageType": "GALLERY",
      "url": "https://assets-uat.ajio.ril.com/medias/sys_master/root/h78/ha7/8938602168350/-78Wx98H-460001949-black-MODEL3.jpg",
      "width": null
    },
    {
      "altText": "Fit & Flare Dress with Lace Panels",
      "format": "thumbnail",
      "galleryIndex": 3,
      "imageType": "GALLERY",
      "url": "https://assets-uat.ajio.ril.com/medias/sys_master/root/h78/ha7/8938602168350/-78Wx98H-460001949-black-MODEL3.jpg",
      "width": null
    },
    {
      "altText": "Fit & Flare Dress with Lace Panels",
      "format": "product",
      "galleryIndex": 3,
      "imageType": "GALLERY",
      "url": "https://assets-uat.ajio.ril.com/medias/sys_master/root/h66/h2b/8938602233886/-473Wx593H-460001949-black-MODEL3.jpg",
      "width": null
    },
    {
      "altText": "Fit & Flare Dress with Lace Panels",
      "format": "superZoomPdp",
      "galleryIndex": 3,
      "imageType": "GALLERY",
      "url": "https://assets-uat.ajio.ril.com/medias/sys_master/root/hc0/h15/8938602299422/-1117Wx1400H-460001949-black-MODEL3.jpg",
      "width": null
    },
    {
      "altText": "Fit & Flare Dress with Lace Panels",
      "format": "cartIcon",
      "galleryIndex": 4,
      "imageType": "GALLERY",
      "url": "https://assets-uat.ajio.ril.com/medias/sys_master/root/hd7/h62/8938602823710/-78Wx98H-460001949-black-MODEL4.jpg",
      "width": null
    },
    {
      "altText": "Fit & Flare Dress with Lace Panels",
      "format": "thumbnail",
      "galleryIndex": 4,
      "imageType": "GALLERY",
      "url": "https://assets-uat.ajio.ril.com/medias/sys_master/root/hd7/h62/8938602823710/-78Wx98H-460001949-black-MODEL4.jpg",
      "width": null
    },
    {
      "altText": "Fit & Flare Dress with Lace Panels",
      "format": "product",
      "galleryIndex": 4,
      "imageType": "GALLERY",
      "url": "https://assets-uat.ajio.ril.com/medias/sys_master/root/h2c/h97/8938602889246/-473Wx593H-460001949-black-MODEL4.jpg",
      "width": null
    },
    {
      "altText": "Fit & Flare Dress with Lace Panels",
      "format": "superZoomPdp",
      "galleryIndex": 4,
      "imageType": "GALLERY",
      "url": "https://assets-uat.ajio.ril.com/medias/sys_master/root/hcb/h18/8938602954782/-1117Wx1400H-460001949-black-MODEL4.jpg",
      "width": null
    },
    {
      "altText": "Fit & Flare Dress with Lace Panels",
      "format": "cartIcon",
      "galleryIndex": 5,
      "imageType": "GALLERY",
      "url": "https://assets-uat.ajio.ril.com/medias/sys_master/root/he1/h46/8938603151390/-78Wx98H-460001949-black-MODEL5.jpg",
      "width": null
    },
    {
      "altText": "Fit & Flare Dress with Lace Panels",
      "format": "thumbnail",
      "galleryIndex": 5,
      "imageType": "GALLERY",
      "url": "https://assets-uat.ajio.ril.com/medias/sys_master/root/he1/h46/8938603151390/-78Wx98H-460001949-black-MODEL5.jpg",
      "width": null
    },
    {
      "altText": "Fit & Flare Dress with Lace Panels",
      "format": "product",
      "galleryIndex": 5,
      "imageType": "GALLERY",
      "url": "https://assets-uat.ajio.ril.com/medias/sys_master/root/h15/h8e/8938603216926/-473Wx593H-460001949-black-MODEL5.jpg",
      "width": null
    },
    {
      "altText": "Fit & Flare Dress with Lace Panels",
      "format": "superZoomPdp",
      "galleryIndex": 5,
      "imageType": "GALLERY",
      "url": "https://assets-uat.ajio.ril.com/medias/sys_master/root/hd6/h4a/8938603282462/-1117Wx1400H-460001949-black-MODEL5.jpg",
      "width": null
    },
    {
      "altText": "Fit & Flare Dress with Lace Panels",
      "format": "cartIcon",
      "galleryIndex": 6,
      "imageType": "GALLERY",
      "url": "https://assets-uat.ajio.ril.com/medias/sys_master/root/h28/h00/8938601840670/-78Wx98H-460001949-black-MODEL6.jpg",
      "width": null
    },
    {
      "altText": "Fit & Flare Dress with Lace Panels",
      "format": "thumbnail",
      "galleryIndex": 6,
      "imageType": "GALLERY",
      "url": "https://assets-uat.ajio.ril.com/medias/sys_master/root/h28/h00/8938601840670/-78Wx98H-460001949-black-MODEL6.jpg",
      "width": null
    },
    {
      "altText": "Fit & Flare Dress with Lace Panels",
      "format": "product",
      "galleryIndex": 6,
      "imageType": "GALLERY",
      "url": "https://assets-uat.ajio.ril.com/medias/sys_master/root/h67/h66/8938601906206/-473Wx593H-460001949-black-MODEL6.jpg",
      "width": null
    },
    {
      "altText": "Fit & Flare Dress with Lace Panels",
      "format": "superZoomPdp",
      "galleryIndex": 6,
      "imageType": "GALLERY",
      "url": "https://assets-uat.ajio.ril.com/medias/sys_master/root/h8e/h91/8938601971742/-1117Wx1400H-460001949-black-MODEL6.jpg",
      "width": null
    },
    {
      "altText": "Fit & Flare Dress with Lace Panels",
      "format": "cartIcon",
      "galleryIndex": 20,
      "imageType": "GALLERY",
      "url": "https://assets-uat.ajio.ril.com/medias/sys_master/root/h8b/h0b/8938603675678/-78Wx98H-460001949-black-OUTFIT.jpg",
      "width": null
    },
    {
      "altText": "Fit & Flare Dress with Lace Panels",
      "format": "thumbnail",
      "galleryIndex": 20,
      "imageType": "GALLERY",
      "url": "https://assets-uat.ajio.ril.com/medias/sys_master/root/h8b/h0b/8938603675678/-78Wx98H-460001949-black-OUTFIT.jpg",
      "width": null
    },
    {
      "altText": "Fit & Flare Dress with Lace Panels",
      "format": "mobileProductListingImage",
      "galleryIndex": 20,
      "imageType": "GALLERY",
      "url": "https://assets-uat.ajio.ril.com/medias/sys_master/root/h55/h74/8938604199966/-288Wx360H-460001949-black-OUTFIT.jpg",
      "width": null
    },
    {
      "altText": "Fit & Flare Dress with Lace Panels",
      "format": "product",
      "galleryIndex": 20,
      "imageType": "GALLERY",
      "url": "https://assets-uat.ajio.ril.com/medias/sys_master/root/hcd/hf2/8938603806750/-473Wx593H-460001949-black-OUTFIT.jpg",
      "width": null
    },
    {
      "altText": "Fit & Flare Dress with Lace Panels",
      "format": "superZoomPdp",
      "galleryIndex": 20,
      "imageType": "GALLERY",
      "url": "https://assets-uat.ajio.ril.com/medias/sys_master/root/h23/h57/8938604658718/-1117Wx1400H-460001949-black-OUTFIT.jpg",
      "width": null
    }
  ],
  "isReturnable": true,
  "isShopTheLookAvailable": false,
  "mandatoryInfo": [
    {
      "title": "AJIO, c/o Reliance Retail Limited, SS Plaza, 74/2 Outer Ring Road, 29th Main Road, BTM 1st Stage, BTM Layout, Bangalore 560068, Karnataka, INDIA. Ph. 1800-889-9991, 1800-419-8998. E-mail - customercare@ajio.com",
      "key": "Customer Care Address"
    },
    {
      "title": "Women's Jackets & Coats",
      "key": "Commodity"
    }
  ],
  "name": "Fit & Flare Dress with Lace Panels",
  "numberOfReviews": 0,
  "pdpFaqLink": "https://www.ajio.com/selfcare",
  "potentialPromotions": [
    {
      "code": "RESHMA110",
      "description": "Flat 34% off on for everyone <a href=\"https://uat.services.ajio.com/s/test-Abinash\">View All Products</a>",
      "detailsURL": "https://uat.services.ajio.com/s/test-Abinash ",
      "maxSavingPrice": 0,
      "termsLink": "https://www.ajio.com/ajio-own-sale-policy",
      "title": "title"
    },
    {
      "code": "RRA007",
      "description": "Get Up To 30% Off Extra On ₹3790 & Above View Products>.HDFC Cards - 10% Cashback*",
      "maxSavingPrice": 300,
      "termsLink": "T&C|TC",
      "title": "RRA007"
    },
    {
      "code": "99p",
      "maxSavingPrice": 300,
      "termsLink": "T&C|null"
    },
    {
      "code": "GRAB500",
      "description": " Flat 500 Off On 1690 & Above. <a href=\"/login\"> view all products</a>",
      "detailsURL": "https://uat.services.ajio.com/c/83",
      "maxSavingPrice": 0,
      "termsLink": "T&C|/ajio-own-sale-policy",
      "title": "Use Code GRAB500"
    },
    {
      "code": "CHL007",
      "description": "PDP description",
      "maxSavingPrice": 0,
      "termsLink": "T&C|TC",
      "title": "CHL007"
    },
    {
      "code": "EXTRA200",
      "description": "extra200",
      "detailsURL": "www.ajio.com/extra200",
      "maxSavingPrice": 2100,
      "termsLink": "T&C|null",
      "title": "extra200"
    },
    {
      "code": "SHUBHFIRSTBUY",
      "description": "Applicable to New users",
      "detailsURL": "/c/83",
      "maxSavingPrice": 0,
      "termsLink": "T&C|https://uat.services.ajio.com/ajio-own-sale-policy",
      "title": "New007"
    },
    {
      "code": "RESHMA111",
      "description": "WebPDP Get Up To Extra 20% Off on 100 and Above / Get Up To Extra 30% Off on 100 and Above (App) <br><a href=\"/s/more-the-merrier-milafirst-1583838660\">View All Products></a>",
      "detailsURL": "https://uat.services.ajio.com/s/ajio-baby-test",
      "maxSavingPrice": 2400,
      "termsLink": "https://www.ajio.com/ajio-own-sale-policy",
      "title": "Title for pdp RESHMA110"
    },
    {
      "code": "DEVTESTPROMO",
      "description": "Buy 2 get 40% off pdp message",
      "detailsURL": "https://uat.services.ajio.com/s/ajio-baby-test",
      "maxSavingPrice": 1800,
      "termsLink": "https://www.ajio.com/ajio-own-sale-policy",
      "title": ""
    },
    {
      "code": "SERIALVOUCHERCOUNT",
      "description": "SERIALVOUCHERCOUNT",
      "detailsURL": "https://uat2.services.ajio.com/s/test-Abinash",
      "maxSavingPrice": 2400,
      "termsLink": "https://www.ajio.com/ajio-own-sale-policy",
      "title": ""
    },
    {
      "code": "FIRSTBUY",
      "description": "Avail 20% off on Web for first time users",
      "detailsURL": "https://uat2.services.ajio.com/s/test-Abinash",
      "maxSavingPrice": 2400,
      "termsLink": "AXsasxcas",
      "title": ""
    },
    {
      "code": "EXCLUDEPLTVOUCHER",
      "description": "ExcludePLTVoucher",
      "detailsURL": "https://uat2.services.ajio.com/s/test-Abinash",
      "maxSavingPrice": 2100,
      "termsLink": "AXsasxcas",
      "title": ""
    },
    {
      "code": "TOTALQUANTITYPERUSER",
      "description": "TOTALQUANTITYPERUSER",
      "detailsURL": "https://uat2.services.ajio.com/s/test-Abinash",
      "maxSavingPrice": 2100,
      "termsLink": "AXsasxcas",
      "title": ""
    },
    {
      "code": "RSY30",
      "description": "PDP-40% Off On purchase of INR.300 on WEB",
      "detailsURL": "https://www.ajio.com/s/update-your-style-3773-54652",
      "maxSavingPrice": 1800,
      "termsLink": "https://www.ajio.com/ajio-own-sale-policy",
      "title": "RSY"
    },
    {
      "code": "RILDROPSHIP",
      "description": "PDP-40% Off On purchase of INR.1500 on WEB",
      "detailsURL": "https://www.ajio.com/s/test-Abinash",
      "maxSavingPrice": 1800,
      "termsLink": "https://www.ajio.com/ajio-own-sale-policy",
      "title": "Use Code<br>RILDROPSHIP"
    },
    {
      "code": "CHANNELSPECIFIC",
      "description": "ChannelSpecific",
      "detailsURL": "https://uat.services.ajio.com/s/test-Abinash",
      "maxSavingPrice": 1500,
      "termsLink": "www.ajio.com",
      "title": "ChannelSpecific"
    },
    {
      "code": "RIL35",
      "description": "Flat 66% off on above 2399 PDP message",
      "detailsURL": "https://www.ajio.com/s/update-your-style-3773-54652",
      "maxSavingPrice": 1020,
      "termsLink": "https://www.ajio.com/ajio-own-sale-policy",
      "title": ""
    },
    {
      "code": "TESTRE1",
      "description": "99% off on cart value 50--  PDP",
      "detailsURL": "https://uat.services.ajio.com/s/ajio-baby-test",
      "maxSavingPrice": 30,
      "termsLink": "https://www.ajio.com/ajio-own-sale-policy",
      "title": "Items at Re 1"
    }
  ],
  "price": {
    "currencyIso": "INR",
    "displayformattedValue": "Rs. 3,000",
    "formattedValue": "Rs. 3,000.00",
    "priceType": "FROM",
    "value": 3000
  },
  "purchasable": true,
  "qualityAssuranceLogo": "https://assets.ajio.com/medias/sys_master/images/images/h19/h7b/9237131198494.png",
  "qualityAssuranceText": "All AJIO products go through a three stage quality check process wherein we thoroughly inspect Appearance after wash, Button pull strength, Tear strength, Colour fastness and Seam strength.",
  "returnContent": "This product is returnable. For details, please read our ",
  "returnTitle": "Returns Policy",
  "returnUrl": "https://www.ajio.com/return-refund-policy",
  "rilfnlBreadCrumbList": {
    "rilfnlBreadCrumb": [
      {
        "name": "Women",
        "categoryCode": "8303",
        "url": "/women/c/8303"
      },
      {
        "name": "Western Wear",
        "categoryCode": "830316",
        "url": "/women-western-wear/c/830316"
      },
      {
        "name": "Jackets & Coats",
        "categoryCode": "830316012",
        "url": "/women-jackets-coats/c/830316012"
      },
      {
        "name": "Fit & Flare Dress with Lace Panels",
        "url": "/frendz-doraemon-fit-flare-dress-with-lace-panels/p/460001949",
        "linkClass": "active"
      }
    ]
  },
  "seasonCode": "CSFL",
  "stock": {
    "stockLevelStatus": "inStock",
    "stockLevel": 10
  },
  "storelinks": true,
  "styleType": "Cardigans",
  "summary": "",
  "url": "/frendz-doraemon-fit-flare-dress-with-lace-panels/p/460001949_black",
  "variantOptions": [
    {
      "code": "460001949001",
      "hsnCode": "6206",
      "modelImage": {
        "altText": "Fit & Flare Dress with Lace Panels",
        "format": "product",
        "galleryIndex": 0,
        "imageType": "PRIMARY",
        "url": "https://assets-uat.ajio.ril.com/medias/sys_master/root/ha2/h35/8938605183006/-473Wx593H-460001949-black-MODEL.jpg",
        "width": null
      },
      "priceData": {
        "currencyIso": "INR",
        "displayformattedValue": "Rs. 3,079",
        "formattedValue": "Rs. 3,079.00",
        "priceType": "BUY",
        "value": 3079,
        "deal": {
          "dealType": "DEAL_OF_THE_DAY",
          "dealPrice": 3799,
          "dealPercentage": 5,
          "premiumDealStartTime": 1588754220000,
          "actualDealStartTime": 1588754220000,
          "dealEndTime": 1591050657000,
          "dealCode": "106",
          "isDealEnabled": true,
          "isSoldOut": false
        }
      },
      "stock": {
        "stockLevelStatus": "inStock",
        "stockLevel": 5
      },
      "variantOptionQualifiers": [
        {
          "name": "Color Description",
          "qualifier": "colordescription",
          "value": "ColorDescription"
        },
        {
          "name": "Color",
          "qualifier": "color",
          "value": "black"
        },
        {
          "name": "Exclusive Till",
          "qualifier": "exclusiveTill"
        },
        {
          "name": "Size*",
          "qualifier": "size",
          "value": "XS"
        },
        {
          "name": "Standard Size*",
          "qualifier": "standardSize",
          "value": "XS"
        }
      ],
      "url": "/frendz-doraemon-fit-flare-dress-with-lace-panels/p/460001949001",
      "wasPriceData": {
        "currencyIso": "INR",
        "displayformattedValue": "Rs. 3,999",
        "formattedValue": "Rs. 3,999.00",
        "priceType": "BUY",
        "value": 3999
      },
      "mandatoryInfo": [
        {
          "subTitle": "(MRP changes as per size selection)",
          "title": "Rs. 3,999.00 inclusive of all taxes",
          "key": "MRP"
        }
      ],
      "delisted": false
    },
    {
      "code": "460001949002",
      "hsnCode": "6206",
      "modelImage": {
        "altText": "Fit & Flare Dress with Lace Panels",
        "format": "product",
        "galleryIndex": 0,
        "imageType": "PRIMARY",
        "url": "https://assets-uat.ajio.ril.com/medias/sys_master/root/ha2/h35/8938605183006/-473Wx593H-460001949-black-MODEL.jpg",
        "width": null
      },
      "priceData": {
        "currencyIso": "INR",
        "displayformattedValue": "Rs. 3,999",
        "formattedValue": "Rs. 3,999.00",
        "priceType": "BUY",
        "value": 3999,
        "deal": {
          "dealType": "DEAL_OF_THE_DAY",
          "dealPrice": 3799,
          "dealPercentage": 5,
          "premiumDealStartTime": 1588754220000,
          "actualDealStartTime": 1588754220000,
          "dealEndTime": 1588928795000,
          "dealCode": "106",
          "dealEnabled": false,
          "soldOut": true
        }
      },
      "stock": {
        "stockLevelStatus": "outOfStock",
        "stockLevel": 0
      },
      "variantOptionQualifiers": [
        {
          "name": "Color Description",
          "qualifier": "colordescription",
          "value": "ColorDescription"
        },
        {
          "name": "Color",
          "qualifier": "color",
          "value": "black"
        },
        {
          "name": "Exclusive Till",
          "qualifier": "exclusiveTill"
        },
        {
          "name": "Size*",
          "qualifier": "size",
          "value": "S"
        },
        {
          "name": "Standard Size*",
          "qualifier": "standardSize",
          "value": "S"
        }
      ],
      "url": "/frendz-doraemon-fit-flare-dress-with-lace-panels/p/460001949002",
      "wasPriceData": {
        "currencyIso": "INR",
        "displayformattedValue": "Rs. 3,999",
        "formattedValue": "Rs. 3,999.00",
        "priceType": "BUY",
        "value": 3999
      },
      "mandatoryInfo": [
        {
          "subTitle": "(MRP changes as per size selection)",
          "title": "Rs. 3,999.00 inclusive of all taxes",
          "key": "MRP"
        }
      ],
      "delisted": false
    },
    {
      "code": "460001949003",
      "hsnCode": "6206",
      "modelImage": {
        "altText": "Fit & Flare Dress with Lace Panels",
        "format": "product",
        "galleryIndex": 0,
        "imageType": "PRIMARY",
        "url": "https://assets-uat.ajio.ril.com/medias/sys_master/root/ha2/h35/8938605183006/-473Wx593H-460001949-black-MODEL.jpg",
        "width": null
      },
      "priceData": {
        "currencyIso": "INR",
        "displayformattedValue": "Rs. 3,999",
        "formattedValue": "Rs. 3,999.00",
        "priceType": "BUY",
        "value": 3999,
        "deal": {
          "dealType": "DEAL_OF_THE_DAY",
          "dealPrice": 3799,
          "dealPercentage": 5,
          "premiumDealStartTime": 1588754220000,
          "actualDealStartTime": 1588754220000,
          "dealEndTime": 1589222220000,
          "dealCode": "106",
          "dealEnabled": false,
          "soldOut": true
        }
      },
      "stock": {
        "stockLevelStatus": "outOfStock",
        "stockLevel": 0
      },
      "variantOptionQualifiers": [
        {
          "name": "Color Description",
          "qualifier": "colordescription",
          "value": "ColorDescription"
        },
        {
          "name": "Color",
          "qualifier": "color",
          "value": "black"
        },
        {
          "name": "Exclusive Till",
          "qualifier": "exclusiveTill"
        },
        {
          "name": "Size*",
          "qualifier": "size",
          "value": "M"
        },
        {
          "name": "Standard Size*",
          "qualifier": "standardSize",
          "value": "M"
        }
      ],
      "url": "/frendz-doraemon-fit-flare-dress-with-lace-panels/p/460001949003",
      "wasPriceData": {
        "currencyIso": "INR",
        "displayformattedValue": "Rs. 3,999",
        "formattedValue": "Rs. 3,999.00",
        "priceType": "BUY",
        "value": 3999
      },
      "mandatoryInfo": [
        {
          "subTitle": "(MRP changes as per size selection)",
          "title": "Rs. 3,999.00 inclusive of all taxes",
          "key": "MRP"
        }
      ],
      "delisted": false
    },
    {
      "code": "460001949004",
      "hsnCode": "6206",
      "modelImage": {
        "altText": "Fit & Flare Dress with Lace Panels",
        "format": "product",
        "galleryIndex": 0,
        "imageType": "PRIMARY",
        "url": "https://assets-uat.ajio.ril.com/medias/sys_master/root/ha2/h35/8938605183006/-473Wx593H-460001949-black-MODEL.jpg",
        "width": null
      },
      "priceData": {
        "currencyIso": "INR",
        "displayformattedValue": "Rs. 3,999",
        "formattedValue": "Rs. 3,999.00",
        "priceType": "BUY",
        "deal": {
          "dealType": "DEAL_OF_THE_DAY",
          "dealPrice": 3799,
          "dealPercentage": 5,
          "premiumDealStartTime": 1588754220000,
          "actualDealStartTime": 1588754220000,
          "dealEndTime": 1589222220000,
          "dealCode": "106",
          "dealEnabled": false,
          "soldOut": true
        },
        "value": 3999
      },
      "stock": {
        "stockLevelStatus": "inStock",
        "stockLevel": 4724
      },
      "variantOptionQualifiers": [
        {
          "name": "Color Description",
          "qualifier": "colordescription",
          "value": "ColorDescription"
        },
        {
          "name": "Color",
          "qualifier": "color",
          "value": "black"
        },
        {
          "name": "Exclusive Till",
          "qualifier": "exclusiveTill"
        },
        {
          "name": "Size*",
          "qualifier": "size",
          "value": "L"
        },
        {
          "name": "Standard Size*",
          "qualifier": "standardSize",
          "value": "L"
        }
      ],
      "url": "/frendz-doraemon-fit-flare-dress-with-lace-panels/p/460001949004",
      "wasPriceData": {
        "currencyIso": "INR",
        "displayformattedValue": "Rs. 3,999",
        "formattedValue": "Rs. 3,999.00",
        "priceType": "BUY",
        "value": 3999
      },
      "mandatoryInfo": [
        {
          "subTitle": "(MRP changes as per size selection)",
          "title": "Rs. 3,999.00 inclusive of all taxes",
          "key": "MRP"
        }
      ],
      "delisted": false
    },
    {
      "code": "460001949005",
      "hsnCode": "6206",
      "modelImage": {
        "altText": "Fit & Flare Dress with Lace Panels",
        "format": "product",
        "galleryIndex": 0,
        "imageType": "PRIMARY",
        "url": "https://assets-uat.ajio.ril.com/medias/sys_master/root/ha2/h35/8938605183006/-473Wx593H-460001949-black-MODEL.jpg",
        "width": null
      },
      "priceData": {
        "currencyIso": "INR",
        "displayformattedValue": "Rs. 3,999",
        "formattedValue": "Rs. 3,999.00",
        "priceType": "BUY",
        "deal": {
          "dealType": "DEAL_OF_THE_DAY",
          "dealPrice": 3799,
          "dealPercentage": 5,
          "premiumDealStartTime": 1588754220000,
          "actualDealStartTime": 1588754220000,
          "dealEndTime": 1589222220000,
          "dealCode": "106",
          "dealEnabled": false,
          "soldOut": true
        },
        "value": 3999
      },
      "stock": {
        "stockLevelStatus": "inStock",
        "stockLevel": 209
      },
      "variantOptionQualifiers": [
        {
          "name": "Color Description",
          "qualifier": "colordescription",
          "value": "ColorDescription"
        },
        {
          "name": "Color",
          "qualifier": "color",
          "value": "black"
        },
        {
          "name": "Exclusive Till",
          "qualifier": "exclusiveTill"
        },
        {
          "name": "Size*",
          "qualifier": "size",
          "value": "XL"
        },
        {
          "name": "Standard Size*",
          "qualifier": "standardSize",
          "value": "XL"
        }
      ],
      "url": "/frendz-doraemon-fit-flare-dress-with-lace-panels/p/460001949005",
      "wasPriceData": {
        "currencyIso": "INR",
        "displayformattedValue": "Rs. 3,999",
        "formattedValue": "Rs. 3,999.00",
        "priceType": "BUY",
        "value": 3999
      },
      "mandatoryInfo": [
        {
          "subTitle": "(MRP changes as per size selection)",
          "title": "Rs. 3,999.00 inclusive of all taxes",
          "key": "MRP"
        }
      ],
      "delisted": false
    },
    {
      "code": "460001949006",
      "hsnCode": "6206",
      "modelImage": {
        "altText": "Fit & Flare Dress with Lace Panels",
        "format": "product",
        "galleryIndex": 0,
        "imageType": "PRIMARY",
        "url": "https://assets-uat.ajio.ril.com/medias/sys_master/root/ha2/h35/8938605183006/-473Wx593H-460001949-black-MODEL.jpg",
        "width": null
      },
      "priceData": {
        "currencyIso": "INR",
        "displayformattedValue": "Rs. 3,999",
        "formattedValue": "Rs. 3,999.00",
        "priceType": "BUY",
        "deal": {
          "dealType": "DEAL_OF_THE_DAY",
          "dealPrice": 3799,
          "dealPercentage": 5,
          "premiumDealStartTime": 1588754220000,
          "actualDealStartTime": 1588754220000,
          "dealEndTime": 1589222220000,
          "dealCode": "106",
          "dealEnabled": false,
          "soldOut": true
        },
        "value": 3999
      },
      "stock": {
        "stockLevelStatus": "inStock",
        "stockLevel": 835
      },
      "variantOptionQualifiers": [
        {
          "name": "Color Description",
          "qualifier": "colordescription",
          "value": "ColorDescription"
        },
        {
          "name": "Color",
          "qualifier": "color",
          "value": "black"
        },
        {
          "name": "Exclusive Till",
          "qualifier": "exclusiveTill"
        },
        {
          "name": "Size*",
          "qualifier": "size",
          "value": "XXL"
        },
        {
          "name": "Standard Size*",
          "qualifier": "standardSize",
          "value": "XXL"
        }
      ],
      "url": "/frendz-doraemon-fit-flare-dress-with-lace-panels/p/460001949006",
      "wasPriceData": {
        "currencyIso": "INR",
        "displayformattedValue": "Rs. 3,999",
        "formattedValue": "Rs. 3,999.00",
        "priceType": "BUY",
        "value": 3999
      },
      "mandatoryInfo": [
        {
          "subTitle": "(MRP changes as per size selection)",
          "title": "Rs. 3,999.00 inclusive of all taxes",
          "key": "MRP"
        }
      ],
      "delisted": false
    },
    {
      "code": "460001949007",
      "hsnCode": "6206",
      "modelImage": {
        "altText": "Fit & Flare Dress with Lace Panels",
        "format": "product",
        "galleryIndex": 0,
        "imageType": "PRIMARY",
        "url": "https://assets-uat.ajio.ril.com/medias/sys_master/root/ha2/h35/8938605183006/-473Wx593H-460001949-black-MODEL.jpg",
        "width": null
      },
      "priceData": {
        "currencyIso": "INR",
        "displayformattedValue": "Rs. 3,999",
        "formattedValue": "Rs. 3,999.00",
        "priceType": "BUY",
        "deal": {
          "dealType": "DEAL_OF_THE_DAY",
          "dealPrice": 3799,
          "dealPercentage": 5,
          "premiumDealStartTime": 1588754220000,
          "actualDealStartTime": 1588754220000,
          "dealEndTime": 1589222220000,
          "dealCode": "106",
          "dealEnabled": false,
          "soldOut": true
        },
        "value": 3999
      },
      "stock": {
        "stockLevelStatus": "inStock",
        "stockLevel": 797
      },
      "variantOptionQualifiers": [
        {
          "name": "Color Description",
          "qualifier": "colordescription",
          "value": "ColorDescription"
        },
        {
          "name": "Color",
          "qualifier": "color",
          "value": "black"
        },
        {
          "name": "Exclusive Till",
          "qualifier": "exclusiveTill"
        },
        {
          "name": "Size*",
          "qualifier": "size",
          "value": "XXXL"
        },
        {
          "name": "Standard Size*",
          "qualifier": "standardSize",
          "value": "XXXL"
        }
      ],
      "url": "/frendz-doraemon-fit-flare-dress-with-lace-panels/p/460001949007",
      "wasPriceData": {
        "currencyIso": "INR",
        "displayformattedValue": "Rs. 3,999",
        "formattedValue": "Rs. 3,999.00",
        "priceType": "BUY",
        "value": 3999
      },
      "mandatoryInfo": [
        {
          "subTitle": "(MRP changes as per size selection)",
          "title": "Rs. 3,999.00 inclusive of all taxes",
          "key": "MRP"
        }
      ],
      "delisted": false
    },
    {
      "code": "460001949067",
      "hsnCode": "6206",
      "modelImage": {
        "altText": "Fit & Flare Dress with Lace Panels",
        "format": "product",
        "galleryIndex": 0,
        "imageType": "PRIMARY",
        "url": "https://assets-uat.ajio.ril.com/medias/sys_master/root/ha2/h35/8938605183006/-473Wx593H-460001949-black-MODEL.jpg",
        "width": null
      },
      "priceData": {
        "currencyIso": "INR",
        "displayformattedValue": "Rs. 3,000",
        "formattedValue": "Rs. 3,000.00",
        "priceType": "BUY",
        "deal": {
          "dealType": "DEAL_OF_THE_DAY",
          "dealPrice": 3799,
          "dealPercentage": 5,
          "premiumDealStartTime": 1588754220000,
          "actualDealStartTime": 1588754220000,
          "dealEndTime": 1588932396000,
          "dealCode": "106",
          "dealEnabled": false,
          "soldOut": true
        },
        "value": 3000
      },
      "stock": {
        "stockLevelStatus": "outOfStock",
        "stockLevel": 0
      },
      "variantOptionQualifiers": [
        {
          "name": "Color Description",
          "qualifier": "colordescription",
          "value": "ColorDescription"
        },
        {
          "name": "Color",
          "qualifier": "color",
          "value": "black"
        },
        {
          "name": "Exclusive Till",
          "qualifier": "exclusiveTill"
        },
        {
          "name": "Size*",
          "qualifier": "size",
          "value": "3XL"
        },
        {
          "name": "Standard Size*",
          "qualifier": "standardSize",
          "value": "3XL"
        }
      ],
      "url": "/frendz-doraemon-fit-flare-dress-with-lace-panels/p/460001949067",
      "wasPriceData": {
        "currencyIso": "INR",
        "displayformattedValue": "Rs. 3,000",
        "formattedValue": "Rs. 3,000.00",
        "priceType": "BUY",
        "value": 3000
      },
      "mandatoryInfo": [
        {
          "subTitle": "(MRP changes as per size selection)",
          "title": "Rs. 3,000.00 inclusive of all taxes",
          "key": "MRP"
        }
      ],
      "delisted": false
    },
    {
      "code": "460001949008",
      "hsnCode": "6206",
      "modelImage": {
        "altText": "Fit & Flare Dress with Lace Panels",
        "format": "product",
        "galleryIndex": 0,
        "imageType": "PRIMARY",
        "url": "https://assets-uat.ajio.ril.com/medias/sys_master/root/ha2/h35/8938605183006/-473Wx593H-460001949-black-MODEL.jpg",
        "width": null
      },
      "priceData": {
        "currencyIso": "INR",
        "displayformattedValue": "Rs. 3,999",
        "formattedValue": "Rs. 3,999.00",
        "priceType": "BUY",
        "deal": {
          "dealType": "DEAL_OF_THE_DAY",
          "dealPrice": 3799,
          "dealPercentage": 5,
          "premiumDealStartTime": 1588754220000,
          "actualDealStartTime": 1588754220000,
          "dealEndTime": 1588932396000,
          "dealCode": "106",
          "dealEnabled": false,
          "soldOut": true
        },
        "value": 3999
      },
      "stock": {
        "stockLevelStatus": "outOfStock",
        "stockLevel": 0
      },
      "variantOptionQualifiers": [
        {
          "name": "Color Description",
          "qualifier": "colordescription",
          "value": "ColorDescription"
        },
        {
          "name": "Color",
          "qualifier": "color",
          "value": "black"
        },
        {
          "name": "Exclusive Till",
          "qualifier": "exclusiveTill"
        },
        {
          "name": "Size*",
          "qualifier": "size",
          "value": "4XL"
        },
        {
          "name": "Standard Size*",
          "qualifier": "standardSize",
          "value": "4XL"
        }
      ],
      "url": "/frendz-doraemon-fit-flare-dress-with-lace-panels/p/460001949008",
      "wasPriceData": {
        "currencyIso": "INR",
        "displayformattedValue": "Rs. 3,999",
        "formattedValue": "Rs. 3,999.00",
        "priceType": "BUY",
        "value": 3999
      },
      "mandatoryInfo": [
        {
          "subTitle": "(MRP changes as per size selection)",
          "title": "Rs. 3,999.00 inclusive of all taxes",
          "key": "MRP"
        }
      ],
      "delisted": false
    }
  ],
  "variantType": "FnlSizeVariant",
  "verticalColor": "Black",
  "ourPromise": "We assure the authenticity and quality of our products",
  "brandName": "FRENDZ DORAEMON",
  "brandCode": "frendz-doraemon",
  "wasPriceData": {
    "currencyIso": "INR",
    "displayformattedValue": "Rs. 3,000",
    "formattedValue": "Rs. 3,000.00",
    "priceType": "FROM",
    "value": 3000
  },
  "fnlColorVariantData": {
    "brandName": "FRENDZ DORAEMON",
    "color": "Black",
    "colordescription": "ColorDescription",
    "maxQuantity": 10,
    "allPromotions": false,
    "sizeFlag": false,
    "categoryUrl": "/b/frendz-doraemon",
    "aboutBrandImgUrl": "/_ui/brand-logo/frendz-doraemon.jpg",
    "sizeGuideDesktop": "{\n  \"applicationName\": \"RILFNL-AJIO\",\n  \"brickCode\": \"830316012\",\n  \"brandCode\": \"frendz-doraemon\",\n  \"vendorCode\": \"\",\n  \"fittingType\": \"Regular Fit\",\n  \"styleType\": \"Cardigans\",\n  \"sizechart\": [\n    {\n      \"measurementType\": \"Body Measurement\",\n      \"brandLogo\": \"36\",\n      \"gender\": \"24\",\n      \"brickName\": \"36\",\n      \"brandName\": \"25\",\n      \"specialDescription\": \"abc\",\n      \"tips\": \"If you dont find an exact match, go for the next size\",\n      \"howToMeasureImage1Url\": \"abc32\",\n      \"howToMeasureImage2Url\": \"IMAGEURL007S\",\n      \"measurementUnit\": \"abc46\",\n      \"sizeGuideMeasurementUnit\": \"abc\",\n      \"brickBrandSizes\": [\n        {\n          \"sizeName\": \"S\",\n          \"sizePriority\": \"1\",\n          \"showToolTip\": \"abc\",\n          \"description\": \"24\",\n          \"toolTipTitle\": \"sizeGuide_Tshirt\",\n          \"sizeChartAttributes\": [\n            {\n              \"attributeName\": \"Bust_attribute\",\n              \"attributeValue\": \"37.5\",\n              \"convertedAttributeValue\": \"37.5\"\n            },\n            {\n              \"attributeName\": \"Waist_attribute\",\n              \"attributeValue\": \"37.5\",\n              \"convertedAttributeValue\": \"37.5\"\n            },\n            {\n              \"attributeName\": \"Hips_attribute\",\n              \"attributeValue\": \"abc\",\n              \"convertedAttributeValue\": \"abc\"\n            }\n          ],\n          \"sizeChartInternationalConversions\": [],\n          \"sizeChartBrandComparisions\": []\n        }\n      ]\n    }\n  ],\n  \"message\": \"GET_BRICK_BRAND_SIZE_CHART_CONFIG_SUCCESS\",\n  \"errorDesc\": \"\",\n  \"errorList\": [],\n  \"status\": {\n    \"statusCode\": 0\n  }\n}",
    "sizeGuideServiceUrl": "/sg/app?sizeChartUrl=830316012/frendz-doraemon/%20/Regular%20Fit/",
    "sizeGuideUrl": "/sg/app?sizeChartUrl=830316012/frendz-doraemon/%20/Regular%20Fit/",
    "sizeToolTip": "[\n  {\n    \"SIZE_NAME\": \"S\",\n    \"Show_Tool_Tip\": \"abc\",\n    \"DESCRIPTION\": \"24\",\n    \"TOOLTIP_TITLE\": \"sizeGuide_Tshirt\",\n    \"Waist_attribute\": \"37.5\",\n    \"Bust_attribute\": \"37.5\",\n    \"Hips_attribute\": \"abc\",\n    \"MEASUREMENT_TYPE\": \"Body Measurement\",\n    \"GENDER\": \"24\",\n    \"MEASUREMENT_UNIT\": \"abc46\"\n  }\n]"
  },
  "isBundleOfferAvailable": false,
  "responseStatus": "INCOMPLETE",
  "serviceErrors": [
    {
      "code": 90126,
      "description": "CATALOG_EXCLUSIVE_TILL_UNAVAILABLE",
      "message": "Exclusive till date not received from catalog engine",
      "severity": "WARNING"
    },
    {
      "code": 90703,
      "description": "NOT_FOUND, com.ril.vms.deadpool.exceptions.ResourceNotFoundException: resource with id frendz-doraemon not found",
      "message": "An occurred exception while getting Brand details",
      "severity": "ERROR"
    }
  ],
  "sourceMap": {
    "INVENTORY": "Promise Service",
    "PRICE": "Pricing Service",
    "TAX": "N/A",
    "SIZE_CHART": "Sizechart service",
    "PROMOTION": "Promotion Service (Hybris)",
    "CATALOG": "Catalog Service",
    "BRAND_DETAIL": "N/A"
  },
  "experiments": []
}
