{
  "returnDetails": [
    {
      "deliveryAddress": {
        "defaultAddress": false,
        "district": "Bangalore",
        "firstName": "sdfsdf",
        "landmark": "sff",
        "lastName": "sgsdf",
        "line1": "fsdgs",
        "line2": "",
        "phone": "8727482374",
        "postalCode": "560078",
        "shippingAddress": false,
        "state": "Karnataka",
        "town": "wewe",
        "visibleInAddressBook": false
      },
      "returnOrderCode": "FL00188003",
      "returnConsignmentCode": "TEST-FL00188003",
      "returnRequestCode": "RT00008000",
      "selfShipReturn": false,
      "isReturnonHold": true,
      "refundInitiateDate": "2020-03-25T14:56:35.118+05:30",
      "returnPickupDate": "2020-03-17T14:56:35.118+05:30",
      "returnVerificationDate": "2020-03-17T14:56:35.118+05:30",
      "returnRefundType": "Store Credit",
      "refundAtDoorstepMessages": [
        {
          "key": "isRefundAtDoorstep",
          "value": "Refund initiated by : 25-03-2020"
        }
      ],
      "returnEntries": [
        {
          "returnedQty": 1,
          "productCode": "440633183010",
          "reason": "Wrong Item Shipped",
          "subReason": "Wrong Color Delivered",
          "returnOrderEntry": {
            "basePrice": {
              "currencyIso": "INR",
              "displayformattedValue": "Rs.450",
              "formattedValue": "Rs.450.00",
              "priceType": "BUY",
              "value": 450
            },
            "entryNumber": 0,
            "entryStatus": "RETURN_INITIATED",
            "entryStatusDisplay": "RETURN INITIATED",
            "isBundleOfferApplicable": false,
            "multiItemPromoAmt": 0,
            "product": {
              "baseOptions": [
                {
                  "selected": {
                    "code": "440633183010",
                    "url": "/slim-fit-trousers-with-belt/p/440633183010",
                    "variantOptionQualifiers": [
                      {
                        "name": "Capsule ID",
                        "qualifier": "capsuleID",
                        "value": ""
                      },
                      {
                        "name": "Color",
                        "qualifier": "color",
                        "value": "OFF WHITE"
                      },
                      {
                        "name": "Color Description",
                        "qualifier": "colordescription",
                        "value": "ColorDescription"
                      },
                      {
                        "name": "Size*",
                        "qualifier": "size",
                        "value": "S"
                      },
                      {
                        "name": "Exclusive Till",
                        "qualifier": "exclusiveTill",
                        "value": ""
                      },
                      {
                        "qualifier": "standardSize",
                        "value": ""
                      }
                    ]
                  },
                  "variantType": "FnlSizeVariant"
                },
                {
                  "selected": {
                    "code": "440633183_blue",
                    "url": "/slim-fit-trousers-with-belt/p/440633183_blue",
                    "variantOptionQualifiers": [
                      {
                        "name": "Capsule ID",
                        "qualifier": "capsuleID",
                        "value": ""
                      },
                      {
                        "name": "Color Description",
                        "qualifier": "colordescription",
                        "value": "ColorDescription"
                      },
                      {
                        "name": "Exclusive Till",
                        "qualifier": "exclusiveTill",
                        "value": ""
                      },
                      {
                        "name": "Color",
                        "qualifier": "color",
                        "value": "BLUE"
                      }
                    ]
                  },
                  "variantType": "FnlColorVariant"
                }
              ],
              "baseProduct": "440633183_blue",
              "code": "440633183010",
              "couponStatus": "Coupon Applicable",
              "images": [
                {
                  "altText": "CHANDERI, OFF WHITE, S",
                  "format": "product",
                  "imageType": "PRIMARY",
                  "url": "/medias/-288Wx360H-440633146-black-MODEL?context=bWFzdGVyfHJvb3R8Mjg1MTd8aW1hZ2UvanBlZ3xoNjcvaGYwLzg4MDIxODg2NTY2NzAuanBnfDQ1NmExODU2MDg2MmMyMjJmMjk1NjVhNzQ0NzU5MjVhYThmNzRjMGNhYzlmMjI5YWY0NjFkYTIxMGM2M2E3YzM"
                },
                {
                  "altText": "CHANDERI, OFF WHITE, S",
                  "format": "mobileProductListingImage",
                  "imageType": "PRIMARY",
                  "url": "/medias/-288Wx360H-440633146-black-MODEL?context=bWFzdGVyfHJvb3R8Mjg1MTd8aW1hZ2UvanBlZ3xoNjcvaGYwLzg4MDIxODg2NTY2NzAuanBnfDQ1NmExODU2MDg2MmMyMjJmMjk1NjVhNzQ0NzU5MjVhYThmNzRjMGNhYzlmMjI5YWY0NjFkYTIxMGM2M2E3YzM"
                },
                {
                  "altText": "CHANDERI, OFF WHITE, S",
                  "format": "cartIcon",
                  "imageType": "PRIMARY",
                  "url": "/medias/-78Wx98H-440633146-black-MODEL?context=bWFzdGVyfHJvb3R8NTI5MHxpbWFnZS9qcGVnfGhjZi9oNzAvODgwMjE4ODAwMTMxMC5qcGd8MmUwOGE5NmI3OGI1NDI5MDA0YzA5OTIxMzNmODZlZmE0ODA3MTFkYTUwODQyOWFmMTJlOTZkYWM0NjQ2MTY2NQ"
                },
                {
                  "altText": "CHANDERI, OFF WHITE, S",
                  "format": "thumbnail",
                  "imageType": "PRIMARY",
                  "url": "/medias/-78Wx98H-440633146-black-MODEL?context=bWFzdGVyfHJvb3R8NTI5MHxpbWFnZS9qcGVnfGhjZi9oNzAvODgwMjE4ODAwMTMxMC5qcGd8MmUwOGE5NmI3OGI1NDI5MDA0YzA5OTIxMzNmODZlZmE0ODA3MTFkYTUwODQyOWFmMTJlOTZkYWM0NjQ2MTY2NQ"
                }
              ],
              "name": "Slim-Fit Trousers with Belt",
              "purchasable": false,
              "url": "/slim-fit-trousers-with-belt/p/440633183010"
            },
            "quantity": 10,
            "totalPrice": {
              "currencyIso": "INR",
              "displayformattedValue": "Rs.4,500",
              "formattedValue": "Rs.4,500.00",
              "priceType": "BUY",
              "value": 4500
            }
          }
        },
        {
          "returnedQty": 1,
          "productCode": "440610177027",
          "reason": "Wrong Item Shipped",
          "subReason": "Others (please give details)",
          "returnOrderEntry": {
            "basePrice": {
              "currencyIso": "INR",
              "displayformattedValue": "Rs.450",
              "formattedValue": "Rs.450.00",
              "priceType": "BUY",
              "value": 450
            },
            "entryNumber": 1,
            "entryStatus": "PARTIALLY_RETURNED",
            "entryStatusDisplay": "PARTIAL RETURN INITIATED",
            "isBundleOfferApplicable": false,
            "product": {
              "baseOptions": [
                {
                  "selected": {
                    "code": "440610177027",
                    "url": "/siyahi-embroidered-kurta/p/440610177027",
                    "variantOptionQualifiers": [
                      {
                        "name": "Capsule ID",
                        "qualifier": "capsuleID",
                        "value": ""
                      },
                      {
                        "name": "Color",
                        "qualifier": "color",
                        "value": "MUSTARD"
                      },
                      {
                        "name": "Color Description",
                        "qualifier": "colordescription",
                        "value": "ColorDescription"
                      },
                      {
                        "name": "Size*",
                        "qualifier": "size",
                        "value": "S"
                      },
                      {
                        "name": "Exclusive Till",
                        "qualifier": "exclusiveTill",
                        "value": ""
                      },
                      {
                        "qualifier": "standardSize",
                        "value": ""
                      }
                    ]
                  },
                  "variantType": "FnlSizeVariant"
                },
                {
                  "selected": {
                    "code": "440610177_mustard",
                    "url": "/siyahi-embroidered-kurta/p/440610177_mustard",
                    "variantOptionQualifiers": [
                      {
                        "name": "Capsule ID",
                        "qualifier": "capsuleID",
                        "value": ""
                      },
                      {
                        "name": "Color Description",
                        "qualifier": "colordescription",
                        "value": "ColorDescription"
                      },
                      {
                        "name": "Exclusive Till",
                        "qualifier": "exclusiveTill",
                        "value": ""
                      },
                      {
                        "name": "Color",
                        "qualifier": "color",
                        "value": "MUSTARD"
                      }
                    ]
                  },
                  "variantType": "FnlColorVariant"
                }
              ],
              "baseProduct": "440610177_mustard",
              "brandName": "Kurtas",
              "code": "440610177027",
              "couponStatus": "Coupon Applicable",
              "images": [
                {
                  "altText": "Embroidered Kurta",
                  "format": "product",
                  "imageType": "PRIMARY",
                  "url": "/medias/-288Wx360H-440610177-mustard-MODEL?context=bWFzdGVyfHJvb3R8MjUxNTh8aW1hZ2UvanBlZ3xoODUvaDEzLzg3OTk3MTU3MjEyNDYuanBnfDUzNDkzODE3MTJlYmRmYTlhN2YwOWZmYmFjNGZlN2I4MzYyMTc3ZDQzZmQ5MzRiMTk4NGJjNTg4N2ZjNzY4Y2Q"
                },
                {
                  "altText": "Embroidered Kurta",
                  "format": "mobileProductListingImage",
                  "imageType": "PRIMARY",
                  "url": "/medias/-288Wx360H-440610177-mustard-MODEL?context=bWFzdGVyfHJvb3R8MjUxNTh8aW1hZ2UvanBlZ3xoODUvaDEzLzg3OTk3MTU3MjEyNDYuanBnfDUzNDkzODE3MTJlYmRmYTlhN2YwOWZmYmFjNGZlN2I4MzYyMTc3ZDQzZmQ5MzRiMTk4NGJjNTg4N2ZjNzY4Y2Q"
                },
                {
                  "altText": "Embroidered Kurta",
                  "format": "cartIcon",
                  "imageType": "PRIMARY",
                  "url": "/medias/-78Wx98H-440610177-mustard-MODEL?context=bWFzdGVyfHJvb3R8NDU1NHxpbWFnZS9qcGVnfGgxNS9oZmEvODc5OTcxNTA2NTg4Ni5qcGd8N2U2NzFlZDIwYTYzNDNjZmFhYTIxNzRmN2Q3YTYwMDM0YjMxMzcwZDJkMzg1M2MzOGJjZWY3MjU5OGJjOGI5Yw"
                },
                {
                  "altText": "Embroidered Kurta",
                  "format": "thumbnail",
                  "imageType": "PRIMARY",
                  "url": "/medias/-78Wx98H-440610177-mustard-MODEL?context=bWFzdGVyfHJvb3R8NDU1NHxpbWFnZS9qcGVnfGgxNS9oZmEvODc5OTcxNTA2NTg4Ni5qcGd8N2U2NzFlZDIwYTYzNDNjZmFhYTIxNzRmN2Q3YTYwMDM0YjMxMzcwZDJkMzg1M2MzOGJjZWY3MjU5OGJjOGI5Yw"
                }
              ],
              "name": "Embroidered Kurta",
              "price": {
                "currencyIso": "INR",
                "displayformattedValue": "Rs.599",
                "formattedValue": "Rs.599.00",
                "priceType": "BUY",
                "value": 599
              },
              "purchasable": true,
              "url": "/siyahi-embroidered-kurta/p/440610177027",
              "wasPriceData": {
                "currencyIso": "INR",
                "displayformattedValue": "Rs.599",
                "formattedValue": "Rs.599.00",
                "priceType": "BUY",
                "value": 599
              }
            },
            "quantity": 10,
            "totalPrice": {
              "currencyIso": "INR",
              "displayformattedValue": "Rs.4,500",
              "formattedValue": "Rs.4,500.00",
              "priceType": "BUY",
              "value": 4500
            }
          }
        }
      ]
    },{
      "deliveryAddress": {
        "defaultAddress": false,
        "district": "Bangalore",
        "firstName": "sdfsdf",
        "landmark": "sff",
        "lastName": "sgsdf",
        "line1": "fsdgs",
        "line2": "",
        "phone": "8727482374",
        "postalCode": "560078",
        "shippingAddress": false,
        "state": "Karnataka",
        "town": "wewe",
        "visibleInAddressBook": false
      },
      "returnOrderCode": "FL00188003",
      "returnConsignmentCode": "TEST-FL00188003",
      "returnRequestCode": "RT00008000",
      "selfShipReturn": false,
      "isReturnonHold": false,
      "refundInitiateDate": "2020-03-25T14:56:35.118+05:30",
      "returnPickupDate": "2020-03-17T14:56:35.118+05:30",
      "returnVerificationDate": "2020-03-17T14:56:35.118+05:30",
      "returnRefundType": "Store Credit",
      "refundAtDoorstepMessages": [
        {
          "key": "isRefundAtDoorstep",
          "value": "Refund initiated by : 25-03-2020"
        }
      ],
      "returnEntries": [
        {
          "returnedQty": 1,
          "productCode": "440633183010",
          "reason": "Wrong Item Shipped",
          "subReason": "Wrong Color Delivered",
          "returnOrderEntry": {
            "basePrice": {
              "currencyIso": "INR",
              "displayformattedValue": "Rs.450",
              "formattedValue": "Rs.450.00",
              "priceType": "BUY",
              "value": 450
            },
            "entryNumber": 0,
            "entryStatus": "RETURN_INITIATED",
            "entryStatusDisplay": "RETURN INITIATED",
            "isBundleOfferApplicable": false,
            "multiItemPromoAmt": 0,
            "product": {
              "baseOptions": [
                {
                  "selected": {
                    "code": "440633183010",
                    "url": "/slim-fit-trousers-with-belt/p/440633183010",
                    "variantOptionQualifiers": [
                      {
                        "name": "Capsule ID",
                        "qualifier": "capsuleID",
                        "value": ""
                      },
                      {
                        "name": "Color",
                        "qualifier": "color",
                        "value": "OFF WHITE"
                      },
                      {
                        "name": "Color Description",
                        "qualifier": "colordescription",
                        "value": "ColorDescription"
                      },
                      {
                        "name": "Size*",
                        "qualifier": "size",
                        "value": "S"
                      },
                      {
                        "name": "Exclusive Till",
                        "qualifier": "exclusiveTill",
                        "value": ""
                      },
                      {
                        "qualifier": "standardSize",
                        "value": ""
                      }
                    ]
                  },
                  "variantType": "FnlSizeVariant"
                },
                {
                  "selected": {
                    "code": "440633183_blue",
                    "url": "/slim-fit-trousers-with-belt/p/440633183_blue",
                    "variantOptionQualifiers": [
                      {
                        "name": "Capsule ID",
                        "qualifier": "capsuleID",
                        "value": ""
                      },
                      {
                        "name": "Color Description",
                        "qualifier": "colordescription",
                        "value": "ColorDescription"
                      },
                      {
                        "name": "Exclusive Till",
                        "qualifier": "exclusiveTill",
                        "value": ""
                      },
                      {
                        "name": "Color",
                        "qualifier": "color",
                        "value": "BLUE"
                      }
                    ]
                  },
                  "variantType": "FnlColorVariant"
                }
              ],
              "baseProduct": "440633183_blue",
              "code": "440633183010",
              "couponStatus": "Coupon Applicable",
              "images": [
                {
                  "altText": "CHANDERI, OFF WHITE, S",
                  "format": "product",
                  "imageType": "PRIMARY",
                  "url": "/medias/-288Wx360H-440633146-black-MODEL?context=bWFzdGVyfHJvb3R8Mjg1MTd8aW1hZ2UvanBlZ3xoNjcvaGYwLzg4MDIxODg2NTY2NzAuanBnfDQ1NmExODU2MDg2MmMyMjJmMjk1NjVhNzQ0NzU5MjVhYThmNzRjMGNhYzlmMjI5YWY0NjFkYTIxMGM2M2E3YzM"
                },
                {
                  "altText": "CHANDERI, OFF WHITE, S",
                  "format": "mobileProductListingImage",
                  "imageType": "PRIMARY",
                  "url": "/medias/-288Wx360H-440633146-black-MODEL?context=bWFzdGVyfHJvb3R8Mjg1MTd8aW1hZ2UvanBlZ3xoNjcvaGYwLzg4MDIxODg2NTY2NzAuanBnfDQ1NmExODU2MDg2MmMyMjJmMjk1NjVhNzQ0NzU5MjVhYThmNzRjMGNhYzlmMjI5YWY0NjFkYTIxMGM2M2E3YzM"
                },
                {
                  "altText": "CHANDERI, OFF WHITE, S",
                  "format": "cartIcon",
                  "imageType": "PRIMARY",
                  "url": "/medias/-78Wx98H-440633146-black-MODEL?context=bWFzdGVyfHJvb3R8NTI5MHxpbWFnZS9qcGVnfGhjZi9oNzAvODgwMjE4ODAwMTMxMC5qcGd8MmUwOGE5NmI3OGI1NDI5MDA0YzA5OTIxMzNmODZlZmE0ODA3MTFkYTUwODQyOWFmMTJlOTZkYWM0NjQ2MTY2NQ"
                },
                {
                  "altText": "CHANDERI, OFF WHITE, S",
                  "format": "thumbnail",
                  "imageType": "PRIMARY",
                  "url": "/medias/-78Wx98H-440633146-black-MODEL?context=bWFzdGVyfHJvb3R8NTI5MHxpbWFnZS9qcGVnfGhjZi9oNzAvODgwMjE4ODAwMTMxMC5qcGd8MmUwOGE5NmI3OGI1NDI5MDA0YzA5OTIxMzNmODZlZmE0ODA3MTFkYTUwODQyOWFmMTJlOTZkYWM0NjQ2MTY2NQ"
                }
              ],
              "name": "Slim-Fit Trousers with Belt",
              "purchasable": false,
              "url": "/slim-fit-trousers-with-belt/p/440633183010"
            },
            "quantity": 10,
            "totalPrice": {
              "currencyIso": "INR",
              "displayformattedValue": "Rs.4,500",
              "formattedValue": "Rs.4,500.00",
              "priceType": "BUY",
              "value": 4500
            }
          }
        },
        {
          "returnedQty": 1,
          "productCode": "440610177027",
          "reason": "Wrong Item Shipped",
          "subReason": "Others (please give details)",
          "returnOrderEntry": {
            "basePrice": {
              "currencyIso": "INR",
              "displayformattedValue": "Rs.450",
              "formattedValue": "Rs.450.00",
              "priceType": "BUY",
              "value": 450
            },
            "entryNumber": 1,
            "entryStatus": "PARTIALLY_RETURNED",
            "entryStatusDisplay": "PARTIAL RETURN INITIATED",
            "isBundleOfferApplicable": false,
            "product": {
              "baseOptions": [
                {
                  "selected": {
                    "code": "440610177027",
                    "url": "/siyahi-embroidered-kurta/p/440610177027",
                    "variantOptionQualifiers": [
                      {
                        "name": "Capsule ID",
                        "qualifier": "capsuleID",
                        "value": ""
                      },
                      {
                        "name": "Color",
                        "qualifier": "color",
                        "value": "MUSTARD"
                      },
                      {
                        "name": "Color Description",
                        "qualifier": "colordescription",
                        "value": "ColorDescription"
                      },
                      {
                        "name": "Size*",
                        "qualifier": "size",
                        "value": "S"
                      },
                      {
                        "name": "Exclusive Till",
                        "qualifier": "exclusiveTill",
                        "value": ""
                      },
                      {
                        "qualifier": "standardSize",
                        "value": ""
                      }
                    ]
                  },
                  "variantType": "FnlSizeVariant"
                },
                {
                  "selected": {
                    "code": "440610177_mustard",
                    "url": "/siyahi-embroidered-kurta/p/440610177_mustard",
                    "variantOptionQualifiers": [
                      {
                        "name": "Capsule ID",
                        "qualifier": "capsuleID",
                        "value": ""
                      },
                      {
                        "name": "Color Description",
                        "qualifier": "colordescription",
                        "value": "ColorDescription"
                      },
                      {
                        "name": "Exclusive Till",
                        "qualifier": "exclusiveTill",
                        "value": ""
                      },
                      {
                        "name": "Color",
                        "qualifier": "color",
                        "value": "MUSTARD"
                      }
                    ]
                  },
                  "variantType": "FnlColorVariant"
                }
              ],
              "baseProduct": "440610177_mustard",
              "brandName": "Kurtas",
              "code": "440610177027",
              "couponStatus": "Coupon Applicable",
              "images": [
                {
                  "altText": "Embroidered Kurta",
                  "format": "product",
                  "imageType": "PRIMARY",
                  "url": "/medias/-288Wx360H-440610177-mustard-MODEL?context=bWFzdGVyfHJvb3R8MjUxNTh8aW1hZ2UvanBlZ3xoODUvaDEzLzg3OTk3MTU3MjEyNDYuanBnfDUzNDkzODE3MTJlYmRmYTlhN2YwOWZmYmFjNGZlN2I4MzYyMTc3ZDQzZmQ5MzRiMTk4NGJjNTg4N2ZjNzY4Y2Q"
                },
                {
                  "altText": "Embroidered Kurta",
                  "format": "mobileProductListingImage",
                  "imageType": "PRIMARY",
                  "url": "/medias/-288Wx360H-440610177-mustard-MODEL?context=bWFzdGVyfHJvb3R8MjUxNTh8aW1hZ2UvanBlZ3xoODUvaDEzLzg3OTk3MTU3MjEyNDYuanBnfDUzNDkzODE3MTJlYmRmYTlhN2YwOWZmYmFjNGZlN2I4MzYyMTc3ZDQzZmQ5MzRiMTk4NGJjNTg4N2ZjNzY4Y2Q"
                },
                {
                  "altText": "Embroidered Kurta",
                  "format": "cartIcon",
                  "imageType": "PRIMARY",
                  "url": "/medias/-78Wx98H-440610177-mustard-MODEL?context=bWFzdGVyfHJvb3R8NDU1NHxpbWFnZS9qcGVnfGgxNS9oZmEvODc5OTcxNTA2NTg4Ni5qcGd8N2U2NzFlZDIwYTYzNDNjZmFhYTIxNzRmN2Q3YTYwMDM0YjMxMzcwZDJkMzg1M2MzOGJjZWY3MjU5OGJjOGI5Yw"
                },
                {
                  "altText": "Embroidered Kurta",
                  "format": "thumbnail",
                  "imageType": "PRIMARY",
                  "url": "/medias/-78Wx98H-440610177-mustard-MODEL?context=bWFzdGVyfHJvb3R8NDU1NHxpbWFnZS9qcGVnfGgxNS9oZmEvODc5OTcxNTA2NTg4Ni5qcGd8N2U2NzFlZDIwYTYzNDNjZmFhYTIxNzRmN2Q3YTYwMDM0YjMxMzcwZDJkMzg1M2MzOGJjZWY3MjU5OGJjOGI5Yw"
                }
              ],
              "name": "Embroidered Kurta",
              "price": {
                "currencyIso": "INR",
                "displayformattedValue": "Rs.599",
                "formattedValue": "Rs.599.00",
                "priceType": "BUY",
                "value": 599
              },
              "purchasable": true,
              "url": "/siyahi-embroidered-kurta/p/440610177027",
              "wasPriceData": {
                "currencyIso": "INR",
                "displayformattedValue": "Rs.599",
                "formattedValue": "Rs.599.00",
                "priceType": "BUY",
                "value": 599
              }
            },
            "quantity": 10,
            "totalPrice": {
              "currencyIso": "INR",
              "displayformattedValue": "Rs.4,500",
              "formattedValue": "Rs.4,500.00",
              "priceType": "BUY",
              "value": 4500
            }
          }
        }
      ]
    },{
      "deliveryAddress": {
        "defaultAddress": false,
        "district": "Bangalore",
        "firstName": "sdfsdf",
        "landmark": "sff",
        "lastName": "sgsdf",
        "line1": "fsdgs",
        "line2": "",
        "phone": "8727482374",
        "postalCode": "560078",
        "shippingAddress": false,
        "state": "Karnataka",
        "town": "wewe",
        "visibleInAddressBook": false
      },
      "returnOrderCode": "FL00188003",
      "returnConsignmentCode": "TEST-FL00188003",
      "returnRequestCode": "RT00008000",
      "selfShipReturn": false,
      "isReturnonHold": false,
      "refundInitiateDate": "2020-03-25T14:56:35.118+05:30",
      "returnPickupDate": "2020-03-17T14:56:35.118+05:30",
      "returnVerificationDate": "2020-03-17T14:56:35.118+05:30",
      "returnRefundType": "Store Credit",
      "refundAtDoorstepMessages": [
        {
          "key": "isRefundAtDoorstep",
          "value": "Refund initiated by : 25-03-2020"
        }
      ],
      "returnEntries": [
        {
          "returnedQty": 1,
          "productCode": "440633183010",
          "reason": "Wrong Item Shipped",
          "subReason": "Wrong Color Delivered",
          "returnOrderEntry": {
            "basePrice": {
              "currencyIso": "INR",
              "displayformattedValue": "Rs.450",
              "formattedValue": "Rs.450.00",
              "priceType": "BUY",
              "value": 450
            },
            "entryNumber": 0,
            "entryStatus": "RETURN_INITIATED",
            "entryStatusDisplay": "RETURN INITIATED",
            "isBundleOfferApplicable": false,
            "multiItemPromoAmt": 0,
            "product": {
              "baseOptions": [
                {
                  "selected": {
                    "code": "440633183010",
                    "url": "/slim-fit-trousers-with-belt/p/440633183010",
                    "variantOptionQualifiers": [
                      {
                        "name": "Capsule ID",
                        "qualifier": "capsuleID",
                        "value": ""
                      },
                      {
                        "name": "Color",
                        "qualifier": "color",
                        "value": "OFF WHITE"
                      },
                      {
                        "name": "Color Description",
                        "qualifier": "colordescription",
                        "value": "ColorDescription"
                      },
                      {
                        "name": "Size*",
                        "qualifier": "size",
                        "value": "S"
                      },
                      {
                        "name": "Exclusive Till",
                        "qualifier": "exclusiveTill",
                        "value": ""
                      },
                      {
                        "qualifier": "standardSize",
                        "value": ""
                      }
                    ]
                  },
                  "variantType": "FnlSizeVariant"
                },
                {
                  "selected": {
                    "code": "440633183_blue",
                    "url": "/slim-fit-trousers-with-belt/p/440633183_blue",
                    "variantOptionQualifiers": [
                      {
                        "name": "Capsule ID",
                        "qualifier": "capsuleID",
                        "value": ""
                      },
                      {
                        "name": "Color Description",
                        "qualifier": "colordescription",
                        "value": "ColorDescription"
                      },
                      {
                        "name": "Exclusive Till",
                        "qualifier": "exclusiveTill",
                        "value": ""
                      },
                      {
                        "name": "Color",
                        "qualifier": "color",
                        "value": "BLUE"
                      }
                    ]
                  },
                  "variantType": "FnlColorVariant"
                }
              ],
              "baseProduct": "440633183_blue",
              "code": "440633183010",
              "couponStatus": "Coupon Applicable",
              "images": [
                {
                  "altText": "CHANDERI, OFF WHITE, S",
                  "format": "product",
                  "imageType": "PRIMARY",
                  "url": "/medias/-288Wx360H-440633146-black-MODEL?context=bWFzdGVyfHJvb3R8Mjg1MTd8aW1hZ2UvanBlZ3xoNjcvaGYwLzg4MDIxODg2NTY2NzAuanBnfDQ1NmExODU2MDg2MmMyMjJmMjk1NjVhNzQ0NzU5MjVhYThmNzRjMGNhYzlmMjI5YWY0NjFkYTIxMGM2M2E3YzM"
                },
                {
                  "altText": "CHANDERI, OFF WHITE, S",
                  "format": "mobileProductListingImage",
                  "imageType": "PRIMARY",
                  "url": "/medias/-288Wx360H-440633146-black-MODEL?context=bWFzdGVyfHJvb3R8Mjg1MTd8aW1hZ2UvanBlZ3xoNjcvaGYwLzg4MDIxODg2NTY2NzAuanBnfDQ1NmExODU2MDg2MmMyMjJmMjk1NjVhNzQ0NzU5MjVhYThmNzRjMGNhYzlmMjI5YWY0NjFkYTIxMGM2M2E3YzM"
                },
                {
                  "altText": "CHANDERI, OFF WHITE, S",
                  "format": "cartIcon",
                  "imageType": "PRIMARY",
                  "url": "/medias/-78Wx98H-440633146-black-MODEL?context=bWFzdGVyfHJvb3R8NTI5MHxpbWFnZS9qcGVnfGhjZi9oNzAvODgwMjE4ODAwMTMxMC5qcGd8MmUwOGE5NmI3OGI1NDI5MDA0YzA5OTIxMzNmODZlZmE0ODA3MTFkYTUwODQyOWFmMTJlOTZkYWM0NjQ2MTY2NQ"
                },
                {
                  "altText": "CHANDERI, OFF WHITE, S",
                  "format": "thumbnail",
                  "imageType": "PRIMARY",
                  "url": "/medias/-78Wx98H-440633146-black-MODEL?context=bWFzdGVyfHJvb3R8NTI5MHxpbWFnZS9qcGVnfGhjZi9oNzAvODgwMjE4ODAwMTMxMC5qcGd8MmUwOGE5NmI3OGI1NDI5MDA0YzA5OTIxMzNmODZlZmE0ODA3MTFkYTUwODQyOWFmMTJlOTZkYWM0NjQ2MTY2NQ"
                }
              ],
              "name": "Slim-Fit Trousers with Belt",
              "purchasable": false,
              "url": "/slim-fit-trousers-with-belt/p/440633183010"
            },
            "quantity": 10,
            "totalPrice": {
              "currencyIso": "INR",
              "displayformattedValue": "Rs.4,500",
              "formattedValue": "Rs.4,500.00",
              "priceType": "BUY",
              "value": 4500
            }
          }
        },
        {
          "returnedQty": 1,
          "productCode": "440610177027",
          "reason": "Wrong Item Shipped",
          "subReason": "Others (please give details)",
          "returnOrderEntry": {
            "basePrice": {
              "currencyIso": "INR",
              "displayformattedValue": "Rs.450",
              "formattedValue": "Rs.450.00",
              "priceType": "BUY",
              "value": 450
            },
            "entryNumber": 1,
            "entryStatus": "PARTIALLY_RETURNED",
            "entryStatusDisplay": "PARTIAL RETURN INITIATED",
            "isBundleOfferApplicable": false,
            "product": {
              "baseOptions": [
                {
                  "selected": {
                    "code": "440610177027",
                    "url": "/siyahi-embroidered-kurta/p/440610177027",
                    "variantOptionQualifiers": [
                      {
                        "name": "Capsule ID",
                        "qualifier": "capsuleID",
                        "value": ""
                      },
                      {
                        "name": "Color",
                        "qualifier": "color",
                        "value": "MUSTARD"
                      },
                      {
                        "name": "Color Description",
                        "qualifier": "colordescription",
                        "value": "ColorDescription"
                      },
                      {
                        "name": "Size*",
                        "qualifier": "size",
                        "value": "S"
                      },
                      {
                        "name": "Exclusive Till",
                        "qualifier": "exclusiveTill",
                        "value": ""
                      },
                      {
                        "qualifier": "standardSize",
                        "value": ""
                      }
                    ]
                  },
                  "variantType": "FnlSizeVariant"
                },
                {
                  "selected": {
                    "code": "440610177_mustard",
                    "url": "/siyahi-embroidered-kurta/p/440610177_mustard",
                    "variantOptionQualifiers": [
                      {
                        "name": "Capsule ID",
                        "qualifier": "capsuleID",
                        "value": ""
                      },
                      {
                        "name": "Color Description",
                        "qualifier": "colordescription",
                        "value": "ColorDescription"
                      },
                      {
                        "name": "Exclusive Till",
                        "qualifier": "exclusiveTill",
                        "value": ""
                      },
                      {
                        "name": "Color",
                        "qualifier": "color",
                        "value": "MUSTARD"
                      }
                    ]
                  },
                  "variantType": "FnlColorVariant"
                }
              ],
              "baseProduct": "440610177_mustard",
              "brandName": "Kurtas",
              "code": "440610177027",
              "couponStatus": "Coupon Applicable",
              "images": [
                {
                  "altText": "Embroidered Kurta",
                  "format": "product",
                  "imageType": "PRIMARY",
                  "url": "/medias/-288Wx360H-440610177-mustard-MODEL?context=bWFzdGVyfHJvb3R8MjUxNTh8aW1hZ2UvanBlZ3xoODUvaDEzLzg3OTk3MTU3MjEyNDYuanBnfDUzNDkzODE3MTJlYmRmYTlhN2YwOWZmYmFjNGZlN2I4MzYyMTc3ZDQzZmQ5MzRiMTk4NGJjNTg4N2ZjNzY4Y2Q"
                },
                {
                  "altText": "Embroidered Kurta",
                  "format": "mobileProductListingImage",
                  "imageType": "PRIMARY",
                  "url": "/medias/-288Wx360H-440610177-mustard-MODEL?context=bWFzdGVyfHJvb3R8MjUxNTh8aW1hZ2UvanBlZ3xoODUvaDEzLzg3OTk3MTU3MjEyNDYuanBnfDUzNDkzODE3MTJlYmRmYTlhN2YwOWZmYmFjNGZlN2I4MzYyMTc3ZDQzZmQ5MzRiMTk4NGJjNTg4N2ZjNzY4Y2Q"
                },
                {
                  "altText": "Embroidered Kurta",
                  "format": "cartIcon",
                  "imageType": "PRIMARY",
                  "url": "/medias/-78Wx98H-440610177-mustard-MODEL?context=bWFzdGVyfHJvb3R8NDU1NHxpbWFnZS9qcGVnfGgxNS9oZmEvODc5OTcxNTA2NTg4Ni5qcGd8N2U2NzFlZDIwYTYzNDNjZmFhYTIxNzRmN2Q3YTYwMDM0YjMxMzcwZDJkMzg1M2MzOGJjZWY3MjU5OGJjOGI5Yw"
                },
                {
                  "altText": "Embroidered Kurta",
                  "format": "thumbnail",
                  "imageType": "PRIMARY",
                  "url": "/medias/-78Wx98H-440610177-mustard-MODEL?context=bWFzdGVyfHJvb3R8NDU1NHxpbWFnZS9qcGVnfGgxNS9oZmEvODc5OTcxNTA2NTg4Ni5qcGd8N2U2NzFlZDIwYTYzNDNjZmFhYTIxNzRmN2Q3YTYwMDM0YjMxMzcwZDJkMzg1M2MzOGJjZWY3MjU5OGJjOGI5Yw"
                }
              ],
              "name": "Embroidered Kurta",
              "price": {
                "currencyIso": "INR",
                "displayformattedValue": "Rs.599",
                "formattedValue": "Rs.599.00",
                "priceType": "BUY",
                "value": 599
              },
              "purchasable": true,
              "url": "/siyahi-embroidered-kurta/p/440610177027",
              "wasPriceData": {
                "currencyIso": "INR",
                "displayformattedValue": "Rs.599",
                "formattedValue": "Rs.599.00",
                "priceType": "BUY",
                "value": 599
              }
            },
            "quantity": 10,
            "totalPrice": {
              "currencyIso": "INR",
              "displayformattedValue": "Rs.4,500",
              "formattedValue": "Rs.4,500.00",
              "priceType": "BUY",
              "value": 4500
            }
          }
        }
      ]
    }
  ]
}

