{
    "status": {
        "messageDescription": "Success",
        "statusCode": 0
    },
    "storeNodes": [
        {
            "refundByCash": true,
            "storeAddress": {
                "billingAddress": false,
                "country": {
                    "isocode": "IN",
                    "name": "India"
                },
                "defaultAddress": false,
                "district": "Bangalore",
                "formattedAddress": "ABC, XYZ, Bangalore, 560087",
                "id": "8803007102999",
                "isHomeAddress": false,
                "landmark": "PQR",
                "line1": "ABC",
                "line2": "XYZ",
                "phone": "8888888888",
                "postalCode": "560087",
                "shippingAddress": false,
                "state": "Karnataka",
                "town": "Bangalore",
                "visibleInAddressBook": false
            },
            "storeName": "abc",
            "storeNodeID": "1501"
        },
        {
            "refundByCash": true,
            "storeAddress": {
                "alternateNumber": "",
                "billingAddress": false,
                "country": {
                    "isocode": "IN",
                    "name": "India"
                },
                "defaultAddress": false,
                "district": "Bangalore",
                "formattedAddress": "abcd, mnop, abcd, 560001",
                "id": "8801533788183",
                "isHomeAddress": false,
                "landmark": "lmnop",
                "line1": "abcd",
                "line2": "mnop",
                "phone": "9999999999",
                "postalCode": "560001",
                "shippingAddress": false,
                "state": "Karnataka",
                "town": "abcd",
                "visibleInAddressBook": false
            },
            "storeName": "xyz",
            "storeNodeID": "5601"
        }
    ]
}
