{
  "status" : {
    "errorCode" : "OK",
    "statusCode" : 0,
    "messageDescription" : "sis details fetched successfully"
  },
  "data" : {
    "stores" : [
      {
        "storeId" : "ajio",
        "biggerLogo" : "https:\/\/assets.ajio.com\/medias\/sys_master\/root\/h60\/hcb\/17550176976926\/ajio-logo-sismeta.png",
        "storeTitle" : "AJIO",
        "smallerLogo" : "",
        "displayInChevron" : true,
        "position" : 1,
        "appPopupLogo" : null,
        "bottomNavBarId" : "MobileAppBottomNavBar",
        "textColor" : "#FFFFFF",
        "subdomain" : "https:\/\/www.ajio.com\/",
        "colorTheme" : "#414042",
        "pageType" : "landingpage",
        "storeSubTitle" : "Your Online Aisle Of Style-Ajio",
        "headerIconColor" : "#FFFFFF"
      },
      {
        "storeId" : "luxe",
        "biggerLogo" : "https:\/\/assets.ajio.com\/medias\/sys_master\/root\/h5d\/h9a\/31252511916062\/Luxe-logo.png",
        "storeTitle" : "Mass_Luxe",
        "smallerLogo" : "https:\/\/assets.ajio.com\/medias\/sys_master\/root\/hda\/hf0\/30005123055646\/3ff0e03117905658f1268fe691f22435684bfa28a152ee73ce6eeb4b16bf95e2.png",
        "displayInChevron" : true,
        "position" : 3,
        "appPopupLogo" : "https:\/\/assets.ajio.com\/medias\/sys_master\/root\/h45\/hf4\/27023087206430\/Luxe-3x.png",
        "bottomNavBarId" : "MobileAppLuxeBottomNavBar",
        "textColor" : "#e0e0e0",
        "subdomain" : "luxe.ajio.com",
        "colorTheme" : "#121212",
        "pageType" : "landingpage",
        "storeSubTitle" : "The Most Coveted Luxury Brands - Mass LUXE",
        "headerIconColor" : "#e0e0e0"
      },
      {
        "storeId" : "street",
        "biggerLogo" : "https:\/\/assets.ajio.com\/medias\/sys_master\/root\/hc6\/h29\/12023098966046\/trends-logo.png",
        "storeTitle" : "mass",
        "smallerLogo" : "https:\/\/assets.ajio.com\/medias\/sys_master\/root\/hc6\/h29\/12023098966046\/trends-logo.png",
        "displayInChevron" : true,
        "position" : 2,
        "appPopupLogo" : "https:\/\/assets.ajio.com\/medias\/sys_master\/root\/hc6\/h29\/12023098966046\/trends-logo.png",
        "bottomNavBarId" : "MobileAppLuxeBottomNavBar",
        "textColor" : "#e0e0e0",
        "subdomain" : "mass.ajio.com",
        "colorTheme" : "#121212",
        "pageType" : "landingpage",
        "storeSubTitle" : "The Most Coveted Luxury Brands - Mass",
        "headerIconColor" : "#e0e0e0"
      },
      {
        "storeId" : "street",
        "biggerLogo" : "https:\/\/assets.ajio.com\/medias\/sys_master\/root\/hc6\/h29\/12023098966046\/trends-logo.png",
        "storeTitle" : "TRENDS",
        "smallerLogo" : "https:\/\/assets.ajio.com\/medias\/sys_master\/root\/hc6\/h29\/12023098966046\/trends-logo.png",
        "displayInChevron" : false,
        "position" : 3,
        "appPopupLogo" : null,
        "bottomNavBarId" : "",
        "textColor" : "#FFFFFF",
        "subdomain" : "street.ajio.com",
        "colorTheme" : "#414042",
        "pageType" : "landingpage",
        "storeSubTitle" : "",
        "headerIconColor" : "#FFFFFF"
      },
      {
        "storeId" : "jiopoint",
        "biggerLogo" : "https:\/\/assets.ajio.com\/medias\/sys_master\/root\/h00\/h87\/15091166904350\/jioPoint-Logo.png",
        "storeTitle" : "JIOPOINT",
        "smallerLogo" : "https:\/\/assets.ajio.com\/medias\/sys_master\/root\/h00\/h87\/15091166904350\/jioPoint-Logo.png",
        "displayInChevron" : false,
        "position" : 4,
        "appPopupLogo" : null,
        "bottomNavBarId" : "",
        "textColor" : "#FFFFFF",
        "subdomain" : "jiopoint.ajio.com",
        "colorTheme" : "#000000",
        "pageType" : "landingpage",
        "storeSubTitle" : "",
        "headerIconColor" : "#FFFFFF"
      },
      {
        "storeId" : "muji",
        "biggerLogo" : "https:\/\/assets.ajio.com\/medias\/sys_master\/root\/h2d\/hb7\/28737656750110\/18112020-M-MUJI-Topstrip-Logo.jpg",
        "storeTitle" : "MUJI",
        "smallerLogo" : "https:\/\/assets.ajio.com\/medias\/sys_master\/root\/h6e\/h25\/28737657962526\/18112020-M-MUJI-Topstrip-Logo.jpg",
        "displayInChevron" : false,
        "position" : 5,
        "appPopupLogo" : null,
        "bottomNavBarId" : "",
        "textColor" : "#FFFFFF",
        "subdomain" : "muji.ajio.com",
        "colorTheme" : "#802133",
        "pageType" : "landingpage",
        "storeSubTitle" : "",
        "headerIconColor" : "#FFFFFF"
      },
      {
        "storeId" : "azorte",
        "biggerLogo" : "https:\/\/assets.ajio.com\/medias\/sys_master\/root\/h6f\/ha0\/62413674086430\/Azorte-Logo-Sample-without-bg.png",
        "storeTitle" : "AZORTE",
        "smallerLogo" : "https:\/\/assets.ajio.com\/medias\/sys_master\/root\/h6f\/ha0\/62413674086430\/Azorte-Logo-Sample-without-bg.png",
        "displayInChevron" : false,
        "position" : 6,
        "appPopupLogo" : null,
        "bottomNavBarId" : "",
        "textColor" : "#FFFFFF",
        "subdomain" : "azorte.ajio.com",
        "colorTheme" : "#688889",
        "pageType" : "landingpage",
        "storeSubTitle" : "",
        "headerIconColor" : "#FFFFFF"
      },
      {
        "storeId" : "avantra",
        "biggerLogo" : "https:\/\/assets.ajio.com\/medias\/sys_master\/root\/h5f\/hfc\/62510363901982\/Avantra-Logo-without-bg-untrimmed-center-aligned.png",
        "storeTitle" : "AVANTRA",
        "smallerLogo" : "https:\/\/assets.ajio.com\/medias\/sys_master\/root\/h38\/hb4\/62510364065822\/Avantra-Logo-without-bg-untrimmed-left-aligned.png",
        "displayInChevron" : false,
        "position" : 7,
        "appPopupLogo" : null,
        "bottomNavBarId" : "",
        "textColor" : "#FFFFFF",
        "subdomain" : "avantra.ajio.com",
        "colorTheme" : "#ab5a58",
        "pageType" : "landingpage",
        "storeSubTitle" : "",
        "headerIconColor" : "#FFFFFF"
      },
      {
        "storeId" : "gap",
        "biggerLogo" : "https:\/\/assets.ajio.com\/medias\/sys_master\/root\/he2\/he8\/62510364164126\/GAP-Logo-without-bg-untrimmed-1-.png",
        "storeTitle" : "GAP",
        "smallerLogo" : "https:\/\/assets.ajio.com\/medias\/sys_master\/root\/he2\/he8\/62510364164126\/GAP-Logo-without-bg-untrimmed-1-.png",
        "displayInChevron" : false,
        "position" : 8,
        "appPopupLogo" : null,
        "bottomNavBarId" : "",
        "textColor" : "#FFFFFF",
        "subdomain" : "gap.ajio.com",
        "colorTheme" : "#002554",
        "pageType" : "landingpage",
        "storeSubTitle" : "",
        "headerIconColor" : "#FFFFFF"
      }
    ],
    "tenantId" : "AJIO",
    "headerTitle" : "Select A Store"
  }
}

