{
  "status" : {
    "errorCode" : "OK",
    "statusCode" : 0,
    "messageDescription" : " fetched successfully"
  },
  "data" : {
    "childDetails" : [
      {
        "inactiveImageUrl" : "https:\/\/assets.ajio.com\/cms\/AJIO\/MOBILE\/Home-2.png",
        "url" : "\/shop\/ajio",
        "sequence" : 5,
        "childDetails" : [

        ],
        "activeImageUrl" : "https:\/\/assets.ajio.com\/cms\/AJIO\/MOBILE\/Home-1-1.png",
        "tag" : "",
        "name" : "Home",
        "newFlag" : false
      },
      {
        "inactiveImageUrl" : "https:\/\/assets.ajio.com\/cms\/AJIO\/MOBILE\/Stores-in-1.png",
        "url" : "\/shop\/stores",
        "sequence" : 6,
        "childDetails" : [

        ],
        "activeImageUrl" : "https:\/\/assets.ajio.com\/cms\/AJIO\/MOBILE\/Stores-a-1.png",
        "tag" : "",
        "name" : "Stores",
        "newFlag" : false
      },
      {
        "inactiveImageUrl" : "https:\/\/assets.ajio.com\/cms\/AJIO\/MOBILE\/Account-in-1.png",
        "url" : "\/my-account",
        "sequence" : 7,
        "childDetails" : [
          {
            "inactiveImageUrl" : "",
            "url" : "https:\/\/www.ajio.com\/login?referrer=my-account\/refer-and-earn",
            "sequence" : 0,
            "childDetails" : [

            ],
            "activeImageUrl" : "",
            "tag" : "",
            "name" : "Invite Friends",
            "newFlag" : false
          },
          {
            "inactiveImageUrl" : "",
            "url" : "https:\/\/www.ajio.com\/selfcare",
            "sequence" : 1,
            "childDetails" : [

            ],
            "activeImageUrl" : "",
            "tag" : "",
            "name" : "Customer Care",
            "newFlag" : false
          },
          {
            "inactiveImageUrl" : "",
            "url" : "https:\/\/www.ajio.com\/selfcare",
            "sequence" : 2,
            "childDetails" : [

            ],
            "activeImageUrl" : "",
            "tag" : "",
            "name" : "Track Your Order",
            "newFlag" : false
          },
          {
            "inactiveImageUrl" : "",
            "url" : "https:\/\/www.ajio.com\/selfcare",
            "sequence" : 3,
            "childDetails" : [

            ],
            "activeImageUrl" : "",
            "tag" : "",
            "name" : "How To Return",
            "newFlag" : false
          },
          {
            "inactiveImageUrl" : "",
            "url" : "https:\/\/www.ajio.com\/coupon-faq",
            "sequence" : 4,
            "childDetails" : [

            ],
            "activeImageUrl" : "",
            "tag" : "",
            "name" : "How Do I Redeem My Coupon?",
            "newFlag" : false
          },
          {
            "inactiveImageUrl" : "",
            "url" : "",
            "sequence" : 5,
            "childDetails" : [

            ],
            "activeImageUrl" : "",
            "tag" : "",
            "name" : "Recently Viewed",
            "newFlag" : false
          },
          {
            "inactiveImageUrl" : "",
            "url" : "https:\/\/www.ajio.com\/help\/termsAndCondition",
            "sequence" : 6,
            "childDetails" : [

            ],
            "activeImageUrl" : "",
            "tag" : "",
            "name" : "Terms & Conditions",
            "newFlag" : false
          },
          {
            "inactiveImageUrl" : "",
            "url" : "https:\/\/www.ajio.com\/ajio-own-sale-policy",
            "sequence" : 7,
            "childDetails" : [

            ],
            "activeImageUrl" : "",
            "tag" : "",
            "name" : "Promotions Terms & Conditions",
            "newFlag" : false
          },
          {
            "inactiveImageUrl" : "",
            "url" : "https:\/\/www.ajio.com\/return-refund-policy",
            "sequence" : 8,
            "childDetails" : [

            ],
            "activeImageUrl" : "",
            "tag" : "",
            "name" : "Returns & Refunds policy",
            "newFlag" : false
          },
          {
            "inactiveImageUrl" : "",
            "url" : "https:\/\/www.ajio.com\/privacypolicy",
            "sequence" : 9,
            "childDetails" : [

            ],
            "activeImageUrl" : "",
            "tag" : "",
            "name" : "We Respect Your Privacy",
            "newFlag" : false
          },
          {
            "inactiveImageUrl" : "",
            "url" : "https:\/\/www.ajio.com\/fee-payment-promotion-policy",
            "sequence" : 10,
            "childDetails" : [

            ],
            "activeImageUrl" : "",
            "tag" : "",
            "name" : "Fees & Payments",
            "newFlag" : false
          },
          {
            "inactiveImageUrl" : "",
            "url" : "https:\/\/www.ajio.com\/help\/whoweare",
            "sequence" : 11,
            "childDetails" : [

            ],
            "activeImageUrl" : "",
            "tag" : "",
            "name" : "Who We Are",
            "newFlag" : false
          },
          {
            "inactiveImageUrl" : "",
            "url" : "https:\/\/www.ajio.com\/ajio-careers",
            "sequence" : 12,
            "childDetails" : [

            ],
            "activeImageUrl" : "",
            "tag" : "",
            "name" : "Join Our Team",
            "newFlag" : false
          }
        ],
        "activeImageUrl" : "https:\/\/assets.ajio.com\/cms\/AJIO\/MOBILE\/Account-inac-1.png",
        "tag" : "",
        "name" : "Account",
        "newFlag" : false
      },
      {
        "inactiveImageUrl" : "https:\/\/assets.ajio.com\/cms\/AJIO\/MOBILE\/LuxeUnSelectedWishlist-in-1.png",
        "url" : "\/wishlist",
        "sequence" : 8,
        "childDetails" : [

        ],
        "activeImageUrl" : "https:\/\/assets.ajio.com\/cms\/AJIO\/MOBILE\/LuxeSelectedWishlist-a-1.png",
        "tag" : "",
        "name" : "Wishlist",
        "newFlag" : false
      },
      {
        "inactiveImageUrl" : "https:\/\/assets.ajio.com\/cms\/AJIO\/MOBILE\/Bag-in-1.png",
        "url" : "\/cart",
        "sequence" : 9,
        "childDetails" : [

        ],
        "activeImageUrl" : "https:\/\/assets.ajio.com\/cms\/AJIO\/MOBILE\/Bag-a-1.png",
        "tag" : "",
        "name" : "Bag",
        "newFlag" : false
      }
    ]
  }
}
