{
  "status" : {
    "errorCode" : "OK",
    "statusCode" : 0,
    "messageDescription" : " fetched successfully"
  },
  "data" : {
    "childDetails" : [
      {
        "inactiveImageUrl" : "https:\/\/assets.ajio.com\/cms\/LUXE\/MOBILE\/LuxeSelectedHome-Copy.png",
        "url" : "\/home",
        "sequence" : 0,
        "childDetails" : [

        ],
        "activeImageUrl" : "https:\/\/assets.ajio.com\/cms\/LUXE\/MOBILE\/LuxeSelectedHome-Copy1.png",
        "tag" : "",
        "name" : "Home",
        "newFlag" : false
      },
      {
        "inactiveImageUrl" : "https:\/\/assets.ajio.com\/cms\/LUXE\/MOBILE\/LuxeSelectedAccount-Copy21.png",
        "url" : "\/my-account",
        "sequence" : 2,
        "childDetails" : [

        ],
        "activeImageUrl" : "https:\/\/assets.ajio.com\/cms\/LUXE\/MOBILE\/LuxeSelectedAccount-Copy2.png",
        "tag" : "",
        "name" : "Account",
        "newFlag" : false
      },
      {
        "inactiveImageUrl" : "https:\/\/assets.ajio.com\/cms\/LUXE\/MOBILE\/bag_selected1.png",
        "url" : "\/cart",
        "sequence" : 3,
        "childDetails" : [

        ],
        "activeImageUrl" : "https:\/\/assets.ajio.com\/cms\/LUXE\/MOBILE\/LuxeUnSelectedBag_.png",
        "tag" : "",
        "name" : "Bag",
        "newFlag" : false
      },
      {
        "inactiveImageUrl" : "https:\/\/assets.ajio.com\/cms\/LUXE\/MOBILE\/luxe_wishlist_selected2.png",
        "url" : "\/wishlist",
        "sequence" : 4,
        "childDetails" : [

        ],
        "activeImageUrl" : "https:\/\/assets.ajio.com\/cms\/LUXE\/MOBILE\/luxe_wishlist_selected.png",
        "tag" : "",
        "name" : "Wishlist",
        "newFlag" : false
      }
    ]
  }
}
